index	stable_segment_key	source_path	source_text_hash	text_layer	chunk_type	length_bucket	selection_group	selection_bucket	pitaka	nikaya	status	schema_valid	parse_failed	source_text	literal_ko	natural_ko	terms	grammar_notes	doctrinal_notes	uncertainties	quality_flags
1	vri:romn:s0403t.tik:b8d8b0c2146c	romn/s0403t.tik.xml	c68bca5ccb393b0816f90d13bc4a63b20a7c95aef9ecf48f10aa309c4c6a4838	tika	prose	long	hard	tika_long	sutta	Aṅguttaranikāye	succeeded	True	False	Tassāti dussīlassa. Samādāya vattitaṭṭhānanti uṭṭhāya samuṭṭhāya katakāraṇaṃ. Āpāthaṃ āgacchatīti taṃ manaso upaṭṭhāti. Ummīletvā idhalokanti ummīlanakāle attano puttadārādivasena idhalokaṃ passati. Nimīletvā paralokanti nimīlanakāle gatinimittupaṭṭhānavasena paralokaṃ passati. Tenāha ‘‘cattāro apāyā’’tiādi. Pañcamapadanti ‘‘kāyassa bhedā’’tiādinā vutto pañcamo ādīnavakoṭṭhāso. Vuttavipariyāyenāti vuttatthāya ādīnavakathāya vipariyāyena ‘‘appamatto taṃ taṃ kasivaṇijjādiṃ yathākālaṃ sampādetuṃ sakkotī’’tiādinā. Pāsaṃsaṃ sīlamassa atthīti sīlavā. Sīlasampannoti sīlena samannāgato sampannasīloti evamādikaṃ pana atthavacanaṃ sukaranti anāmaṭṭhaṃ. Catutthādīni uttānatthāneva.	'그의(tassa)'라는 것은 계를 어긴 자의 [것이다]. '지니고서 실천한 상태(samādāya vattitaṭṭhānaṃ)'라는 것은 일어나고 함께 일어나서 행한 원인이다. '영역에 온다(āpāthaṃ āgacchati)'는 것은 그것이 마음에 확립되는 것이다. '눈을 뜨고서 이 세상(ummīletvā idhalokaṃ)'이라는 것은 눈을 뜰 때 자신의 처자식 등의 권원으로 이 세상을 보는 것이다. '눈을 감고서 저 세상(nimīletvā paralokaṃ)'이라는 것은 눈을 감을 때 갈 곳의 표상이 확립되는 권원으로 저 세상을 보는 것이다. 그러므로 '네 가지 악처' 등이라고 말했다. '다섯 번째 항목(pañcamapadaṃ)'이라는 것은 '몸이 무너져' 등으로 설해진 다섯 번째 재난의 부분이다. '설해진 것의 반대로(vuttavipariyāyena)'라는 것은 설해진 의미인 재난에 대한 이야기의 반대로 '방일하지 않은 자는 그 농사나 장사 등을 제때에 성취할 수 있다' 등으로써이다. 칭찬받을 만한 계가 그에게 있다고 해서 계를 지닌 자(sīlavā)이다. '계를 구족한 자(sīlasampanno)'라는 것은 계를 갖춘 자, 구족한 계를 가진 자라는 이런 등의 의미에 대한 말은 쉽기 때문에 다루지 않았다. 네 번째 등은 의미가 분명할 뿐이다.	'그의(tassa)'라는 단어는 계를 어긴 자를 가리킨다. '지니고서 실천한 상태(samādāya vattitaṭṭhānaṃ)'라는 것은 분발하고 노력하여 행한 원인을 뜻한다. '영역에 온다(āpāthaṃ āgacchati)'는 것은 그것이 마음에 나타나는 것이다. '눈을 뜨고서 이 세상(ummīletvā idhalokaṃ)'이라는 것은 눈을 뜰 때 자신의 처자식 등을 통해 이 세상을 보는 것이다. '눈을 감고서 저 세상(nimīletvā paralokaṃ)'이라는 것은 눈을 감을 때 다음 생에 갈 곳의 표상(gatinimitta)이 나타나는 것을 통해 저 세상을 보는 것이다. 그러므로 '네 가지 악처' 등이라고 말했다. '다섯 번째 항목(pañcamapadaṃ)'이라는 것은 '몸이 무너져' 등으로 설해진 다섯 번째 재난의 부분이다. '설해진 것의 반대로(vuttavipariyāyena)'라는 것은 앞서 설해진 재난에 대한 이야기의 반대로 '방일하지 않은 자는 농사나 장사 등을 제때에 성취할 수 있다'라고 하는 것 등이다. 칭찬받을 만한 계가 그에게 있다고 해서 계를 지닌 자(sīlavā)라고 한다. '계를 구족한 자(sīlasampanno)'라는 것은 계를 갖춘 자, 구족한 계를 가진 자라는 뜻인데, 이와 같은 의미 설명은 쉽기 때문에 더 이상 다루지 않았다. 네 번째 경 등은 그 의미가 분명할 뿐이다.	gloss: sign of destiny; ko: 갈 곳의 표상; note: 임종 시 다음 생의 태어날 곳을 암시하는 표상.; pali: gatinimitta | gloss: danger; ko: 재난; note: 결점, 위험, 재난을 의미하는 교리 용어.; pali: ādīnava | gloss: untouched; ko: 다루지 않음; note: 주석서에서 의미가 명확하여 굳이 설명하지 않고 넘어감을 뜻함.; pali: anāmaṭṭha	Tassāti dussīlassa는 주석서 특유의 단어 풀이 구문으로, 원문의 'tassa'가 'dussīlassa'를 지칭함을 나타낸다. | vasena는 '~의 권원으로', '~에 의해서'라는 뜻으로 주석서에서 수단이나 방편을 나타낼 때 자주 쓰인다.	갈 곳의 표상(gatinimitta)은 임종 시에 다음 생에 태어날 곳을 암시하는 대상이 마음에 나타나는 현상을 말한다.	uṭṭhāya samuṭṭhāya는 직역하면 '일어나고 함께 일어나서'이나, 문맥상 '분발하고 노력하여'라는 행위의 적극성을 강조하는 표현으로 해석하였다.	
2	vri:romn:s0402t.tik:48d47702d5bf	romn/s0402t.tik.xml	75aef99409b0b9ce28dcacbea6c2c9602791d9fa3997ac484a75e1893a7aaf2d	tika	prose	long	hard	tika_long	sutta	Aṅguttaranikāye	succeeded	True	False	Ettha ca pasādaggahaṇena lokiyasaraṇagamanamāha. Tañhi pasādappadhānaṃ. Garutāgahaṇena lokuttaraṃ. Ariyā hi ratanattayaguṇābhiññatāya pāsāṇacchattaṃ piya garuṃ katvā passanti, tasmā tappasādena vikkhambhanavasena vihatakileso, taggarutāya samucchedavasenāti yojetabbaṃ agāravakaraṇahetūnaṃ samucchindanato. Tapparāyaṇatā panettha taggatikatāti tāya catubbidhampi vakkhamānaṃ saraṇagamanaṃ gahitanti daṭṭhabbaṃ. Avisesena vā pasādagarutā jotitāti pasādaggahaṇena aveccappasādassa itarassa ca gahaṇaṃ, tathā garutāgahaṇenāti ubhayenapi ubhayaṃ saraṇagamanaṃ yojetabbaṃ.	그리고 여기서 '청신(pasāda)'을 취함으로 세간적인 귀의를 말했다. 왜냐하면 그것은 청신이 주가 되기 때문이다. '존중(garutā)'을 취함으로 출세간적인 [귀의를 말했다]. 왜냐하면 성자들은 삼보의 공덕을 최상으로 알기 때문에 돌로 된 우산처럼 무겁게 하여 보기 때문이다. 그러므로 그 청신으로 억압하는 방식으로 번뇌가 파괴된 자, 그 존중으로 근절하는 방식으로라고 연결해야 한다, 불경을 만드는 원인들을 근절하기 때문이다. 그러나 여기서 '그것을 피난처로 삼음'은 '그것을 목적지로 삼음'이므로, 그것으로 네 가지의 설해질 귀의가 취해졌다고 보아야 한다. 또는 차별 없이 청신과 존중이 밝혀졌으므로, 청신을 취함으로 흔들림 없는 청신과 다른 것의 취함, 그와 같이 존중을 취함으로라고 둘 다로 두 가지 귀의를 연결해야 한다.	그리고 여기서 '청신(pasāda)'을 언급한 것으로 세간적인 귀의를 설했다. 왜냐하면 그것은 청신이 주가 되기 때문이다. '존중(garutā)'을 언급한 것으로 출세간적인 귀의를 설했다. 왜냐하면 성자들은 삼보의 공덕을 최상으로 알기 때문에 돌로 된 우산처럼 무겁게 여기기 때문이다. 그러므로 그 청신으로 억압하는 방식으로 번뇌가 파괴된 자, 그 존중으로 근절하는 방식으로 번뇌가 파괴된 자라고 연결해야 한다. 불경을 만드는 원인들을 근절하기 때문이다. 그러나 여기서 '그것을 피난처로 삼음'은 '그것을 목적지로 삼음'이므로, 그것으로 앞으로 설해질 네 가지 귀의가 모두 취해졌다고 보아야 한다. 또는 차별 없이 청신과 존중이 밝혀졌으므로, 청신을 언급함으로 흔들림 없는 청신과 그 밖의 청신을 취하고, 그와 같이 존중을 언급함으로도 둘 다 취하여 두 가지 귀의를 연결해야 한다.	gloss: clear confidence; ko: 청신; note: 맑은 믿음을 의미하는 교리 용어.; pali: pasāda | gloss: going for refuge; ko: 귀의; note: 삼보에 의지함을 의미함.; pali: saraṇagamana | gloss: heaviness, respect; ko: 존중; note: 무겁게 여김, 즉 존중함을 의미함.; pali: garutā | gloss: suppression; ko: 억압; note: 번뇌를 일시적으로 누르는 세간적 방식을 가리킴.; pali: vikkhambhana | gloss: eradication; ko: 근절; note: 번뇌를 완전히 뿌리 뽑는 출세간적 방식을 가리킴.; pali: samuccheda	ratanattayaguṇābhiññatāya는 '삼보의 공덕을 최상으로 알기 때문에'라는 의미의 원인/이유를 나타내는 탈격 또는 여격으로 쓰였다. | pāsāṇacchattaṃ piya garuṃ katvā passanti는 '돌로 된 우산처럼 무겁게(존중하게) 여긴다'는 비유적 표현이다.	vikkhambhana(억압)는 세간적인 선정 수행을 통한 번뇌의 일시적 제압을, samuccheda(근절)는 출세간적인 도과를 통한 번뇌의 완전한 소멸을 의미한다. | aveccappasāda(흔들림 없는 청신)는 예류과 이상의 성자가 불·법·승 삼보와 계율에 대해 가지는 절대적인 믿음(불괴정)을 가리킨다.	abhiññatāya의 정확한 형태소 분석이 다소 불확실하나, 문맥상 '최상으로 알기 때문에'라는 이유로 해석하였다.	
3	vri:romn:abh02t.tik:38d55f5aef7a	romn/abh02t.tik.xml	79127ca289de3077671a46143af76aab22ff77060a02e10fbdd4d79533b03d68	tika	prose	long	hard	tika_long	abhidhamma	Abhidhammapiṭake	succeeded	True	False	Assādassāti taṇhāya. ‘‘Niccaṃ attā’’ti abhinivesavatthutāya diṭṭhiyā visesakāraṇānaṃ cittadhammānaṃ taṇhāyapi vatthubhāvato visesaggahaṇaṃ, tathā kāyavedanānaṃ diṭṭhiyāpi vatthubhāvasambhavato ‘‘visesenā’’ti vuttaṃ. Sarāgavītarāgādivibhāgadvayavaseneva cittānupassanāya vuttattā taṃ ‘‘nātipabhedagata’’nti vuttaṃ. Dhammāti idha saññāsaṅkhārakkhandhā adhippetā, saṅkhārakkhandho ca phassādivasena anekabhedoti dhammānupassanā ‘‘atipabhedagatā’’ti vuttā. Sarāgādivibhāgavasena soḷasabhedattā vā cittānupassanā nātipabhedagatā vuttā, sutte āgatanayena nīvaraṇādivasena anekabhedattā dhammānupassanā atipabhedagatā vuttā. ‘‘Visuddhimaggoti vuttānī’’ti ānetvā yojetabbaṃ. Tā anupassanā etesanti tadanupassanā, cittadhammānupassino puggalā, tesaṃ.	"'달콤함의(assādassa)'라는 것은 갈애의(taṇhāya) [것이다]. ""항상하다, 자아다""라는 집착의 토대인 견해의 특별한 원인들인 마음과 법(cittadhamma)들이 갈애의 토대가 되기도 하기 때문에 특별한 파악이며, 그와 같이 몸과 느낌들이 견해의 토대가 되는 것도 발생하기 때문에 ""특별하게(visesena)""라고 설해졌다. 탐욕이 있는 것과 탐욕을 여읜 것 등의 두 가지 구분만으로 마음관찰(cittānupassanā)에 대해 설해졌기 때문에 그것을 ""너무 세분되지 않은 것(nātipabhedagata)""이라고 설했다. '법들(dhammā)'이라는 것은 여기서 인식 무더기(saññākkhandha)와 심리현상 무더기(saṅkhārakkhandha)가 의도된 것이고, 심리현상 무더기는 감각접촉 등의 작용으로 여러 가지 구분이 있기 때문에 법관찰(dhammānupassanā)은 ""매우 세분된 것(atipabhedagatā)""이라고 설해졌다. 혹은 탐욕이 있는 것 등의 구분에 의해 16가지 구분이 있기 때문에 마음관찰은 너무 세분되지 않은 것이라고 설해졌고, 경에 전해오는 방식에 따라 덮개(nīvaraṇa) 등의 작용으로 여러 가지 구분이 있기 때문에 법관찰은 매우 세분된 것이라고 설해졌다. ""'청정도(visuddhimagga)라고 설해진 것들'이라고 가져와서 연결해야 한다."" '그 관찰들이 이들의 것이다'라고 하여 그 관찰들(tadanupassanā)이니, 마음과 법을 관찰하는 개인들, 그들의 [것이다]."	"'달콤함의(assādassa)'라는 것은 갈애를 뜻한다. ""항상하다, 자아다""라고 집착하는 토대인 견해의 특별한 원인이 되는 마음과 법(cittadhamma)들이 갈애의 토대가 되기도 하므로 특별하게 파악한 것이며, 마찬가지로 몸과 느낌들이 견해의 토대가 되기도 하므로 ""특별하게(visesena)""라고 설해진 것이다. 탐욕이 있는 마음과 탐욕을 여읜 마음 등 두 가지 구분만으로 마음관찰(cittānupassanā)을 설했기 때문에, 그것을 두고 ""너무 세분되지 않은 것(nātipabhedagata)""이라고 설했다. 여기서 '법들(dhammā)'이란 인식 무더기(상온)와 심리현상 무더기(행온)를 뜻한다. 그리고 심리현상 무더기는 감각접촉 등을 비롯하여 여러 가지로 구분되기 때문에, 법관찰(dhammānupassanā)을 두고 ""매우 세분된 것(atipabhedagatā)""이라고 설했다. 혹은 탐욕이 있는 마음 등의 구분에 따라 16가지로만 나뉘기 때문에 마음관찰은 너무 세분되지 않은 것이라고 설했고, 경에 전해오는 방식에 따라 다섯 가지 덮개(nīvaraṇa) 등을 비롯하여 여러 가지로 나뉘기 때문에 법관찰은 매우 세분된 것이라고 설했다. ""'청정도(visuddhimagga)라고 설해진 것들'이라는 구절을 가져와서 연결하여 이해해야 한다."" '그 관찰들이 이들의 것이다'라고 하여 그 관찰들(tadanupassanā)이라고 한 것이니, 곧 마음과 법을 관찰하는 사람들의 [관찰을 뜻한다]."	gloss: contemplation of mind; ko: 마음관찰; note: 사념처 중 세 번째인 심념처를 가리킨다.; pali: cittānupassanā | gloss: contemplation of mind-objects; ko: 법관찰; note: 사념처 중 네 번째인 법념처를 가리킨다.; pali: dhammānupassanā | gloss: aggregates of perception and mental formations; ko: 인식 무더기와 심리현상 무더기; note: 오온 중 상온과 행온을 합쳐서 부르는 복합어이다.; pali: saññāsaṅkhārakkhandhā | gloss: hindrance; ko: 덮개; note: 수행을 방해하는 다섯 가지 장애(오개)를 뜻한다.; pali: nīvaraṇa | gloss: adherence; ko: 집착; note: 잘못된 견해나 자아에 대한 강한 고집과 집착을 의미한다.; pali: abhinivesa	"""Tā anupassanā etesanti tadanupassanā""는 복합어 tadanupassanā(그 관찰들)가 어떻게 형성되었는지 보여주는 주석서 특유의 어원적/문법적 분해(viggaha)이다. | ""Assādassāti taṇhāya""는 속격(-assa, -āya)을 사용하여 앞의 단어가 뒤의 단어(갈애)를 의미함을 나타내는 동격 구조이다."	사념처 중 마음관찰(cittānupassanā)은 16가지로 분류되어 상대적으로 덜 세분된 반면, 법관찰(dhammānupassanā)은 오온, 오개, 칠각지 등 매우 다양하게 세분된다는 점을 설명하고 있다. | 여기서 '법(dhamma)'은 오온 중에서 느낌(수온)과 알음알이(식온)를 제외한 인식 무더기(상온)와 심리현상 무더기(행온)로 한정하여 설명하고 있다.		
4	vri:romn:s0305t.tik:06cc4695c02b	romn/s0305t.tik.xml	fd44a857f5d4dd0f0b87065a91b62b87bd7d7b1e691640c982f0807474a6ac43	tika	prose	long	hard	tika_long	sutta	Saṃyuttanikāye	succeeded	True	False	Sammākammanto pūratīti imehi sammādiṭṭhiādīhi sammākammantakiccaṃ pūrati nāma tehi vīriyādikehi tadatthasiddhito. Tampi sandhāya ‘‘ekaṃ kiccantaraṃ dassetu’’nti vuttaṃ. Imaṃ kiccantaraṃ dassetunti lokuttaramaggakkhaṇepi imāneva pañca sammāvācādiviratittayassa ekakkhaṇe kārāpakaṅgānīti dassetuṃ. Evaṃ vuttanti ‘‘tasmiṃ samaye pañcaṅgiko maggo hotī’’ti (vibha. 494) evaṃ vuttaṃ. Lokiyamaggakkhaṇe pañceva honti, virati pana aniyatā, tasmā ‘‘chaaṅgiko’’ti avatvā ‘‘pañcaṅgiko’’icceva vuttaṃ. Tayidaṃ abhidhamme pañcaṅgikavāradesanāya kāraṇakittanamaggo, ariyamaggo pana aṭṭhaṅgikovāti dassetuṃ, ‘‘yā ca, bhikkhave’’tiādimāha, taṃ suviññeyyameva. Micchādiṭṭhiādikā dasa, tappaccayā akusalā ca dasāti vīsati akusalapakkhiyā, sammādiṭṭhiādikā dasa, tappaccayā kusalā ca dasāti vīsati kusalapakkhiyā mahācattārīsakasutte vuttā. Mahācattārīsakanti tassetaṃ nāmaṃ. Missakova kathito lokuttarassapi idha labbhamānattā.	"'바른 행위가 채워진다'라는 것은, 이 바른 견해 등을 통해 바른 행위의 기능이 채워진다는 이름이니, 그 정진 등을 통해 그 목적이 성취되기 때문이다. 그것을 가리켜 '하나의 다른 기능을 보여주기 위해서'라고 설해졌다. '이 다른 기능을 보여주기 위해서'라는 것은, 출세간의 도의 찰나에도 이 다섯 가지가 바른 말 등 세 가지 절제를 한 찰나에 짓게 하는 요소들임을 보여주기 위해서이다. '이와 같이 설해졌다'라는 것은, ""'그때에 다섯 가지 요소를 가진 도가 있다'(Vibha. 494)""라고 이와 같이 설해진 것이다. 세간의 도의 찰나에는 단지 다섯 가지만 있고, 절제는 결정되지 않았으므로, '여섯 가지 요소를 가진'이라고 말하지 않고 '다섯 가지 요소를 가진'이라고만 설해졌다. 이것이 아비담마에서 다섯 가지 요소의 부분 가르침에 대한 이유를 설명하는 방식이다. 그러나 성스러운 도는 참으로 여덟 가지 요소를 가졌음을 보여주기 위해 ""비구들이여, 그리고 어떤"" 등을 설하셨으니, 그것은 쉽게 이해될 수 있다. 그릇된 견해 등 열 가지와 그것을 조건으로 하는 해로운 것 열 가지를 합해 스무 가지 해로운 편과, 바른 견해 등 열 가지와 그것을 조건으로 하는 유익한 것 열 가지를 합해 스무 가지 유익한 편이 마하잣따리사까 경(Mahācattārīsakasutta)에 설해졌다. '마하잣따리사까'는 그것의 이름이다. 출세간도 여기에서 얻어지기 때문에 섞인 것으로 설해졌다."	"'바른 행위가 채워진다'라는 것은 바른 견해를 비롯한 요소들을 통해 바른 행위의 기능이 채워진다는 뜻이니, 정진을 비롯한 요소들을 통해 그 목적이 성취되기 때문이다. 그것을 가리켜 '하나의 다른 기능을 보여주기 위해서'라고 설해졌다. '이 다른 기능을 보여주기 위해서'라는 것은, 출세간의 도(道)의 찰나에도 이 다섯 가지가 바른 말을 비롯한 세 가지 절제[virati]를 한 찰나에 짓게 하는 요소들임을 보여주기 위해서이다. '이와 같이 설해졌다'라는 것은 ""'그때에 다섯 가지 요소를 가진 도가 있다'(Vibha. 494)""라고 설해진 것을 뜻한다. 세간의 도의 찰나에는 단지 다섯 가지만 있고 절제는 결정되지 않았으므로, '여섯 가지 요소를 가진'이라고 말하지 않고 '다섯 가지 요소를 가진'이라고만 설해졌다. 이것이 아비담마에서 다섯 가지 요소의 부분 가르침에 대한 이유를 설명하는 방식이다. 그러나 성스러운 도는 참으로 여덟 가지 요소를 가졌음을 보여주기 위해 ""비구들이여, 그리고 어떤"" 등을 설하셨으니, 그것은 쉽게 이해할 수 있다. 그릇된 견해 등 열 가지와 그것을 조건으로 하는 해로운 것 열 가지를 합해 스무 가지 해로운 편과, 바른 견해 등 열 가지와 그것을 조건으로 하는 유익한 것 열 가지를 합해 스무 가지 유익한 편이 마하잣따리사까 경(Mahācattārīsakasutta, 큰 마흔의 경)에 설해졌다. '마하잣따리사까'는 그 경의 이름이다. 출세간도 여기에서 얻어지기 때문에 섞인 것으로 설해졌다."	gloss: right action; ko: 바른 행위; note: 팔정도 중 하나로, 신체적인 악행을 삼가는 것을 의미한다.; pali: sammākammanta | gloss: supramundane path; ko: 출세간의 도; note: 열반을 향하는 성스러운 도를 가리킨다.; pali: lokuttaramagga | gloss: abstinence; ko: 절제; note: 바른 말, 바른 행위, 바른 생계의 세 가지 도의 요소를 묶어서 부르는 용어이다.; pali: virati | gloss: Mahācattārīsaka Sutta; ko: 마하잣따리사까 경; note: 맛지마 니까야의 117번 경전으로, 팔정도의 바른 견해를 중심으로 마흔 가지 법을 설한다.; pali: Mahācattārīsakasutta | gloss: Abhidhamma; ko: 아비담마; note: 불교 교학을 체계적으로 분석한 논장을 가리킨다.; pali: abhidhamma	sammākammanto pūratīti는 인용구(iti)로 묶여 주석의 대상이 되는 구절을 나타낸다. | kārāpakaṅgānīti는 kārāpaka(짓게 하는) + aṅgāni(요소들) + iti(라고)의 연음이다.	세 가지 절제(viratittaya)는 바른 말(sammāvācā), 바른 행위(sammākammanta), 바른 생계(sammā-ājīva)를 가리킨다. | 세간의 도의 찰나에는 절제(virati)가 항상 함께하지 않기 때문에 도의 요소가 5가지로 설명되며, 출세간의 도에서는 8정도가 온전히 갖춰짐을 설명하고 있다.	kāraṇakittanamaggo를 '이유를 설명하는 방식(도)'으로 번역하였으나, 문맥상 '이유를 밝히는 서술 방식'으로도 해석될 수 있다.	
5	vri:romn:s0201t.tik:1b5b6749bb28	romn/s0201t.tik.xml	ad92bd7d6d8e4b414946922368c416029d8a8d323c82d3d33a796dc424e3904c	tika	prose	long	hard	tika_long	sutta	Majjhimanikāye	succeeded	True	False	Samudāyo appakena ūnopi anūno viya hotīti bākulattheraṃ catuttharāsito bahi katvāpi ‘‘asītimahātherā viyā’’ti vuttaṃ. Asītimahātherasamaññā vā avayavepi aṭṭhasamāpattisāmaññā viya daṭṭhabbā. Īdise ṭhāne bahūnaṃ ekato kathanaṃ mahatā kaṇṭhena ca kathanaṃ satthu cittārādhanamevāti tehi bhikkhūhi tathā paṭipannanti dassento ‘‘te bhikkhū meghasaddaṃ sutvā’’tiādimāha. Guṇasambhāvanāyāti vakkhamānaguṇahetukāya sambhāvanāya sambhāvito, na yena kenaci kiccasamatthatādinā.	"""집합은 적은 것으로 부족하더라도 부족하지 않은 것과 같다""라고 해서 바꿀라 장로를 네 번째 무리에서 밖으로 빼고서라도 ""80대장로들처럼""이라고 말해졌다. 또는 80대장로라는 명칭은 부분에 대해서도 8등지라는 명칭처럼 보아야 한다. 이러한 경우에 많은 이들이 일제히 말하는 것과 큰 목소리로 말하는 것은 스승의 마음을 기쁘게 하는 것일 뿐이라고 그 비구들에 의해 그와 같이 실천되었다고 보여주면서 ""그 비구들은 구름 소리를 듣고""라는 등을 말했다. '덕의 존중으로'라는 것은 설해질 덕을 원인으로 하는 존중으로 존중받았다는 것이지, 어떤 일에 대한 유능함 등으로 (존중받은 것이) 아니다."	"""집합은 적은 수가 부족하더라도 부족하지 않은 것과 같다""라고 하여, 바꿀라 장로를 네 번째 무리에서 제외하고서라도 ""80대장로들처럼""이라고 말한 것이다. 또는 80대장로라는 명칭은 부분에 대해서도 8등지(여덟 가지 삼매)라는 명칭을 쓰는 것처럼 보아야 한다. 이러한 경우에 많은 이들이 일제히 말하는 것과 큰 목소리로 말하는 것은 스승의 마음을 기쁘게 하는 것일 뿐이라고 그 비구들이 그와 같이 실천했다는 것을 보여주면서 ""그 비구들은 구름 소리를 듣고""라는 등을 말했다. '덕의 존중으로'라는 것은 앞으로 설해질 덕을 원인으로 하는 존중으로 존중받았다는 것이지, 어떤 일에 대한 유능함 등으로 존중받은 것이 아니다."	gloss: eighty great elders; ko: 80대장로; note: 부처님의 주요 제자 80명을 가리키는 명칭이다.; pali: asītimahātherā | gloss: eight attainments; ko: 8등지; note: 네 가지 색계 선정과 네 가지 무색계 선정을 합친 여덟 가지 삼매를 가리킨다.; pali: aṭṭhasamāpatti | gloss: esteem, honoring; ko: 존중; note: 문맥상 덕에 대한 존중과 공경의 의미로 쓰였다.; pali: sambhāvanā	Samudāyo appakena ūnopi anūno viya hoti: '집합은 적은 것으로 부족하더라도 부족하지 않은 것과 같다'는 의미로, 전체 집합에서 소수가 빠져도 전체 명칭을 유지하는 관용적 표현을 나타낸다. | tehi bhikkhūhi tathā paṭipannaṃ: 수동태 구문으로 '그 비구들에 의해 그와 같이 실천되었다'는 의미이며, 비구들이 그렇게 행동했음을 나타낸다.	aṭṭhasamāpatti(8등지)는 8가지를 모두 얻지 못하고 일부만 얻었어도 관용적으로 8등지라고 부르는 경우가 있음을 비유로 들어, 80명이 다 채워지지 않아도 80대장로라고 부르는 이유를 설명하고 있다.	catuttharāsito bahi katvāpi에서 '네 번째 무리'가 정확히 어떤 분류를 가리키는지 문맥상 명확하지 않으나, 바꿀라 장로가 속한 특정 그룹을 의미하는 것으로 보인다.	
6	vri:romn:vin01t1.tik:850b89bc875e	romn/vin01t1.tik.xml	3a7e6078c892bd38d491dedee906a50e95b8fb2fb54385288410a6b7baae0c5a	tika	prose	long	hard	tika_long	vinaya	Vinayapiṭake	succeeded	True	False	‘‘Tena kho pana samayena aññataro ājīvako kusinārāya mandāravapupphaṃ gahetvā pāvaṃ addhānamaggappaṭipanno hoti. Addasaṃ kho ahaṃ, āvuso, taṃ ājīvakaṃ dūratova āgacchantaṃ, disvāna taṃ ājīvakaṃ etadavocaṃ ‘apāvuso, amhākaṃ satthāraṃ jānāsī’ti? ‘Āma, āvuso, jānāmi. Ajja sattāhaparinibbuto samaṇo gotamo, tato me idaṃ mandāravapupphaṃ gahitanti. Tatrāvuso, ye te bhikkhū avītarāgā, appekacce bāhā paggayha kandanti, chinnapātaṃ papatanti āvaṭṭanti vivaṭṭanti, ‘atikhippaṃ bhagavā parinibbuto, atikhippaṃ sugato parinibbuto, atikhippaṃ cakkhuṃ loke antarahita’nti. Ye pana te bhikkhū vītarāgā, te satā sampajānā adhivāsenti ‘aniccā saṅkhārā, taṃ kutettha labbhā’’’ti.	그런데 도반들이여, 그때 어떤 사명외도가 꾸시나라에서 만다라바 꽃을 가지고 빠와로 가는 먼 길에 들어서 있었다. 도반들이여, 나는 그 사명외도가 멀리서 오고 있는 것을 보았고, 그 사명외도를 보고 이렇게 말했다. '도반이여, 우리의 스승을 아십니까?' '예, 도반이여, 압니다. 사문 고따마께서 반열반하신 지 오늘로 7일째입니다. 거기서 제가 이 만다라바 꽃을 가져왔습니다.' 도반들이여, 거기서 탐욕이 빛바래지 않은 비구들 중 어떤 이들은 팔을 뻗고 울부짖고, 베어진 듯 쓰러지고, 이리저리 뒹굴었다. '너무 빨리 세존께서 반열반하셨다. 너무 빨리 선서께서 반열반하셨다. 너무 빨리 세상에서 눈이 사라지셨다.'라고. 그러나 탐욕이 빛바랜 비구들은 마음챙기고 알아차리며 감내했다. '형성된 것들은 무상하다. 여기서 그것을 어떻게 얻을 수 있겠는가?'라고.	도반들이여, 그런데 그때 어떤 사명외도가 꾸시나라에서 만다라바 꽃을 가지고 빠와로 가는 길을 가고 있었습니다. 도반들이여, 나는 그 사명외도가 멀리서 오고 있는 것을 보았고, 그를 보고 이렇게 물었습니다. '도반이여, 우리의 스승을 아십니까?' '예, 도반이여, 압니다. 사문 고따마께서 반열반하신 지 오늘로 7일째입니다. 거기서 제가 이 만다라바 꽃을 가져왔습니다.' 도반들이여, 그곳에서 탐욕이 빛바래지 않은 비구들 중 어떤 이들은 팔을 뻗고 울부짖고, 베어진 듯 쓰러지고, 이리 뒹굴고 저리 뒹굴며 슬퍼했습니다. '너무 빨리 세존께서 반열반하셨다. 너무 빨리 선서께서 반열반하셨다. 너무 빨리 세상에서 눈이 사라지셨다.'라고 하면서 말입니다. 그러나 탐욕이 빛바랜 비구들은 마음챙기고 알아차리며 감내했습니다. '형성된 것들은 무상하다. 여기서 그것(영원함)을 어떻게 얻을 수 있겠는가?'라고 하면서 말입니다.	gloss: ascetic of the Ājīvika sect; ko: 사명외도; note: 당시 인도의 비불교 유행승 무리 중 하나를 가리킨다.; pali: ājīvaka | gloss: Mandārava flower; ko: 만다라바 꽃; note: 천상의 꽃으로 여겨지는 꽃의 이름이다.; pali: mandāravapuppha | gloss: not free from lust; ko: 탐욕이 빛바래지 않은; note: 아직 아라한과를 얻지 못한 수행자를 가리킨다.; pali: avītarāga | gloss: free from lust; ko: 탐욕이 빛바랜; note: 번뇌를 다한 아라한을 가리킨다.; pali: vītarāga | gloss: conditioned things; ko: 형성된 것들; note: 제행무상 문맥에서 조건 지어진 모든 현상을 의미한다.; pali: saṅkhāra	chinnapātaṃ papatanti: chinnapātaṃ은 '베어진 떨어짐'을 의미하는 부사적 대격으로, 나무나 발목이 잘린 듯 푹 쓰러지는 모습을 묘사한다. | taṃ kutettha labbhā: taṃ(그것을) kuto(어디서) ettha(여기서) labbhā(얻을 수 있겠는가)의 구조로, 무상한 것에서 영원함을 바랄 수 없음을 나타낸다.	이 구절은 부처님의 반열반 소식을 들은 비구들의 반응을 묘사하며, 아라한(탐욕이 빛바랜 자)과 아직 번뇌를 다하지 못한 자의 태도 차이를 극명하게 보여준다. | '형성된 것들은 무상하다(aniccā saṅkhārā)'는 모든 조건 지어진 현상의 본질을 꿰뚫어 보는 불교의 핵심 통찰을 나타낸다.	chinnapātaṃ의 정확한 비유적 의미에 대해 주석서들은 발이 잘린 듯 쓰러지는 것으로 설명하기도 하나, 본문에서는 포괄적으로 '베어진 듯'으로 번역하였다.	
7	vri:romn:s0203t.tik:58781e65df6a	romn/s0203t.tik.xml	6aab552b69a4185781c68e641ed5c3d829597001f640919abe15bec4c008f5ea	tika	prose	long	hard	tika_long	sutta	Majjhimanikāye	succeeded	True	False	Paricchindantoti ettakoti paccekappamāṇato tato eva aññamaññaṃ asaṅkaratova paricchindanto. Kathaṃ pana asaṅkhyeyyabhāvena vuccamāno vipāko paricchinno hoti? Sopi tassa paricchedo eva itarehi asaṃkiṇṇabhāvadīpanato, etadatthameva pubbe asaṅkaraggahaṇaṃ kataṃ. Guṇavasenāti lakkhaṇasampannādiguṇavasena. Upakāravasenāti bhogarakkhādiupakāravasena. Yaṃ posanatthaṃ dinnaṃ, idaṃ na gahitaṃ dānalakkhaṇāyogato. Anuggahapūjanicchāvasena hi attano deyyavatthupariccāgo dānaṃ bhayarāgaladdhukāmakulādivasena sāvajjābhāvato. Tampi na gahitaṃ ayāvadatthatāaparipuṇṇabhāvena yathādhippetaphaladānāsamatthabhāvato. Sampattassāti santikāgatassa. Tena sampattipayojane anapekkhataṃ dasseti. Phalaṃ paṭikaṅkhitvāti ‘‘idaṃ me dānamayaṃ puññaṃ āyatiṃ sukhahitabhāvāya hotū’’tiādinā phalaṃ paccāsīsitvā. Tenassa phaladāne namiyataṃ dasseti, yāvadatthanti iminā paripuṇṇaphalataṃ. Sataguṇāti ettha guṇasaddo na ‘‘guṇena nāmaṃ uddhareyya’’ntiādīsu (dha. sa. aṭṭha. 1313; udā. aṭṭha. 53; paṭi. ma. aṭṭha. 1.1.76; netti. aṭṭha. 4.38) viya sampattiattho, ‘‘taddiguṇa’’ntiādīsu viya na vaḍḍhanattho, ‘‘pañca kāmaguṇā loke, manochaṭṭhā paveditā’’tiādīsu (su. ni. 173) viya na koṭṭhāsattho, ‘‘antaṃ antaguṇa’’ntiādīsu (dī. ni. 2.377; ma. ni. 1.110; khu. pā. 3) viya na antabhāgattho, atha kho ānisaṃsatthoti dassento, ‘‘satānisaṃsā’’ti āha, te ānisaṃse sarūpato dassetuṃ, ‘‘āyusata’’ntiādi vuttaṃ. Sataguṇāti vā satavaḍḍhikāti evamettha attho daṭṭhabbo. Nipparitasaṃ karotīti āyuādīnaṃ ānisaṃsānaṃ aparittāsaṃ karoti. Atha vā nipparitasaṃ karotīti āyuādinimittaṃ aparittāsaṃ karoti. Atha vā nipparitasaṃ karotīti āyuādīni tato uttarimpi āhārādihetu aparittāsaṃ karoti. Attabhāvavinimuttasañcaraṇassa abhāvā, ‘‘bhavasatepi vutte ayamevattho’’ti vuttaṃ. Sabbatthāti, ‘‘puthujjanadussīle’’tiādīsu sabbavāresu. Nayo netabboti, ‘‘āyusahassaṃ vaṇṇasahassa’’ntiādiko nayo.	"'한정한다(Paricchindanto)'라는 것은 '이만큼이다'라고 각각의 크기로부터, 바로 그것으로부터 서로 섞이지 않게 한정하는 것이다. 그런데 어떻게 헤아릴 수 없는 상태로 일컬어지는 과보가 한정된 것이 되는가? 그것 또한 다른 것들과 섞이지 않은 상태를 보여주기 때문에 그것의 한정일 뿐이다. 바로 이 목적을 위해 이전에 '섞이지 않음(asaṅkara)'이라는 파악이 이루어졌다. '덕의 힘으로(Guṇavasena)'라는 것은 특징을 갖춤 등의 덕의 힘으로이다. '도움의 힘으로(Upakāravasena)'라는 것은 재물의 보호 등의 도움의 힘으로이다. 부양할 목적으로 주어진 것, 이것은 보시의 특징과 결합하지 않기 때문에 취해지지 않았다. 왜냐하면 두려움, 탐욕, 얻고자 함, 가문 등의 힘으로 인한 비난받을 만함이 없기 때문에, 연민이나 공경의 바람의 힘으로 자신의 보시물을 버리는 것이 보시이기 때문이다. 그것 또한 목적하는 바에 이르지 못함과 불완전한 상태 때문에, 의도된 과보를 주기에 무능력한 상태이기 때문에 취해지지 않았다. '도달한 자에게(Sampattassa)'라는 것은 곁에 온 자에게이다. 그것으로 도달한 목적에 대한 무관심을 보여준다. '과보를 바라고(Phalaṃ paṭikaṅkhitvā)'라는 것은 ""나의 이 보시로 이루어진 공덕이 미래에 행복과 이익의 상태가 되기를""이라는 등으로써 과보를 기대하고서이다. 그것으로 그것의 과보를 줌에 있어서 기울어짐을 보여주고, '목적하는 바에 이르기까지(yāvadatthaṃ)'라는 이것으로 완전한 과보의 상태를 [보여준다]. '백 배의(Sataguṇā)'라는 여기서 '구나(guṇa)'라는 단어는 ""덕(guṇa)으로 이름을 들어올려야 한다""라는 등에서처럼 성취의 의미가 아니고, ""그 두 배(taddiguṇa)""라는 등에서처럼 증가의 의미가 아니며, ""세상에 다섯 가지 감각적 욕망의 가닥(kāmaguṇā)이 있고, 마노가 여섯 번째로 알려졌다""라는 등에서처럼 부분의 의미가 아니고, ""창자, 장간막(antaguṇa)""이라는 등에서처럼 창자 부위의 의미가 아니며, 오히려 이익(ānisaṃsa)의 의미라는 것을 보여주면서 ""백 가지 이익(satānisaṃsā)""이라고 말했고, 그 이익들을 그 자체의 성질로 보여주기 위해 ""백 번의 수명(āyusataṃ)""이라는 등이 설해졌다. 혹은 '백 배의(Sataguṇā)'라는 것은 '백 배로 증가하는(satavaḍḍhikā)' 것이라고, 이와 같이 여기서 의미를 보아야 한다. '갈망 없게 한다(Nipparitasaṃ karoti)'라는 것은 수명 등의 이익들에 대한 갈망 없음을 만드는 것이다. 혹은 '갈망 없게 한다'라는 것은 수명 등을 원인으로 한 갈망 없음을 만드는 것이다. 혹은 '갈망 없게 한다'라는 것은 수명 등과 그 이상의 음식 등의 원인에 대한 갈망 없음을 만드는 것이다. 자아의 상태에서 벗어난 윤회가 없기 때문에, ""백 번의 존재(bhavasata)라고 설해졌을 때도 바로 이 의미이다""라고 설해졌다. '모든 곳에서(Sabbattha)'라는 것은 ""악계의 범부에게""라는 등의 모든 경우들에서이다. '방법이 이끌어져야 한다(Nayo netabbo)'라는 것은 ""천 번의 수명, 천 번의 용모""라는 등의 방법이다."	"주석서에서 '한정한다(paricchindanto)'라고 한 것은 '이만큼이다'라고 각각의 크기를 정하여, 바로 그것으로부터 서로 섞이지 않게 한정하는 것을 뜻한다. 그런데 어떻게 헤아릴 수 없다고 일컬어지는 과보가 한정된 것이 될 수 있는가? 그것 또한 다른 것들과 섞이지 않았음을 보여주기 때문에 그것의 한정일 뿐이다. 바로 이 목적을 위해 앞서 '섞이지 않음(asaṅkara)'이라는 파악이 이루어진 것이다. '덕의 힘으로(guṇavasena)'라는 것은 특징을 갖춤 등의 덕의 힘으로라는 뜻이다. '도움의 힘으로(upakāravasena)'라는 것은 재물의 보호 등의 도움의 힘으로라는 뜻이다. 부양할 목적으로 주어진 것은 보시의 특징과 결합하지 않기 때문에 여기서 취해지지 않았다. 왜냐하면 두려움, 탐욕, 얻고자 함, 가문의 관습 등에 의한 비난받을 만한 요소가 없이, 연민이나 공경하는 마음으로 자신의 물건을 버리는 것만이 참된 보시이기 때문이다. 그것 또한 목적하는 바에 이르지 못하고 불완전하기 때문에, 의도된 과보를 주기에 무능력하여 취해지지 않았다. '도달한 자에게(sampattassa)'라는 것은 곁에 다가온 자에게라는 뜻이다. 이것으로 도달한 목적에 대한 무관심을 보여준다. '과보를 바라고(phalaṃ paṭikaṅkhitvā)'라는 것은 ""나의 이 보시로 이루어진 공덕이 미래에 행복과 이익이 되기를""이라는 등으로 과보를 기대하는 것이다. 이것으로 과보를 주는 데 기울어짐을 보여주고, '목적하는 바에 이르기까지(yāvadatthaṃ)'라는 말로 완전한 과보의 상태를 보여준다. '백 배의(sataguṇā)'라는 말에서 '구나(guṇa)'라는 단어는 ""덕(guṇa)으로 이름을 드높여야 한다""라는 등에서 쓰인 성취의 의미가 아니고, ""그 두 배(taddiguṇa)""라는 등에서 쓰인 증가의 의미가 아니며, ""세상에 다섯 가지 감각적 욕망의 가닥(kāmaguṇā)이 있고, 마노가 여섯 번째로 알려졌다""라는 등에서 쓰인 부분의 의미가 아니고, ""창자, 장간막(antaguṇa)""이라는 등에서 쓰인 창자 부위의 의미도 아니다. 오히려 이익(ānisaṃsa)의 의미라는 것을 보여주면서 ""백 가지 이익(satānisaṃsā)""이라고 말한 것이며, 그 이익들을 있는 그대로 보여주기 위해 ""백 번의 수명(āyusataṃ)"" 등이 설해진 것이다. 혹은 '백 배의(sataguṇā)'라는 것은 '백 배로 증가하는(satavaḍḍhikā)' 것이라고 여기서 그 의미를 보아야 한다. '갈망 없게 한다(nipparitasaṃ karoti)'라는 것은 수명 등의 이익들에 대해 갈망하지 않게 만드는 것이다. 혹은 '갈망 없게 한다'라는 것은 수명 등을 원인으로 한 갈망을 없게 만드는 것이다. 혹은 '갈망 없게 한다'라는 것은 수명 등과 그 이상의 음식 등을 원인으로 한 갈망을 없게 만드는 것이다. 개체(몸)를 벗어난 윤회란 없기 때문에, ""백 번의 존재(bhavasata)라고 설해졌을 때도 바로 이 의미이다""라고 설해진 것이다. '모든 곳에서(sabbattha)'라는 것은 ""악계의 범부에게""라는 등의 모든 경우에 적용된다는 뜻이다. '방법이 적용되어야 한다(nayo netabbo)'라는 것은 ""천 번의 수명, 천 번의 용모""라는 등의 방법이다."	gloss: giving; ko: 보시; note: 이 문맥에서는 두려움이나 탐욕 없이 연민과 공경으로 베푸는 참된 보시를 정의하고 있다.; pali: dāna | gloss: virtue/multiplier/strand/benefit; ko: 덕/배/가닥/이익; note: 문맥에 따라 다양하게 쓰이는 다의어이며, 여기서는 특별히 '이익(ānisaṃsa)'의 의미로 쓰였음을 해설하고 있다.; pali: guṇa | gloss: benefit; ko: 이익; note: 보시 등의 선행을 통해 얻게 되는 긍정적인 결과나 공덕을 의미한다.; pali: ānisaṃsa | gloss: craving/trembling; ko: 갈망; note: 두려움이나 떨림의 의미도 있으나, 여기서는 수명 등의 이익에 대한 집착적 갈망을 뜻한다.; pali: paritāsa | gloss: individual form/existence; ko: 자아의 상태; note: 개별적인 존재의 형태나 몸을 가리키며, 윤회의 주체적 형태를 설명할 때 쓰인다.; pali: attabhāva	Sataguṇāti ettha guṇasaddo... 문장은 'guṇa'라는 단어가 다른 문헌들에서 쓰인 다양한 의미(성취, 증가, 부분, 창자)를 부정하고, 이 문맥에서는 오직 '이익(ānisaṃsa)'의 의미임을 밝히는 긴 구조를 취하고 있다. | Attabhāvavinimuttasañcaraṇassa abhāvā는 탈격(abhāvā)을 사용하여 개체를 벗어난 윤회가 '없기 때문에'라는 이유를 나타낸다.	참된 보시(dāna)는 단순히 물건을 주는 행위가 아니라, 두려움, 탐욕, 명예욕, 가문의 관습 등 비난받을 만한 동기 없이 연민이나 공경의 마음으로 베푸는 것임을 명확히 규정하고 있다. | 경전에서 '백 배(sataguṇā)'라고 표현할 때의 '배(guṇa)'는 단순한 수량적 증가가 아니라, 수명이나 용모 등 구체적인 '이익(ānisaṃsa)'을 의미한다는 주석서의 교리적 해석을 보여준다.	sampattipayojane anapekkhataṃ dasseti에서 'sampattipayojane'는 '도달한 목적(성취)'으로 해석할 수도 있고, '도달한 자의 쓰임새'로 해석할 수도 있으나 문맥상 전자로 번역하였다. | paritāsa는 두려움, 떨림, 갈망 등의 의미가 복합적으로 있는데, 여기서는 수명 등의 이익에 대한 집착이나 갈망의 문맥이 강하므로 '갈망'으로 번역하였다.	
8	vri:romn:vin01t2.tik:43fc549f3dfc	romn/vin01t2.tik.xml	a08dc591c5446a00cf4a68aba96d4623a3499539f13b930ac8e765b0e87e0103	tika	prose	long	hard	tika_long	vinaya	Vinayapiṭake	succeeded	True	False	Kāmaṃ sesañātakepi ‘‘imaṃ dehī’’ti vadato viññatti na hoti, saddhādeyyavinipātanassapi pana abhāvaṃ dassetukāmo ‘‘mātaraṃ pana pitaraṃ vā’’ti āha. Viññatti na hotīti idaṃ visuṃ viññāpanaṃ sandhāya vuttaṃ. Aññaṃ kiñci avatvā evaṃ vadanto aññātakaṃ viññāpeti nāmāti āha – ‘‘aññātakaṃ ‘imaṃ dehī’ti vadato viññattī’’ti. Aññaṃ kiñci avatvā ‘‘imaṃ gaṇhāhī’’ti dinnaṃ aññātakassa dinnaṃ nāma hotīti vuttaṃ ‘‘saddhādeyyavinipātana’’nti. Tisso āpattiyoti aññātakaviññattisaddhādeyyavinipātanakayavikkayāpattisaṅkhātā tisso āpattiyo.	"참으로 나머지 친척들에게도 '이것을 주시오'라고 말하는 자에게 표의가 되지 않지만, 신심으로 보시된 것을 낭비하는 것의 없음도 보여주기 위해 '어머니나 혹은 아버지에게'라고 말했다. '표의가 되지 않는다'라는 이것은 따로 표의하는 것을 의도하여 말한 것이다. 다른 어떤 것도 말하지 않고 이렇게 말하는 자는 친척이 아닌 자에게 표의하는 것이라고 하여, '친척이 아닌 자에게 ""이것을 주시오""라고 말하는 자에게는 표의이다'라고 말했다. 다른 어떤 것도 말하지 않고 '이것을 받으시오'라고 주어진 것은 친척이 아닌 자에게 주어진 것이 된다고 하여 '신심으로 보시된 것을 낭비하는 것'이라고 말했다. '세 가지 범해짐'이라는 것은 친척이 아닌 자에게 표의함, 신심으로 보시된 것을 낭비함, 매매함이라는 범해짐이라 불리는 세 가지 범해짐이다."	"비록 나머지 친척들에게 '이것을 주시오'라고 말하더라도 구걸(표의)이 되지 않지만, 신심으로 보시된 것을 낭비하는 일도 없음을 보여주기 위해 '어머니나 혹은 아버지에게'라고 말한 것이다. '구걸이 되지 않는다'라는 것은 따로 구걸하는 것을 의도하여 말한 것이다. 다른 어떤 것도 말하지 않고 이렇게 말하는 자는 친척이 아닌 자에게 구걸하는 것이라고 하여, '친척이 아닌 자에게 ""이것을 주시오""라고 말하는 자에게는 구걸이 된다'라고 말했다. 다른 어떤 것도 말하지 않고 '이것을 받으시오'라고 주는 것은 친척이 아닌 자에게 주는 것이 되므로 '신심으로 보시된 것을 낭비하는 것'이라고 말한 것이다. '세 가지 범계'라는 것은 친척이 아닌 자에게 구걸함, 신심으로 보시된 것을 낭비함, 매매함이라는 범계라 불리는 세 가지 범계이다."	gloss: intimation, begging; ko: 표의; note: 율장 문맥에서 비구가 말이나 몸짓으로 물건을 요구하는 행위를 가리킨다. 자연역에서는 이해를 돕기 위해 '구걸'을 병기하였다.; pali: viññatti | gloss: gift of faith; ko: 신심으로 보시된 것; note: 신자가 신심을 내어 승가나 비구에게 보시한 물건을 의미한다.; pali: saddhādeyya | gloss: wasting, destroying; ko: 낭비함; note: 보시받은 물건을 부적절하게 처분하거나 낭비하는 행위를 뜻한다.; pali: vinipātana | gloss: buying and selling; ko: 매매; note: 물건을 사고파는 상행위를 가리킨다.; pali: kayavikkaya | gloss: offense; ko: 범해짐; note: 계율을 어긴 상태나 그 죄목을 뜻하며, 자연역에서는 '범계'로 옮겼다.; pali: āpatti	vadato는 현재분사 vadant의 속격 또는 여격 형태로, '~라고 말하는 자에게'라는 의미를 나타낸다. | dassetukāmo는 dassetuṃ(보여주기 위해)과 kāmo(원하는 자)의 복합어로, 문장 내에서 주어 역할을 하며 의도를 나타낸다. | aññātakaviññattisaddhādeyyavinipātanakayavikkayāpattisaṅkhātā는 여러 범계의 이름이 나열된 긴 복합어로, 마지막의 saṅkhātā(~라 불리는)가 앞의 항목들을 수식한다.	비구가 친척이 아닌 자에게 물건을 요구하는 것은 표의(viññatti)에 해당하여 계율 위반이 될 수 있다. | 신자가 신심으로 보시한 물건(saddhādeyya)을 함부로 남에게 주거나 낭비하는 것(vinipātana) 역시 율장에서는 금지된다. | 이 주석은 매매(kayavikkaya)와 관련된 계목에서 파생되는 세 가지 범계(친척 아닌 자에게 구걸, 신심 보시물 낭비, 매매)를 명확히 규정하고 있다.	visuṃ viññāpanaṃ의 정확한 뉘앙스가 문맥상 '별도로 구걸하는 것'인지 '명시적으로 구걸하는 것'인지 다소 불확실하나, 직역을 유지하였다.	
9	vri:romn:s0202t.tik:4d7f6125f3f5	romn/s0202t.tik.xml	4237f43ec83a1f622470421a35f952294c0aaf96ae7cfc67d2f4e27c6507bd94	tika	prose	long	hard	tika_long	sutta	Majjhimanikāye	succeeded	True	False	464. Ayoniso pavattitaṃ vāṇijjakammaṃ viya apāyabhūtaṃ kasikammaṃ nidassanabhāve ṭhapetvā ayonisomanasikaraṇavasena pavattaṃ gharāvāsakiccaṃ sandhāyāha – ‘‘yathā kasi…pe… evaṃ gharāvāsakammaṭṭhānampī’’ti. Brāhmaṇabhatto ahosīti so kira bahū brāhmaṇe dhanaṃ datvā yaññaṃ kāresi. Uparīti ‘‘upari upaṭṭhātīti vadehī’’ti brāhmaṇehi attano samayena ācikkhāpitopi yathā upaṭṭhitameva kathetvā kālaṃ katvā niraye nibbatto, atha brāhmaṇā – ‘‘iminā amhākaṃ yaññe doso dinno’’ti kujjhitvā tassa kaḷevaraṃ susānaṃ netuṃ nādaṃsu. Athassa ñātakehi sahasse dinne taṃ sahassaṃ gahetvā gehato nīharituṃ adaṃsu. Kassapasammāsambuddhakāle chattiṃsa itthiyo ‘‘ekā vatthaṃ adāsi, ekā gandhaṃ, ekā sumanamāla’’ntiādinā taṃ taṃ dānamayaṃ puññaṃ katvā āyupariyosāne tāvatiṃsabhavane sakkassa devarañño paricārikā hutvā nibbattiṃsu sahassaaccharāparivārikā, sakkassa devarañño vejayantarathaṃ pesetvā pakkosāpitena guttilācariyabhūtena mahābodhisattena pucchitā taṃ taṃ attanā kataṃ puññaṃ byākariṃsu. Taṃ sandhāya vuttaṃ ‘‘sakalāya guttilavimānakathāya dīpetabba’’nti. Vaṇijjakammaṭṭhānaṃ vipajjamānanti ettha tassa vipajjamānākāro heṭṭhā vutto. Evaṃ pabbajjakammaṭṭhānampi vipajjamānaṃ appaphalaṃ hotīti ānetvā sambandho. Sīlesu aparipūrakārinotiādi tassa vipajjanākāradassanaṃ. Jhānādisukhanti ettha ādi-saddena abhiññāvipassanādisukhassa viya sabrahmacārīhi saddhiṃ sīlasampadādisukhassa saṅgaho daṭṭhabbo. Arahattampi pāpuṇāti pageva sekkhaputhujjanasampattiyoti adhippāyo.	"이치에 맞지 않게 진행된 상업 행위처럼 손실이 된 농업 행위를 본보기의 상태로 두고서, 비여리작의의 방식으로 진행된 재가 생활의 의무를 가리켜 ""마치 농업이... (중략)... 이와 같이 재가 생활의 작업처도""라고 말했다. ""바라문들에게 헌신하는 자였다""라는 것은, 그는 참으로 많은 바라문들에게 재물을 주고 제사를 지내게 했다는 것이다. ""위로""라는 것은, ""위로 나타난다고 말하라""라고 바라문들에 의해 그들의 교의에 따라 말하도록 지시받았음에도 나타난 그대로만 말하고서 죽어 지옥에 태어났고, 그러자 바라문들이 ""이 자에 의해 우리의 제사에 결함이 주어졌다""라고 화를 내며 그의 시신을 묘지로 가져가는 것을 허락하지 않았다는 것이다. 그러자 그의 친척들에 의해 천(의 돈)이 주어졌을 때, 그 천을 받고서 집에서 내어가는 것을 허락했다. 깟사빠 정등각자의 시대에 서른여섯 명의 여인들이 ""한 명은 옷을 주었고, 한 명은 향을, 한 명은 재스민 화환을""이라는 등으로 그와 같은 보시로 이루어진 공덕을 짓고서 수명의 끝에 따와띵사의 세계에 삭까 천왕의 시녀가 되어 천 명의 압사라를 권속으로 거느리고 태어났는데, 삭까 천왕이 웨자얀따 마차를 보내어 부르게 한, 굿띨라 스승이었던 대보살에 의해 질문을 받고서 자신들이 지은 그와 같은 공덕을 설명했다. 그것을 가리켜 ""전체 굿띨라위마나 이야기로 설명되어야 한다""라고 말했다. ""상업의 작업처가 실패할 때""라는 것, 여기서 그것이 실패하는 양상은 앞서 설해졌다. 이와 같이 출가의 작업처도 실패할 때 결실이 적게 된다고 가져와서 연결해야 한다. ""계행들을 원만히 행하지 않는 자""라는 등은 그것이 실패하는 양상을 보여주는 것이다. ""선정 등의 행복""이라는 것, 여기서 '등'이라는 단어에 의해 신통지와 위빠사나 등의 행복처럼 동료 범행자들과 함께하는 계행의 구족 등의 행복이 포함되는 것으로 보아야 한다. ""아라한과에도 도달한다""라는 것은, 유학과 범부의 성취는 말할 것도 없다는 의도이다."	"이치에 맞지 않게 진행된 상업처럼 손실을 낸 농업을 본보기로 삼아, 비여리작의로 진행된 재가 생활의 의무를 가리켜 ""마치 농업이... (중략)... 이와 같이 재가 생활의 작업처도""라고 말했다. ""바라문들에게 헌신하는 자였다""라는 것은, 그가 참으로 많은 바라문들에게 재물을 주고 제사를 지내게 했다는 뜻이다. ""위로""라는 것은, ""위로 나타난다고 말하라""라고 바라문들이 자신들의 교의에 따라 말하도록 지시했음에도 그가 나타난 그대로만 말하고 죽어 지옥에 태어났으며, 그러자 바라문들이 ""이 자가 우리의 제사에 흠집을 냈다""라고 화를 내며 그의 시신을 묘지로 가져가는 것을 허락하지 않았다는 뜻이다. 그러자 그의 친척들이 천 냥을 주자, 그 천 냥을 받고서야 집에서 시신을 내어가는 것을 허락했다. 깟사빠(가섭) 정등각자 시대에 서른여섯 명의 여인들이 ""어떤 이는 옷을 주었고, 어떤 이는 향을, 어떤 이는 재스민 화환을 주었다""라는 등 저마다 보시로 이루어진 공덕을 짓고서 수명이 다하자 따와띵사(도리천)에 삭까(제석) 천왕의 시녀로 태어나 천 명의 천녀를 권속으로 거느리게 되었는데, 삭까 천왕이 웨자얀따 마차를 보내어 모셔온 굿띨라 스승(대보살)이 질문하자 자신들이 지은 저마다의 공덕을 설명했다. 그것을 가리켜 ""전체 굿띨라위마나(Guttilavimāna) 이야기로 설명해야 한다""라고 한 것이다. ""상업의 작업처가 실패할 때""라는 구절과 관련하여, 여기서 그것이 실패하는 양상은 앞서 설명되었다. 이와 같이 출가의 작업처도 실패할 때 결실이 적게 된다고 가져와서 연결해야 한다. ""계행들을 원만히 행하지 않는 자""라는 등의 구절은 그것이 실패하는 양상을 보여주는 것이다. ""선정 등의 행복""이라는 구절에서 '등'이라는 단어에는 신통지와 위빠사나 등의 행복처럼 동료 수행자들과 함께하는 계행의 구족 등의 행복이 포함되는 것으로 보아야 한다. ""아라한과에도 도달한다""라는 것은, 유학(sekha)과 범부의 성취는 말할 것도 없다는 뜻이다."	gloss: unwise attention; ko: 비여리작의; note: 이치에 맞지 않게 마음에 잡도리하는 것을 의미한다.; pali: ayonisomanasikāra | gloss: Guttilavimāna; ko: 굿띨라위마나; note: 천궁사(Vimānavatthu)에 수록된 특정 에피소드의 제목이다.; pali: Guttilavimāna | gloss: learner; ko: 유학; note: 아직 배울 것이 남아있는 자, 즉 아라한과에 이르지 못한 예류자부터 아라한도까지의 성자를 가리킨다.; pali: sekha | gloss: direct knowledge; ko: 신통지; note: 수행을 통해 얻어지는 뛰어난 앎이나 능력을 의미한다.; pali: abhiññā | gloss: fellow practitioner; ko: 동료 범행자; note: 함께 청정범행을 닦는 동료 수행자를 가리킨다.; pali: sabrahmacārī	sahasse dinne는 처격 절대구문(Locative Absolute)으로 '~천(의 돈)이 주어졌을 때'라는 조건이나 시간을 나타낸다. | ānetvā sambandho는 '가져와서 연결해야 한다'는 뜻으로, 주석서에서 앞뒤 문맥을 연결하여 해석할 때 자주 쓰이는 관용적 표현이다. | pageva는 '하물며', '말할 것도 없이'라는 뜻의 불변화사로, 더 높은 성취를 언급하여 낮은 성취는 당연함을 강조할 때 쓰인다.	Guttilavimāna는 쿳다까 니까야(소부)의 위마나왓투(천궁사)에 등장하는 이야기로, 보시의 공덕으로 천계에 태어난 여인들의 일화를 담고 있다. | sekkhaputhujjanasampattiyoti에서 유학(sekha)은 예류자부터 아라한도까지의 성자를, 범부(puthujjana)는 아직 성자의 흐름에 들지 못한 이를 가리키며, 아라한과의 성취를 강조하기 위해 대비되어 쓰였다.		
10	vri:romn:s0302t.tik:521aa5cd0ea3	romn/s0302t.tik.xml	7829fd46e9dee729c5071c04705378f858a1ac84f47c6ae1fc967274a5670702	tika	prose	long	hard	tika_long	sutta	Saṃyuttanikāye	succeeded	True	False	67. Sattame kasmā pucchatīti mahākoṭṭhikatthero sayaṃ tattha nikkaṅkho samāno kasmā pucchatīti adhippāyo. Ajjhāsayajānanatthanti idampi tassa mahāsāvakassa paracittajānanena appāṭihīraṃ siyā, tena taṃ aparitussanto ‘‘apicā’’tiādimāha. Tattha dve aggasāvakāti sīlādiguṇehi uttamasāvakāti attho, na hi mahākoṭṭhikatthero aggasāvakalakkhaṇappatto, atha kho mahāsāvakalakkhaṇappatto. Idāneva kho mayantiādi heṭṭhā paccayuppannaṃ anāloḷentena dassetvā desanā āhaṭā, na aññamaññapaccayatāvasena, idha pana yenādhippāyena taṃ āloḷetvā nivattetvā kathitaṃ mahātherena, tamevassa adhippāyaṃ teneva pakāsetukāmo mahākoṭṭhikatthero āha ‘‘idāneva kho maya’’ntiādi. Tenāha ‘‘idaṃ thero’’tiādi.	67. 일곱 번째(경)에서 '왜 묻는가?'라는 것은, 마하꼿티까 장로가 스스로 그것에 대해 의심이 없는 자이면서 왜 묻는가라는 뜻이다. '성향을 알기 위해서'라는 이것도 그 대제자에게는 타심지(다른 이의 마음을 앎)로 인해 기적(놀라운 일)이 아닐 것이므로, 그것에 만족하지 않고 '그러나 또한' 등을 말했다. 거기서 '두 명의 수제자'라는 것은 계(sīla) 등의 덕목들로 최고인 제자들이라는 뜻이다. 왜냐하면 마하꼿티까 장로는 수제자의 특징에 도달한 자가 아니라, 참으로 대제자의 특징에 도달한 자이기 때문이다. '방금 전 참으로 우리가' 등은, 앞서 조건 지어져 일어난 것을 뒤섞지 않고 보여주어 가르침이 제시되었고 상호조건의 방식으로는 아니었으나, 여기서는 어떤 의도로 그것을 뒤섞고 되돌려서 대장로가 말했는지, 바로 그 그의 의도를 그를 통해 밝히고자 마하꼿티까 장로가 '방금 전 참으로 우리가' 등을 말한 것이다. 그러므로 '이것을 장로가' 등을 말했다.	67. 일곱 번째(경)에서 '왜 묻는가?'라고 한 것은, 마하꼿티까 장로가 스스로는 그것에 대해 아무런 의심이 없으면서 왜 질문을 던졌는가라는 뜻이다. '상대방의 성향을 알기 위해서'라는 주석서의 설명에 대해서도, 그 대제자에게는 타심지(다른 이의 마음을 아는 지혜)가 있으므로 남의 마음을 아는 것이 놀라운 일이 아닐 것이기에, 그 설명에 만족하지 않고 '그러나 또한' 등으로 덧붙여 말한 것이다. 거기서 '두 명의 수제자'라는 것은 계행 등의 덕목에서 으뜸가는 제자들이라는 뜻이다. 왜냐하면 마하꼿티까 장로는 수제자의 특징을 갖춘 자가 아니라 대제자의 특징을 갖춘 자이기 때문이다. '방금 전 참으로 우리가'라고 한 구절 등은 다음과 같은 이유에서이다. 앞서 조건 지어져 일어난 것을 뒤섞지 않고 보여주는 방식으로 가르침이 제시되었고 상호조건의 방식으로는 제시되지 않았는데, 여기서는 대장로(사리뿟따)가 어떤 의도로 그것을 뒤섞고 되돌려서 말했는지, 바로 그 의도를 사리뿟따 장로 스스로 밝히게 하고자 마하꼿티까 장로가 '방금 전 참으로 우리가' 등을 말한 것이다. 그러므로 주석서에서 '이것을 장로가' 등을 말한 것이다.	gloss: great disciple; ko: 대제자; note: 부처님의 주요 제자 그룹을 가리킨다.; pali: mahāsāvaka | gloss: chief disciple; ko: 수제자; note: 사리뿟따와 마하모갈라나 두 명의 으뜸가는 제자를 가리킨다.; pali: aggasāvaka | gloss: by knowing others' minds; ko: 타심지로; note: 다른 사람의 마음을 아는 신통력을 의미한다.; pali: paracittajānanena | gloss: mutuality condition; ko: 상호조건; note: 명색과 알음알이가 서로를 조건 지어 일어나는 관계를 뜻한다.; pali: aññamaññapaccayatā | gloss: conditionally arisen; ko: 조건 지어져 일어난 것; note: 연기적 조건에 의해 발생한 현상을 가리킨다.; pali: paccayuppanna	nikkaṅkho samāno에서 samāna는 현재분사로 '~이면서', '~인 상태로'의 의미를 지니며, 여기서는 의심이 없는 상태임을 나타낸다. | pakāsetukāmo는 pakāsetuṃ(밝히다)과 kāmo(원하는)의 복합어로, '밝히고자 하는 자'를 의미한다.	이 복주석은 갈대단 경(Naḷakalāpīsutta, SN 12.67)에 대한 주석을 해설하며, 명색과 알음알이의 상호조건(aññamaññapaccayatā) 관계를 다루고 있다. | 마하꼿티까 장로는 대제자(mahāsāvaka)의 반열에 올랐으나, 사리뿟따와 마하모갈라나와 같은 수제자(aggasāvaka)는 아님을 명확히 구분하고 있다.	appāṭihīraṃ은 '기적이 아닌', '놀랍지 않은'으로 직역되나, 문맥상 타심지를 지닌 대제자에게 남의 마음을 아는 것은 대수로운 일이 아니라는 의미로 해석하였다.	
11	vri:romn:s0101t.tik:b1444dff22b0	romn/s0101t.tik.xml	b06c938fbacfa396ead5f65302169bb4614185085218eb3d936f295a842be96d	tika	prose	long	hard	tika_long	sutta	Dīghanikāye	succeeded	True	False	4. Arahattamaggena samugghātaṃ kataṃ, yato ‘‘natthi abyāvaṭamano’’ti buddhadhammesu vuccati. Vītināmetvā phalasamāpattīhi. Nivāsetvā vihāranivāsanaparivattanavasena. ‘‘Kadāci ekako’’tiādi tesaṃ tesaṃ vineyyānaṃ vinayanānukūlaṃ bhagavato upasaṅkamadassanaṃ. Pādanikkhepasamaye bhūmiyā samabhāvāpatti suppatiṭṭhitapādatāya nissandaphalaṃ, na iddhinimmānaṃ. ‘‘Ṭhapitamatte dakkhiṇapāde’’ti buddhānaṃ sabbadakkhiṇatāya vuttaṃ. Arahatte patiṭṭhahantīti sambandho.	"4. 아라한도에 의해 근절이 이루어졌기 때문에, 부처님의 특성들 가운데 ""무관심한 마음이 없다""라고 일컬어진다. 과증득들로 시간을 보내고 나서. 사원에서의 옷차림을 바꾸는 방식으로 옷을 입고 나서. ""때로는 혼자서"" 등은 세존께서 각각의 제도할 자들을 제도하기에 적합하게 다가가시는 것을 보여주는 것이다. 발을 내디딜 때 땅이 평탄해지는 것은 발바닥이 평평한 특성의 자연스러운 결과이지, 신통으로 변화시킨 것이 아니다. ""오른발을 놓자마자""라는 것은 부처님들의 모든 것이 오른쪽인 특성 때문에 설해졌다. 아라한과에 확립된다고 연결된다."	"4. 아라한의 도에 의해 [번뇌의] 근절이 이루어졌기 때문에, 부처님의 특성들 가운데 ""무관심한 마음이 없다""라고 일컬어진다. '시간을 보내고 나서'란 과증득(과삼매)들로 [시간을 보낸 것을 말한다]. '옷을 입고 나서'란 사원에서의 옷차림을 바꾸는 방식으로 [옷을 입은 것을 말한다]. ""때로는 혼자서"" 등은 세존께서 각각의 제도할 자들을 제도하기에 적합하게 다가가시는 것을 보여주는 것이다. 발을 내디딜 때 땅이 평탄해지는 것은 발바닥이 평평한 특성(평발상)의 자연스러운 결과이지, 신통으로 변화시킨 것이 아니다. ""오른발을 놓자마자""라는 것은 부처님들의 모든 것이 오른쪽(길상)인 특성 때문에 설해졌다. [이 문장은] '아라한과에 확립된다'라고 연결된다."	gloss: path of Arahantship; ko: 아라한도; note: 아라한의 도를 의미하는 교리 용어.; pali: Arahattamagga | gloss: fruition attainment; ko: 과증득; note: 성자의 과(phala)에 도달하여 머무는 삼매 상태.; pali: phalasamāpatti | gloss: natural result; ko: 자연스러운 결과; note: 원인과 같은 부류로 자연스럽게 흘러나오는 결과(등류과).; pali: nissandaphala | gloss: flat-footedness; ko: 발바닥이 평평한 특성; note: 부처님의 32상 중 첫 번째인 평발상을 가리킨다.; pali: suppatiṭṭhitapādatā | gloss: one to be guided; ko: 제도할 자; note: 부처님의 가르침으로 인도되어야 할 중생을 의미한다.; pali: vineyya	"""Vītināmetvā phalasamāpattīhi"" 등은 주석서 특유의 문체로, 앞선 본문의 단어를 인용하고 그 수단이나 방법을 설명하는 구조이다. | ""Arahatte patiṭṭhahantīti sambandho""는 앞선 문맥이 '아라한과에 확립된다'는 서술어와 문법적으로 연결됨을 밝히는 주석적 표현이다."	'발바닥이 평평한 특성(suppatiṭṭhitapādatā)'은 부처님의 32상(mahāpurisalakkhaṇa) 중 첫 번째 특징을 가리킨다. | '자연스러운 결과(nissandaphala)'는 등류과(等流果)를 의미하며, 여기서는 신통력이 아닌 신체적 특성에 의한 자연스러운 현상임을 강조한다. | 부처님의 특성 중 '무관심한 마음이 없다(natthi abyāvaṭamano)'는 것은 중생을 제도하는 데 항상 깨어있음을 의미한다.	sabbadakkhiṇatāya를 '모든 것이 오른쪽인 특성'으로 직역하였으나, 인도 문화권에서 오른쪽이 길상(吉祥)과 존귀함을 상징한다는 점을 내포하고 있다.	
12	vri:romn:s0201t.tik:cfd6c2db8704	romn/s0201t.tik.xml	2a2504f863eecee2ba446cc239fd2af1caff2ef1625ab16d62fadacd794fe448	tika	prose	long	hard	tika_long	sutta	Majjhimanikāye	succeeded	True	False	Codanāya paṭipuggalabhāvo, codanā ca āpattiyāti cuditakena codakassa samānabhāvo āpattiāpannatāyāti āha ‘‘samānoti sāpattiko’’ti. Sappaṭipuggalenevassa codanicchāya kāraṇaṃ vibhāvetuṃ ‘‘aya’’ntiādi vuttaṃ. Na cāyaṃ sāpattikatāya eva samānataṃ icchati, atha kho aññathāpīti dassento ‘‘apicā’’tiādimāha. Aññena vā paṭipuggalena sappaṭipuggalo. Ayañhi ‘‘sappaṭipuggalova maṃ codeyyā’’ti icchati ‘‘evāhaṃ tassa paṭipuggalehi saddhiṃ ekajjhāsayo hutvā tassa upari kiñci vattuṃ kātuṃ vā labhissāmī’’ti maññamāno. Imasmiṃ pana pakkhe no appaṭipuggaloti natthi etassa paṭipuggaloti appaṭipuggaloti evamattho veditabbo.	"""고발에 대해 상대방이 됨, 그리고 고발은 범계에 의한 것""이므로, 고발당한 자와 고발자의 동등함은 범계를 저지른 상태에 의한 것이라고 하여 ""'동등한 자(samāna)'란 '죄가 있는 자(sāpattika)'이다""라고 말했다. 그가 오직 상대방이 있는 자에 의해서만 고발되기를 바라는 이유를 분명히 하기 위해 ""'이(ayaṃ)'"" 등이 설해졌다. 그리고 이 자는 오직 죄가 있는 상태로만 동등함을 바라는 것이 아니라, 오히려 다른 방식으로도 바란다는 것을 보여주면서 ""'게다가(api ca)'"" 등을 말했다. 또는 다른 상대방에 의해 상대방이 있는 자이다. 참으로 이 자는 ""'이와 같이 내가 그의 상대방들과 함께 같은 의향을 가진 자가 되어 그에 대해 무언가를 말하거나 행할 수 있을 것이다'""라고 생각하면서 ""'상대방이 있는 자만이 나를 고발하기를'""이라고 바란다. 그러나 이 측면에서 '상대방이 없는 자가 아니다'라는 것은 '이 자에게 상대방이 없다'고 하여 '상대방이 없는 자'라고, 이와 같은 의미로 알아야 한다."	"""고발에 대해 상대방이 됨, 그리고 고발은 범계에 의한 것""이므로, 고발당한 자와 고발자의 동등함은 범계를 저지른 상태에 의한 것이라고 하여 주석가는 ""'동등한 자'란 '죄가 있는 자'이다""라고 말했다. 그가 오직 상대방이 있는 자에 의해서만 고발되기를 바라는 이유를 분명히 하기 위해 ""'이'"" 등이 설해졌다. 그리고 이 자는 오직 죄가 있는 상태로만 동등함을 바라는 것이 아니라, 오히려 다른 방식으로도 바란다는 것을 보여주면서 ""'게다가'"" 등을 말했다. 또는 다른 상대방에 의해 상대방이 있는 자이다. 참으로 이 자는 ""'이와 같이 내가 그의 상대방들과 함께 같은 의향을 가진 자가 되어 그에 대해 무언가를 말하거나 행할 수 있을 것이다'""라고 생각하면서 ""'상대방이 있는 자만이 나를 고발하기를'""이라고 바란다. 그러나 이 측면에서 '상대방이 없는 자가 아니다'라는 것은 '이 자에게 상대방이 없다'고 하여 '상대방이 없는 자'라고, 이와 같은 의미로 알아야 한다."	gloss: reproof, accusation; ko: 고발; note: 율장 문맥에서 비구의 범계를 지적하고 힐책하는 행위를 뜻한다.; pali: codanā | gloss: rival, opponent, equal; ko: 상대방; note: 문맥상 자신을 고발하는 자와 대립하는 적대자 또는 동등한 상대를 의미한다.; pali: paṭipuggala | gloss: the accused; ko: 고발당한 자; note: 범계를 지적받은 당사자를 가리킨다.; pali: cuditaka | gloss: accuser, reprover; ko: 고발자; note: 다른 비구의 범계를 지적하는 자를 가리킨다.; pali: codaka | gloss: one who has committed an offense; ko: 죄가 있는 자; note: 범계를 저질러 죄(āpatti)가 있는 상태를 뜻한다.; pali: sāpattika	Codanāya paṭipuggalabhāvo... āha ''samānoti sāpattiko''ti는 앞선 주석의 구절을 인용하며 그 의미를 해설하는 복주석의 전형적인 문장 구조이다. | sappaṭipuggalenevassa는 sappaṭipuggalena + eva + assa의 연음으로, '그가 오직 상대방이 있는 자에 의해서만'으로 해석된다.	이 문단은 고발당한 자가 자신을 고발하는 자 역시 허물이 있거나 적대자가 있기를 바라는 심리를 분석하고 있다. | 고발자가 다른 적대자(상대방)를 가지고 있을 때, 고발당한 자가 그 적대자들과 결탁하여 고발자에게 반격하려는 의도를 묘사한다.	no appaṭipuggaloti natthi etassa paṭipuggaloti appaṭipuggaloti evamattho veditabbo 부분의 정확한 인용 관계와 부정어의 범위가 다소 모호하여, 문맥에 따라 '상대방이 없는 자가 아니다'라는 구절의 해석이 달라질 여지가 있다.	grammar_uncertain
13	vri:romn:abh02t.tik:e2b12856db46	romn/abh02t.tik.xml	6ab0663dcccc8dc875a0786a52ed748c4a0236b2cc5d4cae88b9d16e13210852	tika	prose	long	hard	tika_long	abhidhamma	Abhidhammapiṭake	succeeded	True	False	Anvayañāṇassapi pariyogāhetvā pavattanato saviseso visayāvabodhoti vuttaṃ ‘‘dhamme ñāṇa…pe… abhāvā’’ti. Visayobhāsanamattajānanasāmaññenāti asatipi abhisamecca gahaṇe visayavibhāvanasaṅkhātaavabodhasāmaññamattena. ‘‘Ñāṇa’’nti sammatesūti ‘‘ñāṇa’’nti voharitesu laddhañāṇavohāresu. Sammutivasenāti dhammañāṇādi viya samukhena visaye appavattitvā paññattimukhena pavattaṃ. Avasesanti sammutiñāṇamevāha. Itarañāṇattayavisabhāganti dhammañāṇādiñāṇattayavidhuraṃ.	추론지 또한 철저히 파악하여 작용하기 때문에 특별한 대상의 이해라고 '법에 대한 지혜... 결여되기 때문에'라고 설해졌다. '대상을 밝히는 정도의 앎이라는 공통점 때문에'라는 것은, 비록 현관하여 파악함이 없더라도 대상을 분명히 하는 것이라 불리는 이해의 공통점만으로 [그렇게 부른다는 것이다]. '지혜라고 간주되는 것들에서'라는 것은 '지혜'라고 불리는 것들, 즉 지혜라는 명칭을 얻은 것들에서 [라는 뜻이다]. '세속에 의해서'라는 것은 법지 등처럼 직접적인 방식으로 대상에 작용하지 않고 개념의 방식으로 작용하는 것이다. '나머지'라는 것은 세속지만을 말한다. '다른 세 가지 지혜와 다르다'는 것은 법지 등의 세 가지 지혜가 결여되었다는 것이다.	"추론지(anvayañāṇa) 또한 대상을 철저히 파악하여 작용하기 때문에 특별한 대상의 이해라고 ""'법에 대한 지혜... 결여되기 때문에""라고 설해졌다. '대상을 밝히는 정도의 앎이라는 공통점 때문에'라는 것은, 비록 현관하여 파악함이 없더라도 대상을 분명히 하는 것이라 불리는 이해의 공통점만으로 그렇게 부른다는 뜻이다. '지혜라고 간주되는 것들에서'라는 것은 '지혜'라고 불리는 것들, 즉 지혜라는 명칭을 얻은 것들에서라는 뜻이다. '세속에 의해서'라는 것은 법지(dhammañāṇa) 등처럼 직접적인 방식으로 대상에 작용하지 않고 개념의 방식으로 작용하는 것을 말한다. '나머지'라는 것은 세속지(sammutiñāṇa)만을 말한다. '다른 세 가지 지혜와 다르다'는 것은 법지 등의 세 가지 지혜가 결여되었다는 뜻이다."	gloss: inferential knowledge; ko: 추론지; note: 법지에 근거하여 과거와 미래를 추론하여 아는 지혜를 의미한다.; pali: anvayañāṇa | gloss: conventional knowledge; ko: 세속지; note: 궁극적 실재가 아닌 세속적 개념을 대상으로 하는 지혜를 의미한다.; pali: sammutiñāṇa | gloss: knowledge of the Dhamma; ko: 법지; note: 현재의 현상에 대한 직접적인 지혜를 의미한다.; pali: dhammañāṇa | gloss: concept; ko: 개념; note: 궁극적 실재와 대조되는 세속적 명칭이나 개념을 가리킨다.; pali: paññatti | gloss: having penetrated; ko: 현관하여; note: 진리를 직접적으로 꿰뚫어 아는 것을 의미하는 abhisamaya의 절대분사형이다.; pali: abhisamecca	Visayobhāsanamattajānanasāmaññenāti는 visaya-obhāsana-matta-jānana-sāmaññena iti의 연음으로, '대상을 밝히는 정도의 앎이라는 공통점 때문에'라는 주석 대상 인용구이다. | samukhena는 sa-mukhena로 '자신의 방식으로' 즉 '직접적인 방식으로'를 의미하며, paññattimukhena(개념의 방식으로)와 대조되어 쓰였다.	이 단락은 네 가지 지혜(법지, 추론지, 타심지, 세속지) 중 세속지(sammutiñāṇa)가 다른 세 가지 지혜와 어떻게 다른지 설명하는 주석이다. | 세속지는 대상을 직접적으로 파악하는 것이 아니라 개념(paññatti)을 통해 작용한다는 점을 명확히 하고 있다.	samukhena를 '직접적인 방식으로'로 번역하였으나, 직역하면 '자신의 입/얼굴/방식으로'이다. 문맥상 개념(paññatti)을 통하지 않고 대상 자체의 고유한 성질을 직접 파악한다는 의미로 해석하였다.	
14	vri:romn:s0103t.tik:2be1cfdd6a97	romn/s0103t.tik.xml	50ae74a72cfe4c03088904e3eea4e2f3e8dbfceda9721f283b3439dbf46535c5	tika	prose	long	hard	tika_long	sutta	Dīghanikāye	succeeded	True	False	192. Atthi khoti ettha kho-saddo pucchāyaṃ, atthi nūti ayamettha atthoti āha ‘‘atthi kho idaṃ āvuso vuccatī’’tiādi. Āvuso yaṃ tumhehi ‘‘sassato attā ca loko cā’’ti vuccati, idamatthi kho idaṃ vācāmattaṃ, no natthi, tasmā vācāvatthumattato tassa yaṃ kho te evamāhaṃsu ‘‘idameva saccaṃ moghaṃ añña’’nti, taṃ tesaṃ nānujānāmīti evamettha attho ca yojanā ca veditabbā. Yaṃ panettha vattabbaṃ, taṃ brahmajālaṭīkāyaṃ (dī. ni. ṭī. 1.30) vuttameva. Diṭṭhipaññattiyāti diṭṭhiyā paññāpane ‘‘evaṃ esā diṭṭhi uppannā’’ti tassā diṭṭhiyā samudayato, atthaṅgamato, assādato, ādīnavato, nissaraṇato ca yāthāvato paññāpane. Aviparītavuttiyā samena ñāṇena samaṃ kañci neva samanupassāmi. Adhipaññattīti abhiññeyyadhammapaññāpanā. Yaṃ ajānantā bāhirakā diṭṭhipaññattiyeva allīnāti tañca paññattito ajānantā thāmasā parāmāsā abhinivissa voharanti. Ettha ca yāyaṃ ‘‘diṭṭhipaññatti nāmā’’ti vuttā diṭṭhiyā diṭṭhigatikehi evaṃ gahitatāya vibhāvanā, tattha ca bhagavato uttaritaro nāma koci natthi, svāyamattho brahmajāle (dī. ni. aṭṭha. 1.30) vibhāvito eva. ‘‘Adhipaññattī’’ti vuttā pana vibhāviyamānā lokassa nibbidāhetubhāvena bahulīkārāti tassā vasena bhagavā anuttarabhāvaṃ pavedento ‘neva attanā samasamaṃ samanupassāmī’ti sīhanādaṃ nadī’’ti keci. Aṭṭhakathāyaṃ (dī. ni. aṭṭha. 3.192) pana ‘‘yañca vuttaṃ ‘paññattiyā’ti yañca ‘adhipaññattī’ti, ubhayametaṃ atthato eka’’nti ‘‘idha pana paññattiyāti etthāpi paññatti ceva adhipaññatti ca adhippetā, adhipaññattīti etthāpī’’ti ca vuttā, ubhayassapi vasenettha bhagavā sīhanādaṃ nadīti viññāyati. Ubhayaṃ petaṃ atthato ekanti ca paññattibhāvasāmaññaṃ sandhāya vuttaṃ, na bhedābhāvato. Tenāha ‘‘bhedato hī’’tiādi. Khandhapaññattīti khandhānaṃ ‘‘khandhā’’ti paññāpanā dassanā pakāsanā ṭhapanā nikkhipanā. ‘‘Ācikkhati dasseti paññāpeti paṭṭhapetī’’ti (saṃ. ni. 2.20, 97) āgataṭṭhāne hi paññāpanā dassanā pakāsanā paññatti nāma, ‘‘supaññattaṃ mañcapīṭha’’nti (pārā. 269) āgataṭṭhāne ṭhapanā nikkhipanā paññatti nāma, idha ubhayampi yujjati.	"192. 'Atthi kho'(있기는 참으로)에서 여기서 'kho'라는 단어는 질문에 [해당한다]. 'atthi nu'(과연 있는가?)라는 이것이 여기서 의미이다라고 ""도반들이여, 참으로 이것이 일컬어진다"" 등을 말했다. ""도반들이여, 당신들에 의해 '자아와 세상은 영원하다'라고 일컬어지는 것, 이것은 참으로 있다, 이것은 단지 말일 뿐이다, 없는 것이 아니다. 그러므로 단지 말의 대상일 뿐이므로 그것에 대해 그들이 참으로 이와 같이 '이것만이 진실이고 다른 것은 거짓이다'라고 말한 것, 그것을 그들에게 나는 허락하지 않는다""라고 이와 같이 여기서 의미와 연결이 알아져야 한다. 그런데 여기서 말해져야 할 것, 그것은 『범망경 복주석』(brahmajālaṭīkā)에서 설해진 그대로이다. 'Diṭṭhipaññattiyā'(견해의 시설에 있어서)란 견해의 시설함에 있어서, ""이와 같이 이 견해가 일어났다""라고 그 견해에 대해 일어남으로부터, 사라짐으로부터, 달콤함으로부터, 위험으로부터, 벗어남으로부터 있는 그대로 시설함에 있어서 [이다]. 전도되지 않은 작용을 가진 평등한 지혜와 동등한 어떤 자도 나는 전혀 보지 못한다. 'Adhipaññatti'(수승한 시설)란 최상의 지혜로 알아야 할 법의 시설함이다. 그것을 알지 못하는 외도들은 견해의 시설에만 집착한다라고, 그리고 그것을 시설로부터 알지 못하면서 고집스럽게 취착하여 틀어쥐고서 말한다. 그리고 여기서 이 ""견해의 시설이라 이름하는 것""이라고 설해진 것은 견해를 가진 자들에 의해 이와 같이 파악된 상태에 대한 견해의 해명이다. 그리고 거기에 세존보다 더 뛰어난 자란 어떤 이도 없다. 그 이 의미는 『범망경 주석서』에서 해명된 그대로이다. 그러나 ""수승한 시설""이라고 설해진 것은 해명될 때 세상의 염오의 원인이 되는 상태로서 많이 행해져야 하는 것이므로, 그것의 권능으로 세존께서 위없는 상태를 천명하시며 '스스로와 완전히 동등한 자를 전혀 보지 못한다'라고 사자후를 토하셨다""라고 어떤 이들은 [말한다]. 그러나 주석서에서는 ""'시설에 있어서'라고 설해진 것과 '수승한 시설에 있어서'라고 [설해진 것], 이 둘은 의미상 하나이다""라고, ""그러나 여기서 '시설에 있어서'라는 여기에도 시설과 수승한 시설이 의도되었고, '수승한 시설에 있어서'라는 여기에도 [그러하다]""라고 설해졌으므로, 이 둘 모두의 권능으로 여기서 세존께서 사자후를 토하셨다고 알아진다. 그리고 이 둘은 의미상 하나이다라는 것은 시설의 상태라는 공통점을 지향하여 설해진 것이지, 차이가 없기 때문이 아니다. 그러므로 ""참으로 차이에 의해서"" 등을 말했다. 'Khandhapaññatti'(무더기의 시설)란 무더기들에 대해 ""무더기들""이라고 시설함, 보여줌, 설명함, 확립함, 내려놓음(제시함)이다. ""알려준다, 보여준다, 시설한다, 확립한다""라고 온 곳에서는 참으로 시설함, 보여줌, 설명함이 시설이라는 이름이고, ""잘 시설된(배치된) 평상과 의자""라고 온 곳에서는 확립함, 내려놓음이 시설이라는 이름인데, 여기서는 둘 다 타당하다."	"192. '있기는 참으로(atthi kho)'라는 구절에서 '참으로(kho)'라는 단어는 질문을 나타낸다. '과연 있는가(atthi nu)?'라는 것이 여기서의 의미라고 ""도반들이여, 참으로 이것이 일컬어진다"" 등을 말씀하신 것이다. ""도반들이여, 그대들이 '자아와 세상은 영원하다'라고 부르는 것, 이것은 참으로 존재한다. 하지만 이것은 단지 말일 뿐이며, 없는 것은 아니다. 그러므로 단지 말의 대상일 뿐인 것에 대해 그들이 '이것만이 진실이고 다른 것은 거짓이다'라고 말한 것에 대해, 나는 그들에게 동의하지 않는다""라고 여기서의 의미와 문맥의 연결을 이해해야 한다. 그런데 여기서 덧붙여 말해야 할 것은 『범망경 복주석』에서 설해진 내용과 같다.
'견해의 시설에 있어서(diṭṭhipaññattiyā)'란 견해를 시설함에 있어서, ""이와 같이 이 견해가 일어났다""라고 그 견해의 일어남, 사라짐, 달콤함, 위험, 벗어남에 대해 있는 그대로 시설하는 것을 말한다. 전도되지 않은 작용을 가진 평등한 지혜와 동등한 자를 나는 전혀 보지 못한다.
'수승한 시설(adhipaññatti)'이란 최상의 지혜로 알아야 할 법을 시설하는 것이다. 그것을 알지 못하는 외도들은 견해의 시설에만 집착하며, 그것을 시설의 측면에서 알지 못하면서 고집스럽게 취착하여 틀어쥐고서 말한다. 그리고 여기서 ""견해의 시설이라 이름하는 것""이라고 설해진 것은 견해를 가진 자들이 이와 같이 파악한 상태에 대해 견해를 해명하는 것이다. 그리고 그 점에 있어서 세존보다 더 뛰어난 자는 아무도 없다. 이 의미는 『범망경 주석서』에서 해명된 그대로이다.
그러나 어떤 이들은 ""'수승한 시설'이라고 설해진 것은 해명될 때 세상에 대한 염오의 원인이 되어 많이 닦아야 하는 것이므로, 그것을 바탕으로 세존께서 위없는 상태를 천명하시며 '나 스스로와 완전히 동등한 자를 전혀 보지 못한다'라고 사자후를 토하신 것이다""라고 말한다. 하지만 주석서에서는 ""'시설에 있어서'라고 설해진 것과 '수승한 시설에 있어서'라고 설해진 것, 이 둘은 의미상 하나이다""라고 하였고, ""그러나 여기서 '시설에 있어서'라는 말에도 시설과 수승한 시설이 모두 의도되었고, '수승한 시설에 있어서'라는 말에도 그러하다""라고 설해졌으므로, 이 둘 모두를 바탕으로 여기서 세존께서 사자후를 토하셨다고 이해된다. 그리고 이 둘이 의미상 하나라는 것은 시설의 상태라는 공통점을 두고 설해진 것이지, 차이가 없기 때문이 아니다. 그러므로 ""참으로 차이에 의해서"" 등을 말씀하신 것이다.
'무더기의 시설(khandhapaññatti)'이란 무더기(오온)들에 대해 ""무더기들""이라고 시설함, 보여줌, 설명함, 확립함, 제시함(내려놓음)을 뜻한다. ""알려준다, 보여준다, 시설한다, 확립한다""라고 언급된 문맥에서는 시설함, 보여줌, 설명함이 '시설(paññatti)'이라는 이름이고, ""잘 시설된(배치된) 평상과 의자""라고 언급된 문맥에서는 확립함, 배치함(내려놓음)이 '시설'이라는 이름인데, 여기서는 두 가지 의미가 모두 타당하다."	gloss: designation, concept; ko: 시설; note: 개념적으로 언표하거나 제정하여 알려주는 것을 의미한다.; pali: paññatti | gloss: higher designation; ko: 수승한 시설; note: 일반적인 시설을 넘어선 수승한 지혜의 대상을 시설하는 것을 가리킨다.; pali: adhipaññatti | gloss: designation of views; ko: 견해의 시설; note: 견해 자체의 발생과 소멸 등을 있는 그대로 시설하는 것을 뜻한다.; pali: diṭṭhipaññatti | gloss: designation of aggregates; ko: 무더기의 시설; note: 오온을 무더기로서 명명하고 설명하는 것을 의미한다.; pali: khandhapaññatti | gloss: disenchantment; ko: 염오; note: 세상에 대한 집착에서 벗어나는 원인이 되는 마음 상태를 가리킨다.; pali: nibbidā	atthi khoti ettha kho-saddo pucchāyaṃ: 'kho'라는 불변화사가 여기서는 강조가 아니라 의문사(pucchā)의 의미로 쓰였음을 주석하는 구문이다. | ṭhapanā nikkhipanā: 'nikkhipanā'는 물리적으로 물건을 내려놓거나 배치한다는 의미와 교리적으로 법을 제시한다는 의미를 동시에 갖는다.	paññatti와 adhipaññatti의 관계에 대해, 주석서(Aṭṭhakathā)는 둘을 의미상 하나로 보면서도 문맥에 따라 공통점과 차이점을 동시에 인정하고 있음을 복주석이 해명하고 있다. | 견해의 시설(diṭṭhipaññatti)은 단순히 견해를 주장하는 것이 아니라, 견해 자체의 일어남, 사라짐, 달콤함, 위험, 벗어남을 있는 그대로 시설(paññāpanā)하는 것을 의미한다.	Aviparītavuttiyā samena ñāṇena samaṃ kañci neva samanupassāmi에서 samena와 samaṃ의 연결이 다소 중의적이나, 문맥상 '평등한 지혜와 동등한 자'로 해석하였다.	
15	vri:romn:s0403t.tik:eea3670bb80c	romn/s0403t.tik.xml	91e0f720e19daf60228b5a6907592efb4bc15a68f877e1bbaba7c0108b39bad7	tika	prose	long	hard	tika_long	sutta	Aṅguttaranikāye	succeeded	True	False	198-9. Aṭṭhame aṅgehīti kāraṇehi. Aṅgīyanti hetubhāvena ñāyantīti aṅgāni, kāraṇāni. Kāraṇatthe ca aṅga-saddo. Pañcahīti hetumhi nissakkavacanaṃ. Samannāgatāti samanuāgatā pavattā yuttā ca. Vācāti samullapana-vācā. Yā ‘‘vācā girā byappatho’’ti (dha. sa. 636) ca, ‘‘nelā kaṇṇasukhā’’ti (dī. ni. 1.9) ca āgacchati. Yā pana ‘‘vācāya ce kataṃ kamma’’nti (dha. sa. aṭṭha. 1 kāyakammadvāra) evaṃ viññatti ca, ‘‘yā catūhi vacīduccaritehi ārati…pe… ayaṃ vuccati sammāvācā’’ti (dha. sa. 299) evaṃ virati ca, ‘‘pharusavācā, bhikkhave, āsevitā bhāvitā bahulīkatā nirayasaṃvattanikā hotī’’ti (a. ni. 8.40) evaṃ cetanā ca vācāti āgatā, na sā idha adhippetā. Kasmā? Abhāsitabbato. ‘‘Subhāsitā hoti, no dubbhāsitā’’ti hi vuttaṃ. Subhāsitāti suṭṭhu bhāsitā. Tenassā atthāvahataṃ dīpeti. Anavajjāti rāgādiavajjarahitā. Imināssa kāraṇasuddhiṃ agatigamanādippavattadosābhāvañca dīpeti. Rāgadosādivimuttañhi yaṃ bhāsato anurodhavivajjanato agatigamanaṃ durasamussitamevāti. Ananuvajjāti anuvādavimuttā. Imināssā sabbākārasampattiṃ dīpeti. Sati hi sabbākārasampattiyaṃ ananuvajjatāti. Viññūnanti paṇḍitānaṃ. Tena nindāpasaṃsāsu bālā appamāṇāti dīpeti.	"198-9. 여덟 번째 [경]에서 '요소들로(aṅgehi)'라는 것은 이유들로(kāraṇehi)라는 뜻이다. 원인의 상태로 알려진다고 해서 요소들(aṅgāni), 즉 이유들(kāraṇāni)이다. 그리고 '요소(aṅga)'라는 단어는 이유의 의미로 쓰였다. '다섯 가지로(pañcahi)'라는 것은 원인에 있어서의 탈격(nissakkavacana)이다. '갖춘(samannāgatā)'이라는 것은 따라가진(samanuāgatā), 진행된(pavattā), 그리고 결합된(yuttā) 것이다. '말(vācā)'이라는 것은 대화하는 말(samullapana-vācā)이다. 그것은 ""말, 음성, 발화""(Dhs 636)로도, ""흠이 없고 귀에 즐거운""(DN 1.9)으로도 [경전에] 나온다. 그러나 ""만약 말로 업을 지었다면""과 같은 표치(viññatti)로도, ""네 가지 구업의 악행으로부터 삼가는 것... 이것을 바른 말이라 한다""와 같은 절제(virati)로도, ""비구들이여, 거친 말을 의지하고 닦고 많이 행하면 지옥으로 이끈다""와 같은 의도(cetanā)로도 '말'이 나오지만, 그것은 여기서 의도된 것이 아니다. 왜인가? 말해질 수 있는 것이 아니기 때문이다. ""잘 말해진 것이지, 잘못 말해진 것이 아니다""라고 설해졌기 때문이다. '잘 말해진(subhāsitā)'이라는 것은 훌륭하게(suṭṭhu) 말해진(bhāsitā) 것이다. 그것으로 그것이 이익을 가져옴을 설명한다. '흠 없는(anavajjā)'이라는 것은 탐욕 등의 흠이 없는 것이다. 이것으로 그것의 원인의 청정함과, 편견에 빠짐 등으로 인해 발생하는 결점의 부재를 설명한다. 탐욕과 성냄 등에서 벗어난 것을 말하는 자에게는, 영합(anurodha)을 피하기 때문에 편견에 빠지는 것이 참으로 멀리 제거되기 때문이다. '비난받지 않는(ananuvajjā)'이라는 것은 비난에서 벗어난 것이다. 이것으로 그것의 모든 행상의 구족을 설명한다. 모든 행상의 구족이 있을 때 비난받지 않음이 있기 때문이다. '지자들에게(viññūnaṃ)'라는 것은 현자들에게(paṇḍitānaṃ)라는 뜻이다. 그것으로 비난과 칭찬에 있어서 어리석은 자들은 기준(appamāṇa)이 되지 못함을 설명한다."	"198-9. 여덟 번째 [경]에서 '요소들로(aṅgehi)'라는 것은 '이유들로(kāraṇehi)'라는 뜻이다. 원인의 상태로 알려진다고 해서 요소들(aṅgāni), 즉 이유들(kāraṇāni)이라고 한다. 여기서 '요소(aṅga)'라는 단어는 이유의 의미로 쓰였다. '다섯 가지로(pañcahi)'라는 것은 원인을 나타내는 탈격이다. '갖춘(samannāgatā)'이라는 것은 수반되고, 진행되고, 결합된 것이다. '말(vācā)'이라는 것은 대화하는 말이다. 그것은 경전에서 ""말, 음성, 발화""로도, ""흠이 없고 귀에 즐거운""으로도 나온다. 그러나 ""만약 말로 업을 지었다면""과 같은 표치(viññatti)로서의 말이나, ""네 가지 언어적 악행을 삼가는 것... 이것을 바른 말이라 한다""와 같은 절제(virati)로서의 말이나, ""비구들이여, 거친 말을 의지하고 닦고 많이 행하면 지옥으로 이끈다""와 같은 의도(cetanā)로서의 말도 경전에 나오지만, 여기서는 그런 의미로 의도된 것이 아니다. 왜인가? 그것들은 소리 내어 말해질 수 있는 것이 아니기 때문이다. 경에서 ""잘 말해진 것이지, 잘못 말해진 것이 아니다""라고 설해졌기 때문이다. '잘 말해진(subhāsitā)'이라는 것은 훌륭하게 말해진 것이다. 이 단어로 그 말이 이익을 가져옴을 설명한다. '흠 없는(anavajjā)'이라는 것은 탐욕 등의 흠이 없는 것이다. 이것으로 그 말이 일어난 원인의 청정함과, 편견에 빠짐 등으로 인해 발생하는 결점이 없음을 설명한다. 탐욕과 성냄 등에서 벗어난 것을 말하는 자에게는, 영합하는 것을 피하기 때문에 편견에 빠지는 일이 참으로 멀리 제거되기 때문이다. '비난받지 않는(ananuvajjā)'이라는 것은 비난에서 벗어난 것이다. 이것으로 그 말이 모든 측면에서 완벽하게 갖추어졌음을 설명한다. 모든 측면에서 완벽하게 갖추어졌을 때 비난받지 않음이 성립하기 때문이다. '지자들에게(viññūnaṃ)'라는 것은 현자들에게(paṇḍitānaṃ)라는 뜻이다. 이 단어로 비난과 칭찬을 할 때 어리석은 자들은 기준이 되지 못함을 설명한다."	gloss: factor; ko: 요소; note: 이 문맥에서는 원인이나 이유(kāraṇa)의 의미로 해석되었다.; pali: aṅga | gloss: intimation; ko: 표치; note: 의도를 밖으로 드러내는 신체적, 언어적 행위를 뜻하는 아비담마 용어이다.; pali: viññatti | gloss: abstinence; ko: 절제; note: 악행을 삼가는 마음작용을 뜻한다.; pali: virati | gloss: volition; ko: 의도; note: 업을 짓는 정신적 행위를 뜻한다.; pali: cetanā | gloss: wrong course; ko: 편견; note: 탐욕, 성냄, 어리석음, 두려움으로 인해 치우친 길로 가는 것을 뜻한다.; pali: agati	Pañcahīti hetumhi nissakkavacanaṃ: pañcahi는 형태상 구격/탈격 복수이나, 주석서는 여기서 원인을 나타내는 탈격(nissakkavacana)으로 쓰였다고 명시한다. | agatigamanādippavattadosābhāvañca: agati-gamana(편견에 빠짐)-ādi(등)-ppavatta(발생하는)-dosa(결점)-abhāvaṃ(없음)-ca(그리고)로 분석되는 복합어이다.	주석서는 '말(vācā)'이 아비담마적 관점에서 표치(viññatti), 절제(virati), 의도(cetanā)로도 쓰이지만, 이 경에서는 단순히 소리 내어 하는 '대화(samullapana)'를 의미한다고 구분한다. | '편견에 빠짐(agatigamana)'은 탐욕, 성냄, 어리석음, 두려움의 네 가지 치우친 길(사아가티, 4 agati)로 행하는 것을 의미한다.	durasamussitameva는 dura(멀리) + samussita(제거된, 또는 올려진) + eva(참으로)로 분석되나, 문맥상 '멀리 제거된'으로 해석하는 것이 자연스러워 그렇게 번역하였다.	
16	vri:romn:s0101t.tik:21baebababdc	romn/s0101t.tik.xml	84b35fabca5ae126706356394bbadc2cce51f50b54cdd4c4766cc308e9c019d0	tika	prose	long	hard	tika_long	sutta	Dīghanikāye	succeeded	True	False	146. Anto jālassāti antojālaṃ, antojāle katāti antojālīkatā. Apāyūpapattivasena adho osīdanaṃ, sampattibhavavasena uddhaṃ uggamanaṃ. Tathā parittabhūmimahaggatabhūmivasena, olīnatā’tidhāvanavasena, pubbantānudiṭṭhiaparantānudiṭṭhivasena ca yathākkamaṃ adho osīdanaṃ uddhaṃ uggamanaṃ yojetabbaṃ. ‘‘Dasasahassilokadhātū’’ti jātikhettaṃ sandhāyāha.	146. '그물의 안(anto jālassa)'이라고 해서 그물 안(antojālaṃ)이고, '그물 안에 만들어진 것(antojāle katā)'이라고 해서 그물 안에 갇힌 것(antojālīkatā)이다. 악처에 태어남에 의해 아래로 가라앉음이고, 선처에 태어남에 의해 위로 솟아오름이다. 이와 같이 제한된 지위와 고귀한 지위에 의해, 침체와 지나치게 달림에 의해, 그리고 과거에 대한 견해와 미래에 대한 견해에 의해 차례대로 아래로 가라앉음과 위로 솟아오름을 적용해야 한다. '1만 세계'라는 것은 탄생의 영역을 가리켜 말씀하신 것이다.	146. '그물의 안'이라고 해서 그물 안(antojālaṃ)이라 하고, '그물 안에 만들어진 것'이라고 해서 그물 안에 갇힌 것(antojālīkatā)이라 한다. 악처에 태어나는 것을 아래로 가라앉음이라 하고, 선처에 태어나는 것을 위로 솟아오름이라 한다. 이와 같이 제한된 지위(욕계)와 고귀한 지위(색계·무색계), 침체와 지나치게 달림, 그리고 과거에 대한 견해와 미래에 대한 견해에 대해서도 차례대로 아래로 가라앉음과 위로 솟아오름을 짝지어 적용해야 한다. '1만 세계'라는 것은 탄생의 영역을 가리켜 말씀하신 것이다.	gloss: caught in the net; ko: 그물 안에 갇힌 것; note: antojāle katā의 복합어 형태로, 그물 안에 들어간 상태를 의미한다.; pali: antojālīkatā | gloss: rebirth in the state of deprivation; ko: 악처에 태어남; note: apāya(악처)와 upapatti(태어남)의 결합이다.; pali: apāyūpapatti | gloss: fortunate existence; ko: 선처; note: 문맥상 악처(apāya)의 반대 개념으로 쓰였다.; pali: sampattibhava | gloss: field of birth; ko: 탄생의 영역; note: 부처님 탄생 시 영향을 받는 세계의 범위를 가리킨다.; pali: jātikhetta | gloss: limited plane; ko: 제한된 지위; note: 욕계를 가리키는 교리적 용어이다.; pali: parittabhūmi	'Anto jālassāti antojālaṃ, antojāle katāti antojālīkatā'는 단어의 형성 과정을 설명하는 주석서 특유의 어원적 풀이 구문이다. | 'yathākkamaṃ adho osīdanaṃ uddhaṃ uggamanaṃ yojetabbaṃ'에서 yathākkamaṃ(차례대로)은 앞서 나열된 쌍들의 전자를 '아래로 가라앉음'에, 후자를 '위로 솟아오름'에 각각 대응시켜 적용하라는 의미이다.	parittabhūmi(제한된 지위)는 욕계를, mahaggatabhūmi(고귀한 지위)는 색계와 무색계를 가리킨다. | jātikhetta(탄생의 영역)는 부처님이 탄생하실 때 진동하는 1만 세계의 범위를 의미한다.	sampattibhava를 '성취된 존재'로 직역할 수 있으나, 문맥상 apāya(악처)의 반대 개념으로 쓰였으므로 '선처'로 번역하였다.	
17	vri:romn:s0202t.tik:515a019a22b7	romn/s0202t.tik.xml	4b2cdee442b02d3acccc09031b2a2ea9532bde7fab99f122b2fd70aa8cc897f9	tika	prose	long	hard	tika_long	sutta	Majjhimanikāye	succeeded	True	False	207. Dve māgaṇḍiyāti dve māgaṇḍiyanāmakā. Devagabbhasadisanti devānaṃ vasanaovarakasadisaṃ. Etaṃ vuttanti ‘‘bhāradvājagottassa brāhmaṇassa agyāgāre tiṇasanthārake’’ti etaṃ vuttaṃ. Na kevalaṃ taṃ divasamevāti yaṃ divasaṃ māgaṇḍiyo paribbājako tiṇasanthārakaṃ paññattaṃ, na kevalaṃ taṃ divasameva bhagavā yenaññataro vanasaṇḍo, tenupasaṅkamīti yojanā. Gāmūpacāreti gāmasamīpe. Saññāṇaṃ katvāti saññāṇaṃ katvā viya. Na hi bhagavato tassa saññāṇakaraṇe payojanaṃ atthi.	"'두 명의 마간디야'라는 것은 두 명의 마간디야라는 이름을 가진 자들이다. '천신의 방과 같은'이라는 것은 천신들이 머무는 내실과 같다는 것이다. '이것이 설해졌다'라는 것은 ""바라드와자 고따인 바라문의 불의 집에 풀로 만든 자리에""라고 이것이 설해진 것이다. '단지 그 날만이 아니라'라는 것은 마간디야 유행자가 풀로 만든 자리가 마련된 것을 (본) 그 날, 단지 그 날만이 아니라 세존께서 어떤 숲이 있는 곳으로, 그곳으로 다가가셨다고 연결해야 한다. '마을 근처에'라는 것은 마을 가까이에 라는 뜻이다. '표시를 하고서'라는 것은 표시를 한 것과 같다는 뜻이다. 왜냐하면 세존에게는 그 표시를 하는 것에 필요가 없기 때문이다."	"'두 명의 마간디야'라는 것은 마간디야라는 이름을 가진 두 명을 말한다. '천신의 방과 같은'이라는 것은 천신들이 머무는 내실과 같다는 뜻이다. '이것이 설해졌다'라는 것은 ""바라드와자 고따인 바라문의 불의 집에 풀로 만든 자리에""라고 설해진 것을 말한다. '단지 그 날만이 아니라'라는 것은 마간디야 유행자가 풀로 만든 자리가 마련된 것을 본 그 날, 단지 그 날만이 아니라 세존께서 어떤 숲이 있는 곳으로 다가가셨다고 연결해서 해석해야 한다. '마을 근처에'라는 것은 마을 가까이에 라는 뜻이다. '표시를 하고서'라는 것은 표시를 한 것과 같다는 뜻이다. 왜냐하면 세존에게는 그러한 표시를 할 필요가 없기 때문이다."	gloss: fire-room; ko: 불의 집; note: 바라문들이 불을 모시고 제사를 지내는 장소.; pali: agyāgāra | gloss: grass mat; ko: 풀로 만든 자리; note: 풀을 깔아 만든 자리.; pali: tiṇasanthāraka | gloss: construction, interpretation; ko: 연결; note: 주석서에서 문장이나 단어의 연결, 구문 해석을 지시할 때 쓰이는 용어.; pali: yojanā | gloss: mark, sign; ko: 표시; note: 길이나 장소를 기억하기 위해 남기는 표시.; pali: saññāṇa	yojanā는 주석 문헌에서 앞뒤 문맥을 어떻게 연결하여 해석해야 하는지 지시할 때 사용되는 명사이다. | saññāṇaṃ katvā viya에서 viya는 실제로는 표시를 한 것이 아니라 표시를 한 것처럼 보인다는 비유적 의미를 나타낸다.	부처님은 모든 것을 아시는 지혜가 있으므로 길을 찾기 위해 물리적인 표시를 남길 필요가 없다는 점을 복주석에서 강조하고 있다.	yaṃ divasaṃ māgaṇḍiyo paribbājako tiṇasanthārakaṃ paññattaṃ에서 paññattaṃ 뒤에 addasa(보았다)와 같은 동사가 생략된 것으로 추정하여 번역하였다.	
18	vri:romn:vin01t1.tik:0d65e3ebbee5	romn/vin01t1.tik.xml	14b373b1e13ecf60d0f25363e54253201031e1ba826e5edfc7c78607b91a8255	tika	prose	long	hard	tika_long	vinaya	Vinayapiṭake	succeeded	True	False	Tisso vedanāti sukhadukkhaupekkhāvasena. Cattāro āhārāti kabaḷīkārāhāro phassāhāro manosañcetanāhāro viññāṇāhāroti cattāro āhārā. Tattha kabaḷīkārāhāro ojaṭṭhamakaṃ rūpaṃ āharatīti āhāro. Phasso tisso vedanā āharatīti āhāro. Manosañcetanā tīsu bhavesu paṭisandhiṃ āharatīti āhāro. Viññāṇaṃ paṭisandhikkhaṇe nāmarūpaṃ āharatīti āhāro. Upādānānaṃ ārammaṇabhūtā khandhā upādānakkhandhā. Cha ajjhattikāni āyatanānīti cakkhāyatanādimanāyatanapariyantāni. Satta viññāṇaṭṭhitiyoti nānattakāyā nānattasaññino, nānattakāyā ekattasaññino, ekattakāyā nānattasaññino, ekattakāyā ekattasaññino, heṭṭhimā ca tayo āruppāti imā satta ‘‘viññāṇaṃ tiṭṭhati etthāti viññāṇaṭṭhitiyo’’ti vuccanti. Tattha nānattaṃ kāyo etesaṃ, nānatto vā kāyo etesanti nānattakāyā, nānattasaññā etesaṃ atthīti nānattasaññino. Iminā nayena sesapadesupi attho veditabbo.	'세 가지 느낌들'이란 즐거움, 괴로움, 평온의 작용에 의해서이다. '네 가지 자양분들'이란 덩어리진 자양분, 감각접촉 자양분, 마음의 의도 자양분, 알음알이 자양분이라는 네 가지 자양분들이다. 거기서 덩어리진 자양분은 영양소를 여덟 번째로 하는 물질을 가져오기 때문에 자양분이다. 감각접촉은 세 가지 느낌들을 가져오기 때문에 자양분이다. 마음의 의도는 세 가지 존재들에서 재생연결을 가져오기 때문에 자양분이다. 알음알이는 재생연결의 순간에 정신·물질을 가져오기 때문에 자양분이다. 취착들의 대상이 된 무더기들이 취착의 무더기들이다. '여섯 가지 안의 감각장소들'이란 눈의 감각장소를 시작으로 하여 마음의 감각장소로 끝나는 것들이다. '일곱 가지 알음알이의 머묾들'이란 다양한 몸에 다양한 인식을 가진 자들, 다양한 몸에 단일한 인식을 가진 자들, 단일한 몸에 다양한 인식을 가진 자들, 단일한 몸에 단일한 인식을 가진 자들, 그리고 아래의 세 가지 무색계들이니, 이들 일곱 가지는 '알음알이가 여기에 머문다 하여 알음알이의 머묾들'이라고 불린다. 거기서 '그들의 몸이 다양하다', 혹은 '그들의 몸이 다르다'고 하여 다양한 몸을 가진 자들이며, '그들에게 다양한 인식이 있다'고 하여 다양한 인식을 가진 자들이다. 이 방법에 의해 남은 단어들에서도 의미가 알아져야 한다.	'세 가지 느낌'이란 즐거움, 괴로움, 평온을 말한다. '네 가지 자양분'이란 덩어리진 자양분, 감각접촉 자양분, 마음의 의도 자양분, 알음알이 자양분이라는 네 가지 자양분이다. 여기서 덩어리진 자양분은 영양소를 여덟 번째로 하는 물질을 가져오기 때문에 자양분이라 한다. 감각접촉은 세 가지 느낌을 가져오기 때문에 자양분이라 한다. 마음의 의도는 세 가지 존재(삼유)에서 재생연결을 가져오기 때문에 자양분이라 한다. 알음알이는 재생연결의 순간에 정신·물질(명색)을 가져오기 때문에 자양분이라 한다. 취착의 대상이 된 무더기(오온)들이 취착의 무더기들이다. '여섯 가지 안의 감각장소'란 눈의 감각장소를 시작으로 마음의 감각장소로 끝나는 것들이다. '일곱 가지 알음알이의 머묾'이란 다양한 몸에 다양한 인식을 가진 자들, 다양한 몸에 단일한 인식을 가진 자들, 단일한 몸에 다양한 인식을 가진 자들, 단일한 몸에 단일한 인식을 가진 자들, 그리고 아래의 세 가지 무색계들이니, 이 일곱 가지는 '알음알이가 여기에 머문다'고 하여 '알음알이의 머묾'이라고 부른다. 여기서 '그들의 몸이 다양하다' 혹은 '그들의 몸이 다르다'고 하여 '다양한 몸을 가진 자들'이라 하고, '그들에게 다양한 인식이 있다'고 하여 '다양한 인식을 가진 자들'이라 한다. 이와 같은 방법으로 나머지 단어들의 의미도 이해해야 한다.	gloss: nutriment; ko: 자양분; note: 존재를 유지하게 하는 네 가지 조건(4식)을 가리킨다.; pali: āhāra | gloss: matter with nutritive essence as the eighth; ko: 영양소를 여덟 번째로 하는 물질; note: 아비담마 물질론에서 가장 기본이 되는 순수팔원소(지, 수, 화, 풍, 색, 향, 미, 영양소)를 의미한다.; pali: ojaṭṭhamakaṃ rūpaṃ | gloss: rebirth-linking; ko: 재생연결; note: 이전 생과 다음 생을 연결하는 찰나의 마음을 가리킨다.; pali: paṭisandhi | gloss: aggregates of clinging; ko: 취착의 무더기; note: 번뇌와 취착의 대상이 되는 오온을 가리킨다.; pali: upādānakkhandhā | gloss: stations of consciousness; ko: 알음알이의 머묾; note: 알음알이가 머무는 7가지 세계(7식주)를 가리킨다.; pali: viññāṇaṭṭhitiyo	ojaṭṭhamakaṃ rūpaṃ āharatīti āhāro: 'āharati(가져오다)'라는 동사에서 'āhāra(자양분)'라는 명사가 파생되었음을 어원적으로 설명하는 구조이다. | nānattakāyā nānattasaññino: bahubbīhi(소유복합어)로 쓰여 '다양한 몸을 가진 자들', '다양한 인식을 가진 자들'로 해석된다.	'아래의 세 가지 무색계(heṭṭhimā ca tayo āruppā)'는 공무변처, 식무변처, 무소유처를 가리키며, 비상비비상처는 알음알이의 작용이 미미하여 알음알이의 머묾(viññāṇaṭṭhiti)에서 제외된다.		
19	vri:romn:s0201t.tik:7c03b0a5bdc5	romn/s0201t.tik.xml	8b6fffeff22b73866d6db68fc0947eecd176d1c68071192a416bea63d7cf2ba3	tika	prose	long	hard	tika_long	sutta	Majjhimanikāye	succeeded	True	False	392. Appeva sakena karaṇīyenāti mārisa, moggallāna, mayaṃ sakena karaṇīyena appeva bahukiccāpi na homa. Apica devānaṃyevāti apica kho pana devānaṃyeva tāvatiṃsānaṃ karaṇīyena visesato bahukiccāti atthayojanā. Bhummaṭṭhakadevatānampi keci aṭṭā sakkena vinicchitabbā hontīti āha ‘‘pathavito paṭṭhāyā’’ti. Niyamentoti avadhārento. Taṃ pana karaṇīyaṃ sarūpato dassetuṃ ‘‘devānaṃ hī’’tiādi vuttaṃ. Tāsanti devadhītudevaputtapādaparicārikānaṃ. Maṇḍanapasādhanakārikāti maṇḍanapasādhanasaṃvidhāyikā. Aṭṭakaraṇaṃ natthi saṃsayasseva abhāvato.	'아마도 자신의 할 일로는(appeva sakena karaṇīyena)'이라는 것은 '친숙한 이여, 목갈라나여, 우리는 자신의 할 일로는 아마도 일이 많지 않을 것입니다.'라는 뜻이다. '그러나 신들의(apica devānaṃyeva)'라는 것은 '그러나 참으로 따와띠사 신들의 할 일로 특별히 일이 많다.'라는 것이 의미의 연결이다. '지상에 머무는 신들의 어떤 소송들도 삭까에 의해 판결되어야 한다.'라고 하여 '땅으로부터 시작하여(pathavito paṭṭhāya)'라고 말했다. '규정하면서(niyamento)'라는 것은 '확정하면서(avadhārento)'라는 뜻이다. 그런데 그 할 일을 구체적으로 보여주기 위해 '참으로 신들의(devānaṃ hi)' 등이 설해졌다. '그녀들의(tāsaṃ)'이라는 것은 천녀, 천자, 발을 시중드는 자들의 (것이다). '장식과 치장을 하는 자(maṇḍanapasādhanakārikā)'라는 것은 장식과 치장을 마련하는 자(maṇḍanapasādhanasaṃvidhāyikā)이다. 소송을 하는 것은 없다, 의심 자체가 없기 때문이다.	'아마도 자신의 할 일로는'이라는 구절은 '친숙한 이여, 목갈라나여, 우리는 자신의 할 일로는 아마도 일이 많지 않을 것입니다.'라는 뜻이다. '그러나 신들의'라는 구절은 '그러나 참으로 따와띠사(삼십삼천) 신들의 할 일로 특별히 일이 많다.'라는 뜻풀이이다. '지상에 머무는 신들의 어떤 소송들도 삭까(제석천)에 의해 판결되어야 한다.'라고 하여 '땅으로부터 시작하여'라고 말했다. '규정하면서'라는 것은 '확정하면서'라는 뜻이다. 그런데 그 할 일을 구체적으로 보여주기 위해 '참으로 신들의' 등이 설해졌다. '그녀들의'라는 것은 천녀, 천자, 발을 시중드는 자들의 것을 말한다. '장식과 치장을 하는 자'라는 것은 장식과 치장을 마련하는 자이다. 소송을 하는 일은 없다, 의심 자체가 없기 때문이다.	gloss: lawsuit, case; ko: 소송; note: 신들 사이의 분쟁이나 재판을 의미한다.; pali: aṭṭa | gloss: to be judged, to be decided; ko: 판결되어야 하는; note: 삭까(제석천)가 신들의 문제를 결정하는 역할을 나타낸다.; pali: vinicchitabba | gloss: construction of meaning, explanation; ko: 뜻풀이; note: 주석서에서 원문의 의미를 연결하여 설명하는 것을 가리킨다.; pali: atthayojanā | gloss: by its own nature, specifically; ko: 구체적으로; note: 사물의 본래 성질이나 구체적인 모습을 보여준다는 의미로 쓰였다.; pali: sarūpato | gloss: adornment and decoration; ko: 장식과 치장; note: 신들의 꾸밈과 관련된 용어이다.; pali: maṇḍanapasādhana	Appeva sakena karaṇīyenāti는 인용 조사 iti가 결합된 형태로, 주석서에서 원문의 구절을 인용하여 해설을 시작하는 전형적인 구조이다. | saṃsayasseva abhāvato에서 abhāvato는 탈격으로 원인(~기 때문에)을 나타낸다.	삭까(Sakka, 제석천)는 따와띠사(삼십삼천)의 지배자로서 신들의 여러 문제나 소송을 판결하는 역할을 맡고 있음을 보여준다. | 지상에 머무는 신들(bhummaṭṭhaka-devatā)의 문제까지도 삭까의 관할 아래 있음을 설명하고 있다.	devadhītudevaputtapādaparicārikānaṃ의 복합어 분석에서 천녀, 천자, 그리고 발을 시중드는 자들의 병렬 구조로 해석했으나, 천녀와 천자의 발을 시중드는 자들로 해석할 여지도 있다.	
20	vri:romn:s0301t.tik:9b035b2c66f0	romn/s0301t.tik.xml	911c5a363116c4701eb15d68e6ff3afab18e50e3e8b36c70ebde03cdb8e02f83	tika	prose	long	hard	tika_long	sutta	Saṃyuttanikāye	succeeded	True	False	Akāraṇaṃ dakkhiṇeyyabhāvassa jāti adakkhiṇeyyabhāvahetūnaṃ pāpadhammānaṃ apaṭikkhepabhāvato. Etanti sīlādibhedaṃ caraṇaṃ. Dakkhiṇeyyabhāvassa kāraṇaṃ adakkhiṇeyyabhāvakārakapāpadhammānaṃ tadaṅgādivasena pajahanato. Assāti brāhmaṇassa. Tamatthanti taṃ dakkhiṇeyyabhāvassa kāraṇatāsaṅkhātamatthaṃ upamāya vibhāvento. Sālādikaṭṭhā jātovāti sālādivisuddhakaṭṭhāva jāto. Sāpānadoṇiādiavisuddhakaṭṭhā jāto aggikiccaṃ na ca na karoti. Evanti yathā aggi yato kutoci jātopi aggikiccaṃ karotiyeva, evaṃ caṇḍālakulādīsu jātopi dakkhiṇeyyo na na hoti guṇasampadāvasena ariyānaṃ vaṃse pajātattāti āha ‘‘guṇasampattiyā jātimā’’ti. Dhitiyā guṇasampattiyā pamukhabhāvaṃ dassetuṃ ‘‘so hī’’tiādi vuttaṃ. Tattha dhitiyāti vīriyena. Tañhi anuppannānaṃ kusaladhammānaṃ uppādanaparibrūhanehi te dhāreti. Hiriyā dose nisedheti, sammadeva pāpānaṃ jigucchane sati tesaṃ pavattiyā avasaro eva natthi. Monadhammena ñāṇasaṅkhātena ottappadhammena. Kāraṇākāraṇajānanakoti tesaṃ tesaṃ dhammānaṃ yathābhūtaṃ ṭhānaṃ, pāpadhammānaṃ vā vippakārasabhāvaṭṭhānaṃ jānanako.	출생(jāti)은 보시받을 만한 자격(dakkhiṇeyyabhāva)의 원인이 아니다. 보시받을 만한 자격이 없게 하는 원인인 악한 법들을 물리치지 못하는 상태이기 때문이다. '이것(etaṃ)'이란 계(sīla) 등으로 분류되는 행실(caraṇa)이다. 보시받을 만한 자격의 원인이다. 보시받을 만한 자격이 없게 만드는 악한 법들을 그 반대되는 것(tadaṅga) 등으로 버리기 때문이다. '그의(assa)'란 바라문의 [것이다]. '그 의미(tam atthaṃ)'란 보시받을 만한 자격의 원인이 되는 상태라고 불리는 그 의미를 비유로써 명확히 하는 것이다. '살라(sāla) 나무 등에서 생겨난 것과 같이'란 살라 나무 등 청정한 나무에서 생겨난 것이다. 개 구유(sāpānadoṇi) 등 청정하지 않은 나무에서 생겨난 것(불)도 불의 역할을 하지 않는 것이 아니다. '이와 같이(evaṃ)'란, 마치 불이 어디에서 생겨나든 불의 역할을 하듯이, 이와 같이 찬달라(caṇḍāla) 가문 등에서 태어났더라도 덕의 구족을 통해 성자들의 가문에 태어났기 때문에 보시받을 만한 자격이 없는 것이 아니라고 하여, '덕의 구족으로 출생을 갖춘 자(guṇasampattiyā jātimā)'라고 말했다. 꿋꿋함(dhiti)이 덕의 구족에서 으뜸이 됨을 보여주기 위해 '참으로 그는(so hi)' 등이 설해졌다. 거기서 '꿋꿋함으로(dhitiyā)'란 정진(vīriya)으로 [라는 뜻이다]. 왜냐하면 그것은 아직 생겨나지 않은 유익한 법들을 생겨나게 하고 증장시킴으로써 그것들을 유지하기 때문이다. 양심(hiri)으로 결점들을 억제하니, 바르게 악을 혐오함이 있을 때 그것들이 일어날 기회가 전혀 없다. '성자의 법(monadhamma)으로'란 지혜(ñāṇa)라고 불리는 수치심(ottappa)의 법으로 [라는 뜻이다]. '원인과 원인 아님을 아는 자(kāraṇākāraṇajānanako)'란 이러저러한 법들의 있는 그대로의 원인(ṭhāna)을, 혹은 악한 법들의 타락하는 성질의 원인을 아는 자이다.	출생은 보시받을 만한 자격의 원인이 되지 못한다. 보시받을 자격이 없게 만드는 악한 법들을 물리치지 못하기 때문이다. [본문에서] '이것'이란 계율 등으로 분류되는 행실을 뜻한다. 이것이 보시받을 만한 자격의 원인이 되는 것은, 보시받을 자격이 없게 만드는 악한 법들을 그 반대되는 요소 등으로 버리기 때문이다. '그의'란 바라문의 것을 뜻한다. '그 의미'란 보시받을 만한 자격의 원인이 되는 상태라는 의미를 비유로써 명확히 밝히는 것이다. '살라 나무 등에서 생겨난 것과 같이'란 살라 나무 등 깨끗한 나무에서 생겨난 불을 뜻한다. 개 구유 등 깨끗하지 않은 나무에서 생겨난 불이라도 불의 역할을 하지 못하는 것은 아니다. '이와 같이'란, 마치 불이 어디에서 생겨나든 불의 역할을 다하듯이, 이와 같이 천민(찬달라) 가문 등에서 태어났더라도 덕을 갖춤으로써 성자들의 가문에 태어났기 때문에 보시받을 만한 자격이 없는 것이 아니라는 뜻이다. 그래서 '덕을 갖춤으로써 출생을 갖춘 자'라고 한 것이다. 꿋꿋함이 덕을 갖추는 데 으뜸이 됨을 보여주기 위해 '참으로 그는' 등이 설해졌다. 여기서 '꿋꿋함으로'란 정진으로라는 뜻이다. 왜냐하면 정진은 아직 생겨나지 않은 유익한 법들을 생겨나게 하고 증장시킴으로써 그것들을 유지하기 때문이다. 양심으로 결점들을 억제하니, 바르게 악을 혐오함이 있을 때 악한 법들이 일어날 기회는 전혀 없다. '성자의 법으로'란 지혜라고 불리는 수치심의 법으로라는 뜻이다. '원인과 원인 아님을 아는 자'란 이러저러한 법들의 있는 그대로의 원인을, 혹은 악한 법들의 타락하는 성질의 원인을 아는 자이다.	gloss: state of being worthy of offerings; ko: 보시받을 만한 자격; note: 공양이나 보시를 받을 만한 거룩한 상태나 자격을 의미한다.; pali: dakkhiṇeyyabhāva | gloss: substitution of opposites; ko: 그 반대되는 것; note: 번뇌를 버리는 방식 중 하나인 '반대되는 것으로 버림(tadaṅgappahāna)'을 가리킨다.; pali: tadaṅga | gloss: firmness; ko: 꿋꿋함; note: 주석서에서 정진(vīriya)과 동의어로 설명된다.; pali: dhiti | gloss: moral shame; ko: 양심; note: 스스로를 부끄러워하여 악을 피하는 도덕적 감각이다.; pali: hiri | gloss: moral dread; ko: 수치심; note: 외부의 비난이나 과보를 두려워하여 악을 피하는 도덕적 감각이다.; pali: ottappa	na ca na karoti와 na na hoti는 이중 부정을 사용하여 강한 긍정(불의 역할을 한다, 보시받을 자격이 있다)을 나타낸다. | Sāpānadoṇiādiavisuddhakaṭṭhā는 '개(sā)가 마시는(pāna) 구유(doṇi) 등(ādi) 청정하지 않은(avisuddha) 나무(kaṭṭhā)'로 분석되는 복합어이다.	주석서는 출생(jāti)이 아니라 계율과 행실(caraṇa)이 보시받을 자격을 결정한다고 강조하며, 천민(caṇḍāla) 출신이라도 덕을 갖추면 성자의 가문(ariyānaṃ vaṃsa)에 태어난 것으로 간주한다.	monadhammena를 ñāṇasaṅkhātena ottappadhammena(지혜라고 불리는 수치심의 법으로)로 주해한 부분은, 일반적으로 mona가 지혜를 뜻하지만 여기서는 ottappa(수치심)와 결합하여 설명된 점이 특이하다.	
21	vri:romn:s0502a.att:9cdeba91e88c	romn/s0502a.att.xml	df740c976afc792e1cd7b802e794600cfbc46ff9728cf3209b26bf8527474de2	atthakatha	prose	long	hard	atthakatha_long	sutta	Khuddakanikāye	succeeded	True	False	Tadā kira sakko paṭhamayāmāvasāne devaparisāya saddhiṃ satthāraṃ upasaṅkamitvā vanditvā ekamante sāraṇīyadhammakathaṃ suṇanto nisīdi. Tasmiṃ khaṇe kisāgotamī ‘‘satthāraṃ passissāmī’’ti ākāsenāgantvā sakkaṃ disvā nivatti. So taṃ vanditvā nivattantiṃ disvā satthāraṃ pucchi – ‘‘kā nāmesā, bhante, āgacchamānāva tumhe disvā nivattatī’’ti? Satthā ‘‘kisāgotamī nāmesā, mahārāja, mama dhītā paṃsukūlikattherīnaṃ aggā’’ti vatvā imaṃ gāthamāha –	"그때 참으로 삭까가 초야의 끝에 천신 무리와 함께 스승께 다가가서 절하고 한 곁에 앉아 기억할 만한 법문을 들었다. 그 순간에 끼사고따미가 ""스승을 뵙겠다""라고 허공으로 와서 삭까를 보고 돌아갔다. 그는 그녀가 절하고 돌아가는 것을 보고 스승께 여쭈었다. ""세존이시여, 오자마자 당신을 보고 돌아가는 이 자는 이름이 무엇입니까?"" 스승께서 ""대왕이여, 이 자의 이름은 끼사고따미이니, 나의 딸이며 분소의를 입는 장로니들 중에 으뜸이다""라고 말씀하시고 이 게송을 말씀하셨다."	"전하는 바에 따르면, 그때 초야가 끝날 무렵 삭까(제석천)가 천신 무리와 함께 스승께 다가가서 절을 올리고 한 곁에 앉아 법문을 듣고 있었다. 그 순간 끼사고따미가 ""스승을 뵙겠다""라며 허공으로 날아왔다가 삭까를 보고는 발길을 돌렸다. 삭까는 그녀가 절을 하고 돌아가는 것을 보고 스승께 여쭈었다. ""세존이시여, 오자마자 당신을 뵙고 돌아가는 저 여인은 누구입니까?"" 스승께서 ""대왕이여, 저 여인은 끼사고따미이다. 나의 딸이며 분소의를 입는 장로니들 가운데 으뜸이다""라고 말씀하시고 이 게송을 읊으셨다."	gloss: Sakka; ko: 삭까; note: 신들의 왕인 제석천을 가리킨다.; pali: sakka | gloss: wearer of rag-robes; ko: 분소의를 입는 자; note: 버려진 천 조각을 주워 만든 옷을 입는 수행자를 뜻한다.; pali: paṃsukūlika | gloss: elder nun; ko: 장로니; note: 비구니 승단에서 존경받는 여성 수행자를 가리킨다.; pali: therī	ākāsenāgantvā는 ākāsena(허공으로)와 āgantvā(와서)의 연음이다. | nivattantiṃ은 현재분사 nivattantī의 여성 단수 대격으로, 돌아가는 그녀(taṃ)를 수식한다.	paṃsukūlika는 버려진 천 조각을 주워 만든 옷(분소의)을 입는 두따웅가(두타행) 수행자를 가리킨다.		
22	vri:romn:e0104n.att:4f746e67fa49	romn/e0104n.att.xml	7818028337af27953dc5b65fdc8064470feff5ba3b5d4065564c703c617c5299	atthakatha	prose	long	hard	atthakatha_long	extra	unknown	succeeded	True	False	750. Sabbasaṅkhārānanti tebhūmakānaṃ sabbasaṅkhārānaṃ. Adhikāravasena hi padesasabbavisayo idha sabbasaddo. Āsevantassāti ādaravasena sevantassa pavattentassa. Bhāventassāti vaḍḍhentassa brūhentassa. Bahulīkarontassāti punappunaṃ karontassa yuñjantassa. Pabhedakāti khaṇe khaṇe bhijjanavasena pabhedakā. Ājīvikā byādhiādinimittaṃ maritukāmassa, amaritukāmassāpi sūrassa bhāyitabbampi na bhayato upaṭṭhātīti ‘‘sukhena jīvitukāmassa bhīrukapurisassā’’ti vuttaṃ. Yathā bhīrukajātikassa sīhādayo santāsanimittaṃ bhayānakabhāvato, tathā yogino bhaṅgato dissamānā saṅkhārāti āha ‘‘sīha…pe… upaṭṭhahantī’’ti. Paccuppannāti addhāpaccuppannā oḷārikā dīghatarapabandhā, khaṇapaccuppannā sukhumatarā ittarakālā, santatipaccuppannā majjhimā idha ādito pariggahetabbā. Bhayato bhāyitabbato upatiṭṭhanakesu ñāṇaṃ bhayatupaṭṭhānañāṇaṃ.	"'모든 형성된 것들의(sabbasaṅkhārānaṃ)'라는 것은 삼계에 속하는 모든 형성된 것들의 [의미이다]. 왜냐하면 여기서 '모든(sabba)'이라는 단어는 문맥에 따라 부분적인 모든 것을 대상으로 하기 때문이다. '실천하는 자에게(āsevantassa)'라는 것은 존중함으로 실천하는 자에게, 진행시키는 자에게 [의미이다]. '닦는 자에게(bhāventassa)'라는 것은 증장시키는 자에게, 키우는 자에게 [의미이다]. '많이 행하는 자에게(bahulīkarontassa)'라는 것은 거듭거듭 행하는 자에게, 전념하는 자에게 [의미이다]. '파괴되는 것들(pabhedakā)'이라는 것은 매 순간 부서지기 때문에 파괴되는 것들 [의미이다]. 생계나 질병 등의 원인으로 죽기를 원하는 자에게, 혹은 죽기를 원하지 않더라도 용감한 자에게는 두려워해야 할 것도 두려움으로 나타나지 않기 때문에 ""행복하게 살기를 원하는 겁 많은 사람에게""라고 설해졌다. 마치 겁 많은 성향을 가진 자에게 사자 등이 두려운 상태이기 때문에 공포의 원인인 것처럼, 그와 같이 수행자에게 무너짐으로 보이는 형성된 것들이라고 ""사자... (등으로)... 나타난다""라고 말했다. '현재의 것들(paccuppannā)'이라는 것은, 기간의 현재의 것들은 거칠고 더 긴 연속이며, 찰나의 현재의 것들은 더 미세하고 짧은 시간이며, 상속의 현재의 것들은 중간의 것들로서, 여기서는 처음부터 파악되어야 한다. 두려움으로, 두려워해야 할 것으로 나타나는 것들에 대한 지혜가 두려움으로 나타나는 지혜(공포현관지)이다."	"'모든 형성된 것들의'라는 것은 삼계에 속하는 모든 형성된 것들을 뜻한다. 왜냐하면 여기서 '모든'이라는 단어는 문맥에 따라 부분적인 모든 것을 대상으로 하기 때문이다. '실천하는 자에게'라는 것은 존중함으로 실천하는 자에게, 진행시키는 자에게라는 뜻이다. '닦는 자에게'라는 것은 증장시키는 자에게, 키우는 자에게라는 뜻이다. '많이 행하는 자에게'라는 것은 거듭거듭 행하는 자에게, 전념하는 자에게라는 뜻이다. '파괴되는 것들'이라는 것은 매 순간 부서지기 때문에 파괴되는 것들이라는 뜻이다. 생계나 질병 등의 원인으로 죽기를 원하는 자에게, 혹은 죽기를 원하지 않더라도 용감한 자에게는 두려워해야 할 것도 두려움으로 나타나지 않기 때문에 ""행복하게 살기를 원하는 겁 많은 사람에게""라고 설해졌다. 마치 겁 많은 성향을 가진 자에게 사자 등이 두려운 상태이기 때문에 공포의 원인인 것처럼, 그와 같이 수행자에게 무너짐으로 보이는 형성된 것들이라고 ""사자... (등으로)... 나타난다""라고 말했다. '현재의 것들'이라는 것은, 기간의 현재의 것들은 거칠고 더 긴 연속이며, 찰나의 현재의 것들은 더 미세하고 짧은 시간이며, 상속의 현재의 것들은 중간의 것들로서, 여기서는 처음부터 파악되어야 한다. 두려움으로, 두려워해야 할 것으로 나타나는 것들에 대한 지혜가 두려움으로 나타나는 지혜(공포현관지)이다."	gloss: of all conditioned things; ko: 모든 형성된 것들의; note: saṅkhāra가 조건 지어진 현상 일반을 가리키는 문맥이므로 '형성된 것들'로 번역했다.; pali: sabbasaṅkhārānaṃ | gloss: knowledge of appearance as terror; ko: 두려움으로 나타나는 지혜; note: 위빠사나 지혜 중 하나로, 형성된 것들이 무너지는 것을 보고 두려움으로 나타나는 지혜(공포현관지)를 가리킨다.; pali: bhayatupaṭṭhānañāṇa | gloss: present by way of duration; ko: 기간의 현재; note: 현재(paccuppanna)를 세 가지로 분류한 주석서의 용어 중 하나이다.; pali: addhāpaccuppanna | gloss: present by way of moment; ko: 찰나의 현재; note: 현재(paccuppanna)를 세 가지로 분류한 주석서의 용어 중 하나이다.; pali: khaṇapaccuppanna | gloss: present by way of continuity; ko: 상속의 현재; note: 현재(paccuppanna)를 세 가지로 분류한 주석서의 용어 중 하나이다.; pali: santatipaccuppanna	padesasabbavisayo: padesa(부분) + sabba(모든) + visaya(대상)의 복합어로, 전체 중 특정 부분에 한정된 '모든'을 의미한다.	현재(paccuppanna)를 기간(addhā), 찰나(khaṇa), 상속(santati)의 세 가지로 분류하여 설명하는 것은 주석서 문헌의 특징적인 교리적 분석이다.	ājīvikā byādhiādinimittaṃ에서 ājīvikā를 사명외도(Ājīvika)로 볼 여지도 있으나, 문맥상 질병(byādhi)과 병렬되어 생계의 어려움으로 해석하는 것이 더 개연성이 높다.	
23	vri:romn:s0505a.att:eef408281f45	romn/s0505a.att.xml	b2ae0709f2cce0ad8cebdbabcde7f568bf942be22c2b07ff3528c4ffcf6611b8	atthakatha	prose	long	hard	atthakatha_long	sutta	Khuddakanikāye	succeeded	True	False	Atthavaṇṇanāyaṃ pana khiḍḍāti kīḷanā. Sā duvidhā hoti – kāyikā, vācasikā ca. Tattha kāyikā nāma hatthīhipi kīḷanti, assehipi, rathehipi, dhanūhipi, tharūhipīti evamādi. Vācasikā nāma gītaṃ, silokabhaṇanaṃ, mukhabherīti evamādi. Ratīti pañcakāmaguṇarati. Vipulanti yāva aṭṭhimiñjaṃ āhacca ṭhānena sakalattabhāvabyāpakaṃ. Sesaṃ pākaṭameva. Anusandhiyojanāpi cettha saṃsaggagāthāya vuttanayeneva veditabbā, tato parañca sabbanti.	의미 주석에서 '놀이(khiḍḍā)'라는 것은 노는 것(kīḷanā)이다. 그것은 두 가지이다. 신체적인 것과 언어적인 것이다. 거기서 신체적인 것이란 코끼리로도 놀고, 말로도, 수레로도, 활로도, 칼로도 노는 것 등이다. 언어적인 것이란 노래, 게송 읊기, 입으로 북소리 내기 등이다. '즐거움(rati)'이라는 것은 다섯 가지 감각적 욕망의 즐거움이다. '광대한(vipulaṃ)'이라는 것은 골수에 닿을 때까지 전체 몸에 퍼지는 것이다. 나머지는 분명하다. 그리고 여기서 연결의 결합도 '접촉(saṃsagga)' 게송에서 설해진 방식대로 알아야 하며, 그 이후의 모든 것도 그러하다.	의미 주석에서 '놀이(khiḍḍā)'라는 것은 노는 것을 뜻한다. 그것은 신체적인 것과 언어적인 것의 두 가지이다. 거기서 신체적인 것이란 코끼리, 말, 수레, 활, 칼 등을 가지고 노는 것을 말한다. 언어적인 것이란 노래, 게송 읊기, 입으로 북소리 내기 등이다. '즐거움(rati)'이라는 것은 다섯 가지 감각적 욕망의 즐거움을 뜻한다. '광대한(vipulaṃ)'이라는 것은 골수에 사무칠 때까지 온몸에 퍼지는 것을 뜻한다. 나머지는 분명하다. 그리고 여기서 문맥의 연결 또한 '접촉(saṃsagga)' 게송에서 설해진 방식대로 이해해야 하며, 그 이후의 모든 것도 마찬가지이다.	gloss: play; ko: 놀이; note: 신체적, 언어적 유희를 가리킨다.; pali: khiḍḍā | gloss: delight of the five cords of sensual pleasure; ko: 다섯 가지 감각적 욕망의 즐거움; note: 오욕락을 의미한다.; pali: pañcakāmaguṇarati | gloss: body, individual existence; ko: 몸; note: 직역하면 '자아의 상태'이나, 불교 문맥에서는 개체의 몸을 뜻한다.; pali: attabhāva | gloss: connection of sequence; ko: 문맥의 연결; note: 주석서에서 앞뒤 문맥의 연결 관계를 뜻하는 용어이다.; pali: anusandhiyojanā	aṭṭhimiñjaṃ āhacca는 '골수에 닿아서'라는 뜻으로, 감각이 뼛속 깊이 사무치는 상태를 묘사하는 관용적 표현이다. | hatthīhipi kīḷanti 등은 도구격(-hi)을 사용하여 '코끼리들로 논다'는 의미를 나타낸다.	attabhāva는 자아(atta)라는 단어가 포함되어 있으나, 상좌부 문맥에서는 형이상학적 자아가 아니라 개체의 몸이나 존재 자체를 가리키는 용어로 쓰인다. | anusandhiyojanā는 주석서 문헌에서 경전의 앞뒤 문맥이나 게송 간의 논리적 연결 관계를 설명할 때 사용하는 전문 용어이다.		
24	vri:romn:vin01a.att:08cbe3d88a96	romn/vin01a.att.xml	f707021e54a96a49c450596a69dc3a85202ab5e3f4a0d6fc07f34fe80063b5c4	atthakatha	prose	long	hard	atthakatha_long	vinaya	Vinayapiṭake	succeeded	True	False	Seyyathāpīti opammanidassanametaṃ. Gimhānaṃ pacchime māseti āsāḷhamāse. Ūhataṃ rajojallanti addhamāse vātātapasukkhāya gomahiṃsādipādappahārasambhinnāya pathaviyā uddhaṃ hataṃ ūhataṃ ākāse samuṭṭhitaṃ rajañca reṇuñca. Mahā akālameghoti sabbaṃ nabhaṃ ajjhottharitvā uṭṭhito āsāḷhajuṇhapakkhe sakalaṃ addhamāsaṃ vassanakamegho. So hi asampatte vassakāle uppannattā akālameghoti idhādhippeto. Ṭhānaso antaradhāpeti vūpasametīti khaṇeneva adassanaṃ neti, pathaviyaṃ sannisīdāpeti. Evameva khoti opammasampaṭipādanametaṃ. Tato paraṃ vuttanayameva.	'마치 ~와 같이(seyyathāpi)'라는 것은, 이것은 비유를 보여주는 것이다. '여름의 마지막 달에'라는 것은, 아살하(Āsāḷha) 달에. '피어오른 먼지와 티끌'이라는 것은, 반 달 동안 바람과 햇볕에 마르고 소와 물소 등의 발굽에 밟혀 부서진 땅으로부터 위로 쳐져 피어오르고 허공에 솟아오른 먼지와 티끌을 (말한다). '때아닌 큰 비'라는 것은, 온 하늘을 뒤덮고 일어나 아살하 달의 밝은 반 달에 전체 반 달 동안 비를 내리는 구름을 (말한다). 그것은 참으로 우기가 도달하지 않았을 때 일어났기 때문에 '때아닌 비'라고 여기서 의도되었다. '즉시 사라지게 하고 가라앉힌다'라는 것은, 순식간에 보이지 않게 하고, 땅에 가라앉힌다. '이와 같이 참으로'라는 것은, 이것은 비유의 적용이다. 그 이후는 설해진 방법 그대로이다.	'마치 ~와 같이'라는 것은 비유를 보여주는 것이다. '여름의 마지막 달에'라는 것은 아살하(Āsāḷha) 달을 말한다. '피어오른 먼지와 티끌'이라는 것은 반 달 동안 바람과 햇볕에 마르고 소와 물소 등의 발굽에 밟혀 부서진 땅에서 위로 쳐져 피어오르고 허공에 솟아오른 먼지와 티끌을 뜻한다. '때아닌 큰 비'라는 것은 온 하늘을 뒤덮고 일어나 아살하 달의 밝은 반 달(상순) 내내 비를 내리는 구름을 뜻한다. 그것은 우기가 오기 전에 일어났기 때문에 여기서 '때아닌 비'라고 의도된 것이다. '즉시 사라지게 하고 가라앉힌다'라는 것은 순식간에 보이지 않게 하고 땅에 가라앉히는 것을 뜻한다. '이와 같이 참으로'라는 것은 비유를 적용하는 것이다. 그 이후는 이미 설해진 방법 그대로이다.	gloss: the month of Āsāḷha; ko: 아살하 달; note: 인도력으로 대략 6~7월에 해당하는 달이다.; pali: āsāḷhamāsa | gloss: dust and dirt; ko: 먼지와 티끌; note: raja(먼지)와 jalla(티끌, 때)의 복합어이다.; pali: rajojalla | gloss: unseasonal rain cloud; ko: 때아닌 비; note: 우기가 아닌 때에 내리는 큰 비구름을 의미한다.; pali: akālamegha | gloss: application of a simile; ko: 비유의 적용; note: 앞서 제시된 비유를 본래의 주제에 맞추어 적용하는 것을 뜻한다.; pali: opammasampaṭipādana	Ūhataṃ rajojallanti는 Ūhataṃ rajojallaṃ에 인용 불변화사 iti가 결합된 형태로, 주석서에서 해설할 경전의 표제어를 나타낸다. | gomahiṃsādipādappahārasambhinnāya는 go(소)-mahiṃsa(물소)-ādi(등)-pāda(발)-ppahāra(타격, 밟힘)-sambhinnāya(부서진)로 이루어진 복합어로, 뒤따르는 pathaviyā(땅으로부터)를 수식하는 여성 단수 탈격 형태이다.	이 단락은 들숨날숨에 대한 마음챙김(ānāpānassati)이 일어난 악하고 불건전한 상태들을 즉시 가라앉히는 것을, 여름철 먼지를 가라앉히는 큰 비에 비유한 경전의 구절을 해설하는 부분이다. | 아살하(Āsāḷha) 달은 우기가 본격적으로 시작되기 직전의 덥고 건조한 시기로, 먼지가 많이 일어나는 때를 상징한다.		
25	vri:romn:s0505a.att:13574abc1c7e	romn/s0505a.att.xml	cc42ce3d03038fa93c67f30658178e64ed03cddc653fdf195a9bb1897b9dfb42	atthakatha	prose	long	hard	atthakatha_long	sutta	Khuddakanikāye	succeeded	True	False	Evaṃ dhaniyo brahmacariyacaraṇāpadesena bhagavantaṃ pabbajjaṃ yācitvā pabbajjapayojanaṃ dīpento āha ‘‘jātīmaraṇassa pāragū, dukkhassantakarā bhavāmase’’ti. Jātimaraṇassa pāraṃ nāma nibbānaṃ, taṃ arahattamaggena gacchāma. Dukkhassāti vaṭṭadukkhassa. Antakarāti abhāvakarā. Bhavāmaseti bhavāma, atha vā aho vata mayaṃ bhaveyyāmāti. ‘‘Carāmase’’ti ettha vuttanayeneva taṃ veditabbaṃ. Evaṃ vatvāpi ca puna ubhopi kira bhagavantaṃ vanditvā ‘‘pabbājetha no bhagavā’’ti evaṃ pabbajjaṃ yāciṃsūti.	"이와 같이 다니야는 청정범행을 실천하겠다는 이유로 세존께 출가를 간청하고서 출가의 목적을 밝히면서 ""생과 사의 피안에 도달한 자, 괴로움의 끝을 낸 자가 되겠습니다""라고 말했다. '생과 사의 피안'이라는 것은 열반이다. 그것을 아라한의 도로 우리는 간다. '괴로움의'라는 것은 윤회의 괴로움을 말한다. '끝을 낸 자'라는 것은 존재하지 않게 하는 자를 말한다. '되겠습니다(bhavāmase)'라는 것은 '우리는 된다(bhavāma)' 혹은 '아, 참으로 우리가 되었으면'이라는 뜻이다. '실천하겠습니다(carāmase)'라는 곳에서 설해진 방식대로 그것을 알아야 한다. 이와 같이 말하고서도 다시 두 사람 모두 참으로 세존께 절하고서 ""세존이시여, 저희를 출가시켜 주십시오""라고 이와 같이 출가를 간청했다."	"이와 같이 다니야는 청정범행을 실천하겠다는 이유로 세존께 출가를 간청하고서, 출가의 목적을 밝히며 ""생과 사의 피안에 도달한 자, 괴로움의 끝을 낸 자가 되겠습니다""라고 말했다. '생과 사의 피안'이라는 것은 열반이다. 그것을 아라한의 도로 우리는 간다. '괴로움의'라는 것은 윤회의 괴로움을 말한다. '끝을 낸 자'라는 것은 존재하지 않게 하는 자를 말한다. '되겠습니다(bhavāmase)'라는 것은 '우리는 된다(bhavāma)' 혹은 '아, 참으로 우리가 되었으면'이라는 뜻이다. '실천하겠습니다(carāmase)'라는 구절에서 설해진 방식대로 그것을 알아야 한다. 이와 같이 말하고서도 다시 두 사람 모두 세존께 절하고서 ""세존이시여, 저희를 출가시켜 주십시오""라고 출가를 간청했다."	gloss: with the reason of practicing the holy life; ko: 청정범행을 실천하겠다는 이유로; note: brahmacariya(청정범행) + caraṇa(실천) + apadesena(이유로, 구실로)의 복합어이다.; pali: brahmacariyacaraṇāpadesena | gloss: suffering of the round of rebirths; ko: 윤회의 괴로움; note: vaṭṭa(윤회)와 dukkha(괴로움)의 복합어이다.; pali: vaṭṭadukkha | gloss: one who makes non-existent; ko: 존재하지 않게 하는 자; note: abhāva(비존재) + kara(만드는 자)로, 괴로움을 소멸시키는 것을 의미한다.; pali: abhāvakara	bhavāmase는 1인칭 복수 명령법/원망법 어미(-āmase)를 취한 형태로, 주석서는 이를 직설법(bhavāma)이나 원망법(bhaveyyāma)으로 풀이하고 있다. | carāmase 역시 동일한 어미를 가지며, 앞서 설명된 방식과 동일하게 이해하라는 지시문이 포함되어 있다.	주석서는 '생과 사의 피안'을 열반으로, '괴로움'을 윤회의 괴로움으로 명확히 정의하여 초기불교의 해탈관을 보여준다.	apadesena를 '핑계로'로 번역할지 '이유로'로 번역할지 뉘앙스 차이가 있으나, 여기서는 출가를 청하는 명분으로 삼았다는 의미에서 '이유로'를 채택했다.	
26	vri:romn:s0515a.att:d24c7e329f13	romn/s0515a.att.xml	c9dd159711c5c7ba03a95369e38b7a5f07851c43abf69c57468de0a34439d578	atthakatha	prose	long	hard	atthakatha_long	sutta	Khuddakanikāye	succeeded	True	False	Anuppadātāti sandhānānuppadātā. Dve jane samagge disvā ‘‘tumhākaṃ evarūpe kule jātānaṃ evarūpehi guṇehi samannāgatānaṃ anucchavikameta’’ntiādīni vatvā daḷhīkammaṃ kattāti attho. Samaggo ārāmo assāti samaggārāmo, yattha samaggā natthi, tattha vasitumpi na icchatīti attho. ‘‘Samaggarāmo’’tipi pāḷi, ayamevettha attho. Samaggaratoti samaggesu rato, te pahāya aññatra gantumpi na icchatīti attho. Samagge disvāpi sutvāpi nandatīti samagganandī. Samaggakaraṇiṃ vācaṃ bhāsitāti yā vācā satte samaggeyeva karoti, taṃ sāmaggiguṇaparidīpikameva vācaṃ bhāsati, na itaranti.	"'제공하는 자'라는 것은 결합을 제공하는 자이다. 두 사람이 화합하는 것을 보고 ""이러한 가문에 태어나고 이러한 덕을 갖춘 당신들에게 이것은 어울리는 일입니다""라는 등의 말을 하여 확고하게 하는 자라는 뜻이다. '그에게 화합이 즐거움이다'라고 하여 화합을 즐기는 자이니, 화합하는 자들이 없는 곳, 그곳에는 머무는 것조차 원하지 않는다는 뜻이다. ""Samaggarāmo""라는 빠알리도 있는데, 여기서 뜻은 이것과 같다. '화합을 기뻐하는 자'라는 것은 화합하는 자들 안에서 기뻐하는 자이니, 그들을 버리고 다른 곳으로 가는 것조차 원하지 않는다는 뜻이다. 화합하는 자들을 보거나 듣고서 기뻐한다고 하여 화합을 즐거워하는 자이다. '화합을 만드는 말을 하는 자'라는 것은 어떤 말이 중생들을 화합하게만 한다면, 그 화합의 덕을 보여주는 말만을 하고, 다른 말은 하지 않는다는 뜻이다."	"'제공하는 자(anuppadātā)'라는 것은 결합을 제공하는 자를 말한다. 두 사람이 화합하는 것을 보고 ""이러한 가문에 태어나고 이러한 덕을 갖춘 당신들에게 이것은 어울리는 일입니다""라는 등의 말을 하여 화합을 확고하게 하는 자라는 뜻이다. '그에게 화합이 즐거움이다'라고 하여 화합을 즐기는 자(samaggārāma)이니, 화합하는 자들이 없는 곳에는 머무는 것조차 원하지 않는다는 뜻이다. ""Samaggarāmo""라는 빠알리 원문도 있는데, 여기서 뜻은 이것과 같다. '화합을 기뻐하는 자(samaggarata)'라는 것은 화합하는 자들 안에서 기뻐하는 자이니, 그들을 버리고 다른 곳으로 가는 것조차 원하지 않는다는 뜻이다. 화합하는 자들을 보거나 듣고서 기뻐한다고 하여 화합을 즐거워하는 자(samagganandī)이다. '화합을 만드는 말을 하는 자(samaggakaraṇiṃ vācaṃ bhāsitā)'라는 것은 어떤 말이 중생들을 화합하게만 한다면, 그 화합의 덕을 보여주는 말만을 하고 다른 말은 하지 않는다는 뜻이다."	gloss: provider; ko: 제공하는 자; note: 화합을 돕고 결합을 제공하는 역할을 의미한다.; pali: anuppadātā | gloss: harmonious; ko: 화합하는; note: 분쟁이 없고 뜻이 맞는 상태나 사람들을 가리킨다.; pali: samagga | gloss: one who delights in harmony; ko: 화합을 즐기는 자; note: 화합을 즐거움으로 삼는 사람을 뜻한다.; pali: samaggārāma | gloss: one who rejoices in harmony; ko: 화합을 기뻐하는 자; note: 화합하는 무리 안에서 기뻐하는 사람을 뜻한다.; pali: samaggarata | gloss: one who is glad in harmony; ko: 화합을 즐거워하는 자; note: 화합하는 모습을 보거나 듣고 즐거워하는 사람을 뜻한다.; pali: samagganandī	"""Samaggo ārāmo assāti samaggārāmo""는 소유복합어(bahubbīhi)를 분석하여 그 의미를 밝히는 전형적인 주석서의 구문이다. | ""daḷhīkammaṃ kattā""는 '확고하게 하는 자'라는 뜻으로, 앞서 언급된 화합을 더욱 굳건히 다지는 역할을 의미한다."	이 단락은 분쟁을 피하고 화합을 도모하는 수행자의 언어적, 정신적 태도를 설명하는 주석이다. | 화합(samagga)을 즐기고 기뻐하며, 화합을 촉진하는 말만 하는 것은 바른 말(sammāvācā)의 실천 중 이간질하는 말(pisuṇāvācā)을 삼가는 것과 깊은 관련이 있다.	"""Samaggarāmo""라는 빠알리 원문 표기에 대해, 주석서는 이것이 ""samaggārāmo""와 같은 의미라고 설명하고 있다."	
27	vri:romn:s0513a1.att:51118d2e3575	romn/s0513a1.att.xml	7683428ea1b3d39452ddbc9ce2edf571f30b89a0ac8bfc299911f4a20fff79ee	atthakatha	prose	long	hard	atthakatha_long	sutta	Khuddakanikāye	succeeded	True	False	Atha bārāṇasirājā uyyānaṃ gacchanto taṃ ṭhānaṃ pāpuṇi. Ussāraṇābhayena sabbe dārakā palāyiṃsu, pīṭhasappī tattheva nipajji. Rājā nigrodhamūlaṃ patvā rathe nisinno pattānaṃ chiddatāya chāyaṃ kabarakabaraṃ disvā olokento sabbesaṃ pattānaṃ chiddabhāvaṃ disvā ‘‘kenetāni evaṃ katānī’’ti pucchi. ‘‘Pīṭhasappinā, devā’’ti. Rājā ‘‘imaṃ nissāya brāhmaṇassa vacanupacchedaṃ kātuṃ sakkā bhavissatī’’ti cintetvā ‘‘kahaṃ, bhaṇe, pīṭhasappī’’ti pucchi. Vicinantā mūlantare nipannaṃ disvā ‘‘ayaṃ, devā’’ti āhaṃsu. Rājā naṃ pakkosāpetvā parisaṃ ussāretvā pucchi ‘‘amhākaṃ santike eko mukharabrāhmaṇo atthi, sakkhissasi taṃ nissaddaṃ kātu’’nti. Nāḷimattā ajalaṇḍikā labhanto sakkhissāmi, devāti. Rājā pīṭhasappiṃ gharaṃ netvā antosāṇiyaṃ nisīdāpetvā sāṇiyaṃ chiddaṃ kāretvā brāhmaṇassa chiddābhimukhaṃ āsanaṃ paññapetvā nāḷimattā sukkhā ajalaṇḍikā pīṭhasappissa santike ṭhapāpetvā brāhmaṇaṃ upaṭṭhānakāle āgataṃ tasmiṃ āsane nisīdāpetvā kathaṃ samuṭṭhāpesi. Brāhmaṇo aññesaṃ okāsaṃ adatvā raññā saddhiṃ kathetuṃ ārabhi. Athassa so pīṭhasappī sāṇicchiddena ekekaṃ ajalaṇḍikaṃ pacchiyaṃ pavesento viya tālutalamhiyeva pāteti, brāhmaṇo āgatāgataṃ nāḷiyaṃ telaṃ pavesento viya gilati, sabbā parikkhayaṃ gamiṃsu. Tassetā nāḷimattā ajalaṇḍikā kucchiṃ paviṭṭhā aḍḍhāḷhakamattā ahesuṃ.	"그때 바라나시의 왕은 공원으로 가면서 그 장소에 도달했다. (사람들을) 몰아내는 두려움 때문에 모든 소년들은 도망쳤고, 앉은뱅이는 바로 그곳에 누웠다. 왕은 니그로다 나무 밑에 도달하여 수레에 앉은 채로 잎사귀들의 구멍 난 상태 때문에 그림자가 얼룩덜룩한 것을 보고서, 쳐다보며 모든 잎사귀들의 구멍 난 상태를 보고서 ""누구에 의해 이것들이 이처럼 만들어졌는가?""라고 물었다. ""앉은뱅이에 의해서입니다, 대왕이시여""라고 (대답했다). 왕은 ""이 자를 의지하여 바라문의 말 끊기를 하는 것이 가능할 것이다""라고 생각하고서 ""여봐라, 앉은뱅이는 어디에 있느냐?""라고 물었다. (신하들이) 찾다가 뿌리 사이에 누워있는 것을 보고서 ""이 자입니다, 대왕이시여""라고 말했다. 왕은 그를 부르게 하고 무리를 물러나게 하고서 물었다. ""우리 곁에 한 명의 수다스러운 바라문이 있다. 너는 그를 소리 없게 만들 수 있겠느냐?""라고. ""한 날리(nāḷi) 분량의 염소 똥들을 얻는다면 할 수 있겠습니다, 대왕이시여""라고 (대답했다). 왕은 앉은뱅이를 궁전으로 데려가서 휘장 안에 앉게 하고, 휘장에 구멍을 만들게 하고, 바라문을 위해 구멍을 마주 보는 자리를 마련하게 하고, 한 날리 분량의 마른 염소 똥들을 앉은뱅이 곁에 두게 하고, 알현 시간에 온 바라문을 그 자리에 앉게 하고서 대화를 일으켰다. 바라문은 다른 이들에게 기회를 주지 않고 왕과 함께 말하기를 시작했다. 그러자 그 앉은뱅이는 휘장 구멍을 통해 하나씩 염소 똥을 바구니에 넣는 것처럼 그의 입천장 표면에 바로 떨어뜨렸고, 바라문은 들어오는 족족 대롱에 기름을 넣는 것처럼 삼켜서, (염소 똥) 모두가 소진됨에 이르렀다. 그의 배에 들어간 이 한 날리 분량의 염소 똥들은 반 알하까(āḷhaka) 분량이 되었다."	"그때 바라나시의 왕이 공원으로 가다가 그곳에 이르렀다. 길을 트느라 쫓겨날까 두려워 소년들은 모두 도망쳤지만, 앉은뱅이는 그 자리에 그대로 엎드려 있었다. 왕은 니그로다 나무 밑에 이르러 수레에 앉은 채로, 나뭇잎들에 구멍이 나서 그림자가 얼룩덜룩한 것을 보았다. 위를 올려다보고 모든 나뭇잎에 구멍이 난 것을 확인한 왕은 ""누가 이것들을 이렇게 만들었느냐?""라고 물었다. ""앉은뱅이가 한 일입니다, 대왕이시여."" 왕은 '이 자를 이용하면 그 바라문의 말을 끊어놓을 수 있겠구나'라고 생각하고서 ""여봐라, 앉은뱅이는 어디 있느냐?""라고 물었다. 신하들이 찾다가 나무뿌리 사이에 엎드려 있는 그를 발견하고 ""이 자입니다, 대왕이시여""라고 아뢰었다. 왕은 그를 부른 뒤 주위 사람들을 물리고 물었다. ""내 곁에 수다스러운 바라문이 한 명 있는데, 네가 그를 조용히 입 다물게 할 수 있겠느냐?"" ""한 날리(nāḷi) 분량의 염소 똥만 주신다면 할 수 있습니다, 대왕이시여."" 왕은 앉은뱅이를 궁전으로 데려가 휘장 안에 앉히고, 휘장에 구멍을 뚫게 한 뒤, 바라문이 그 구멍을 마주 보도록 자리를 마련했다. 그리고 한 날리 분량의 마른 염소 똥을 앉은뱅이 곁에 놓아두게 한 다음, 알현 시간에 맞춰 찾아온 바라문을 그 자리에 앉히고 대화를 시작했다. 바라문은 다른 사람들에게는 말할 틈도 주지 않고 왕과 이야기를 늘어놓기 시작했다. 그러자 그 앉은뱅이는 휘장 구멍을 통해 염소 똥을 하나씩 바구니에 던져 넣듯 바라문의 입천장에 정확히 쏘아 넣었고, 바라문은 똥알이 들어오는 족족 마치 대롱에 기름을 붓듯 꿀꺽꿀꺽 삼켜버려, 마침내 염소 똥이 모두 바닥났다. 그의 뱃속에 들어간 한 날리 분량의 염소 똥은 불어서 반 알하까(āḷhaka) 분량이나 되었다."	gloss: cripple; ko: 앉은뱅이; note: 문자적으로는 '의자(pīṭha)를 타고 기어 다니는(sappī) 자'를 의미한다.; pali: pīṭhasappī | gloss: goat droppings; ko: 염소 똥; note: aja(염소)와 laṇḍikā(똥)의 합성어이다.; pali: ajalaṇḍikā | gloss: a measure of capacity; ko: 날리; note: 고대 인도의 부피 측정 단위이다.; pali: nāḷi | gloss: a measure of capacity; ko: 알하까; note: 1 āḷhaka는 4 nāḷi에 해당한다.; pali: āḷhaka | gloss: talkative brahmin; ko: 수다스러운 바라문; note: mukhara(말이 많은, 수다스러운)와 brāhmaṇa(바라문)의 합성어이다.; pali: mukharabrāhmaṇo	Ussāraṇābhayena는 ussāraṇa(몰아냄)와 bhaya(두려움)의 합성어에 원인격(-ena)이 결합된 형태로, 왕의 행차 시 길을 트기 위해 사람들을 쫓아내는 것에 대한 두려움을 나타낸다. | āgatāgataṃ은 āgata가 반복된 복합어로 '오는 족족', '들어오는 대로'라는 의미를 강조한다. | aḍḍhāḷhakamattā는 aḍḍha(반), āḷhaka(부피 단위), matta(분량)의 합성어이다. 1 āḷhaka가 4 nāḷi이므로, 뱃속에서 수분을 흡수해 두 배(2 nāḷi)로 부풀어 올랐음을 의미한다.			
28	vri:romn:e0103n.att:355746de2b2a	romn/e0103n.att.xml	1e8e059038730ca918e5ec4036323cfe15db345dff52b07b0a1abc3faccdb637	atthakatha	prose	long	hard	atthakatha_long	extra	unknown	succeeded	True	False	Sīlenāti adhisīlasikkhābhūtena sīlena. Taṃ hi anaññasādhāraṇatāya sāsanassa ādikalyāṇataṃ pakāseti, na yamaniyamādimattaṃ. Tena vuttaṃ ‘‘sīlañca suvisuddhaṃ, sabbapāpassa akaraṇa’’nti ca. Kusalānanti maggakusalānaṃ. Kusalānanti vā anavajjānaṃ. Tena ariyaphaladhammānampi saṅgaho siddho hoti. Sabbapāpassa akaraṇanti sabbassāpi sāvajjassa akiriyā anajjhāpajjanaṃ. Etena cārittavārittabhedassa sabbassa sīlassa gahaṇaṃ kataṃ hoti. Kattabbākaraṇampi hi sāvajjamevāti. Ādivacanatoti gāthāyaṃ vuttasamādhipaññānaṃ ādimhi vacanato. Ādibhāvo cassa tammūlakattā uttarimanussadhammānaṃ. Ādīnaṃ vā vacanaṃ ādivacanaṃ. Ādisaddena cettha ‘‘sīlaṃ samādhi paññā ca, vimutti ca anuttarā’’ti (dī. ni. 2.186) evamādīnaṃ saṅgaho daṭṭhabbo. Sīlassa visuddhattā vippaṭisārādihetūnaṃ dūrīkaraṇato avippaṭisārādiguṇāvahaṃ. ‘‘Avippaṭisārādiguṇāvahattā’’ti etena na kevalaṃ sīlassa kalyāṇatāva vibhāvitā, atha kho ādibhāvopīti daṭṭhabbaṃ. Tathā hissa sutte (pari. 366) avippaṭisārādīnaṃ vimuttiñāṇapariyosānānaṃ paramparapaccayatā vuttā. Samādhināti adhicittasikkhābhūtena samādhinā. Sakalaṃ sāsanaṃ saṅgahetvā pavattāya gāthāya ādipadena ādimhi paṭipajjitabbassa sīlassa, tatiyapadena pariyosāne paṭipajjitabbāya paññāya gahitattā majjhe paṭipajjitabbo samādhi pārisesato dutiyapadena gayhatīti ‘‘kusalassa upasampadātiādivacanato hi samādhi sāsanassa majjhe’’ti vuttaṃ, na kusalasaddassa samādhipariyāyattā. Pubbūpanissayavato hi samāhitatādiaṭṭhaṅgasamannāgamena abhinīhārakkhamatā samādhissa iddhividhādiguṇāvahattaṃ, aggamaggapaññāya adhigatāya yadatthaṃ pabbajati, taṃ pariyositanti paññā sāsanassa pariyosānaṃ. Tenāha bhagavā ‘‘sikkhānisaṃsamidaṃ, bhikkhave, brahmacariyaṃ vussati saddhādhipateyyaṃ paññuttaraṃ vimuttisāra’’nti (a. ni. 4.245). Sakaṃ cittaṃ sacittaṃ, sacittassa sabbaso kilesānaṃ samucchindanena visodhanaṃ sacittapariyodāpanaṃ. Evaṃ pana paññākicce matthakappatte uttari karaṇīyābhāvato sāsanassa paññuttaratā veditabbā. Tādibhāvāvahanatoti yādiso iṭṭhesu, lābhādīsu ca anunayābhāvato, tādiso aniṭṭhesu, alābhādīsu ca paṭighābhāvato. Tato eva vā yādiso anāpāthagatesu iṭṭhāniṭṭhesu, tādiso āpāthagatesupīti tādī. Tassa bhāvo tādibhāvo, tassa āvahanato. Vātenāti vātahetu. Na samīratīti na calati. Na samiñjantīti na phandanti, kuto calananti adhippāyo.	"'계로써'라는 것은 증상계학(adhisīlasikkhā)이 된 계로써이다. 왜냐하면 그것은 다른 것들과 공유되지 않음으로써 교법의 처음이 훌륭함을 밝히지, 단지 금계(yama)와 권계(niyama) 등을 [밝히는 것이] 아니기 때문이다. 그러므로 ""계가 매우 청정함""과 ""모든 악의 짓지 않음""이라고 설해졌다. '유익한 것들의'라는 것은 도(magga)의 유익한 것들의 [뜻]이다. 혹은 '유익한 것들의'라는 것은 흠 없는 것들의 [뜻]이다. 그것에 의해 성스러운 과(phala)의 법들의 포섭도 성취된다. '모든 악의 짓지 않음'이라는 것은 모든 비난받을 만한 것의 짓지 않음, 범하지 않음이다. 이것에 의해 작지(cāritta)와 지지(vāritta)로 구분되는 모든 계의 파악이 이루어진다. 왜냐하면 해야 할 것을 하지 않는 것도 비난받을 만한 것이기 때문이다. '처음의 말씀이므로'라는 것은 게송에서 설해진 삼매와 통찰지의 처음에 설해졌기 때문이다. 그리고 그것의 처음 됨은 상인법(uttarimanussadhamma)들이 그것을 뿌리로 하기 때문이다. 혹은 처음들의 말씀이 처음의 말씀이다. 그리고 여기서 '처음'이라는 단어로 ""계, 삼매, 그리고 통찰지, 그리고 위없는 해탈""이라는 이와 같은 것들의 포섭이 보아져야 한다. 계의 청정함 때문에 후회 등의 원인들을 멀리함으로부터 후회 없음 등의 공덕을 가져온다. ""'후회 없음 등의 공덕을 가져오기 때문에'라는 이것에 의해 단지 계의 훌륭함만이 밝혀진 것이 아니라, 참으로 처음 됨도 [밝혀진 것]이라고 보아져야 한다."" 왜냐하면 그와 같이 경에서 후회 없음 등을 시작으로 해탈지견을 끝으로 하는 것들의 연속적인 조건 됨이 설해졌기 때문이다. '삼매로써'라는 것은 증심학(adhicittasikkhā)이 된 삼매로써이다. 전체 교법을 포섭하여 전개된 게송에서 첫 번째 구절로 처음에 실천해야 할 계가, 세 번째 구절로 끝에 실천해야 할 통찰지가 파악되었기 때문에, 중간에 실천해야 할 삼매는 나머지로서 두 번째 구절로 파악된다고 하여 ""'유익한 것의 구족'이라는 등의 말씀으로부터 삼매는 교법의 중간에 있다""라고 설해진 것이지, '유익한 것'이라는 단어가 삼매의 동의어이기 때문이 아니다. 왜냐하면 과거의 강한 조건(pubbūpanissaya)을 가진 자에게 삼매에 듦 등의 여덟 가지 구성요소를 갖춤으로써 지향함에 적합함이 삼매의 신족(iddhividha) 등의 공덕을 가져오는 것이고, 최상의 도의 통찰지가 증득되었을 때 무엇을 위해 출가했든 그것이 끝난 것이기 때문에 통찰지가 교법의 끝이다. 그러므로 세존께서 말씀하셨다. ""비구들이여, 이 범행은 배움을 공덕으로 삼고, 믿음을 지배적인 것으로 삼고, 통찰지를 위로 삼고, 해탈을 핵심으로 삼아 닦아진다."" 자신의 마음이 자심(sacitta)이고, 자신의 마음을 모든 면에서 번뇌들을 근절함에 의해 청정하게 함이 자심청정(sacittapariyodāpana)이다. 그러나 이와 같이 통찰지의 역할이 정점에 도달했을 때 더 이상 해야 할 일이 없기 때문에 교법이 통찰지를 위로 함을 알아야 한다. '여여함(tādibhāva)을 가져오기 때문에'라는 것은, 원하는 것들과 이득 등에서 애착(anunaya)이 없기 때문에 어떠하듯, 원하지 않는 것들과 불이득 등에서 적의(paṭigha)가 없기 때문에 그러하다는 것이다. 혹은 바로 그것으로부터 원하는 것과 원하지 않는 것이 시야에 들어오지 않았을 때 어떠하듯, 시야에 들어왔을 때도 그러하므로 여여한 자(tādī)이다. 그것의 상태가 여여함(tādibhāva)이고, 그것을 가져오기 때문이다. '바람에 의해'라는 것은 바람을 원인으로 [하는 뜻]이다. '흔들리지 않는다'라는 것은 요동치지 않는다[는 뜻]이다. '동요하지 않는다'라는 것은 떨리지 않는다[는 뜻]이니, 하물며 요동치겠는가라는 의도이다."	"'계로써'라는 것은 증상계학(adhisīlasikkhā)이 된 계를 말한다. 왜냐하면 그것은 불교 외의 다른 가르침과 공유되지 않는 고유한 것이어서 교법의 처음이 훌륭함을 밝히는 것이지, 단지 금계(yama)와 권계(niyama) 정도를 말하는 것이 아니기 때문이다. 그러므로 ""계가 매우 청정함""과 ""모든 악을 짓지 않음""이라고 설해진 것이다. '유익한 것들의'라는 것은 도(magga)에 속하는 유익한 것들을 뜻한다. 혹은 '유익한 것들의'라는 것은 흠 없는 것들을 뜻한다. 그렇게 해석함으로써 성스러운 과(phala)의 법들까지 포섭하는 것이 성취된다. '모든 악을 짓지 않음'이라는 것은 비난받을 만한 모든 것을 짓지 않고 범하지 않는 것이다. 이를 통해 작지계(cāritta-sīla)와 지지계(vāritta-sīla)로 구분되는 모든 계를 파악하게 된다. 왜냐하면 마땅히 해야 할 것을 하지 않는 것 또한 비난받을 만한 것이기 때문이다. '처음의 말씀이므로'라는 것은 게송에서 설해진 삼매와 통찰지보다 처음에 설해졌기 때문이다. 그리고 계가 처음이 되는 이유는 상인법(uttarimanussadhamma)들이 계를 뿌리로 삼기 때문이다. 혹은 처음이 되는 것들의 말씀이 '처음의 말씀'이다. 그리고 여기서 '처음'이라는 단어는 ""계, 삼매, 통찰지, 그리고 위없는 해탈"" 등과 같은 것들을 포섭하는 것으로 보아야 한다. 계가 청정하기 때문에 후회 등의 원인들을 멀리하게 되어, 후회 없음 등의 공덕을 가져온다. ""'후회 없음 등의 공덕을 가져오기 때문에'라는 구절을 통해 단지 계의 훌륭함만이 밝혀진 것이 아니라, 계가 처음이 된다는 사실 또한 밝혀진 것으로 보아야 한다."" 왜냐하면 경에서 후회 없음을 시작으로 해탈지견을 끝으로 하는 것들이 연속적인 조건이 된다고 설해졌기 때문이다. '삼매로써'라는 것은 증심학(adhicittasikkhā)이 된 삼매를 말한다. 전체 교법을 포섭하여 전개된 게송에서 첫 번째 구절로 처음에 실천해야 할 계가 파악되고, 세 번째 구절로 끝에 실천해야 할 통찰지가 파악되었기 때문에, 중간에 실천해야 할 삼매는 나머지인 두 번째 구절로 파악된다. 따라서 ""'유익한 것의 구족'이라는 등의 말씀으로부터 삼매는 교법의 중간에 있다""라고 설해진 것이지, '유익한 것'이라는 단어가 삼매의 동의어이기 때문이 아니다. 왜냐하면 과거의 강한 조건(pubbūpanissaya)을 가진 자가 삼매에 드는 것 등의 여덟 가지 구성요소를 갖추어 [신통으로] 지향하기에 적합해지는 것이 삼매가 신족(iddhividha) 등의 공덕을 가져오는 것이며, 최상의 도(magga)의 통찰지를 증득했을 때 출가한 목적이 완성되기 때문에 통찰지가 교법의 끝이 되는 것이다. 그러므로 세존께서 ""비구들이여, 이 범행은 배움(sikkhā)을 공덕으로 삼고, 믿음을 지배적인 것으로 삼고, 통찰지를 최상으로 삼고, 해탈을 핵심으로 삼아 닦아진다.""라고 말씀하신 것이다. 자신의 마음이 자심(sacitta)이고, 자신의 마음을 모든 면에서 번뇌를 근절하여 청정하게 하는 것이 자심청정(sacittapariyodāpana)이다. 이와 같이 통찰지의 역할이 정점에 도달했을 때 더 이상 해야 할 일이 없기 때문에 교법이 통찰지를 최상으로 삼는다는 것을 알아야 한다. '여여함(tādibhāva)을 가져오기 때문에'라는 것은, 원하는 것들이나 이득 등에 대해 애착(anunaya)이 없는 것과 마찬가지로, 원하지 않는 것들이나 이득 없음 등에 대해서도 적의(paṭigha)가 없다는 뜻이다. 혹은 원하는 것과 원하지 않는 것이 인식의 영역에 들어오지 않았을 때와 마찬가지로, 인식의 영역에 들어왔을 때도 그와 같으므로 여여한 자(tādī)라고 한다. 그러한 상태가 여여함(tādibhāva)이며, 그것을 가져오기 때문이다. '바람에 의해'라는 것은 바람을 원인으로 한다는 뜻이다. '흔들리지 않는다'라는 것은 요동치지 않는다는 뜻이다. '동요하지 않는다'라는 것은 떨리지 않는다는 뜻이니, 하물며 요동치기야 하겠는가라는 의도이다."	gloss: training in higher morality; ko: 증상계학; note: 삼학 중 하나로, 더 높은 수준의 계율 훈련을 의미한다.; pali: adhisīlasikkhā | gloss: state of being such/equanimity; ko: 여여함; note: 세속의 변화(이득과 불이득 등)에 흔들리지 않는 아라한의 평정 상태를 뜻한다.; pali: tādibhāva | gloss: purifying one's own mind; ko: 자심청정; note: 법구경 183게송의 세 번째 구절로, 통찰지(paññā)를 통한 번뇌의 완전한 소멸을 의미한다.; pali: sacittapariyodāpana | gloss: attachment/fawning; ko: 애착; note: 원하는 대상에 대해 끌리는 마음으로, 적의(paṭigha)와 대비되어 쓰였다.; pali: anunaya | gloss: previous strong dependence/condition; ko: 과거의 강한 조건; note: 전생이나 과거에 쌓은 강력한 원인이나 조건을 의미한다.; pali: pubbūpanissaya	Kusalānanti maggakusalānaṃ: 속격(-ānaṃ)을 사용하여 '유익한 것들'이 구체적으로 '도(magga)에 속하는 유익한 것들'임을 한정하여 설명하고 있다. | yādiso... tādiso...: '어떠하듯... 그러하다'라는 상관 접속 구조를 통해 이익과 불이익에 대한 태도의 동일성을 나타낸다.	여기서 해설되는 게송(모든 악을 짓지 않음, 유익한 것을 구족함, 자신의 마음을 청정하게 함)은 법구경 183게송으로, 주석서에서는 이를 각각 계(sīla), 삼매(samādhi), 통찰지(paññā)의 삼학(tisso sikkhā)에 대응시켜 설명한다. | 여여함(tādibhāva)은 아라한의 경지를 나타내는 핵심 용어로, 여덟 가지 세속의 법(이득과 불이득, 명성과 악명 등)에 흔들리지 않는 절대적인 평정심을 의미한다.	Pubbūpanissayavato hi samāhitatādiaṭṭhaṅgasamannāgamena... 문장에서 '여덟 가지 구성요소(aṭṭhaṅga)'가 구체적으로 무엇을 가리키는지 문맥상 다소 압축되어 있으나, 신통(iddhividha)을 위한 지향(abhinīhāra)과 연결되므로 선정과 관련된 요소들로 해석하였다.	
29	vri:romn:s0510a.att:e0de565a2ec7	romn/s0510a.att.xml	67220a3acfb6d8b2cafebb5f477b1e97d3d472d91e25da69100ae09692792fdd	atthakatha	prose	long	hard	atthakatha_long	sutta	Khuddakanikāye	succeeded	True	False	Tadā piṇḍolabhāradvājo ca moggallāno ca tigāvute selapabbatamatthake ṭhatvā piṇḍapātagaṇhanatthāya cīvaraṃ pārupantā taṃ kolāhalaṃ suṇiṃsu. Tesu moggallāno piṇḍolabhāradvājaṃ ‘‘tvaṃ ākāsena gantvā taṃ pattaṃ gaṇhāhī’’ti āha. So ‘‘bhante, tumheyeva bhagavatā iddhimantānaṃ aggaṭṭhāne ṭhapitā, tumheva gaṇhathā’’ti āha. Tathāpi ‘‘mayā āṇatto tvameva gaṇhāhī’’ti āṇatto attanā ṭhitaṃ tigāvutaṃ selapabbataṃ pādatale laggetvā ukkhaliyā pidhānaṃ viya sakalarājagahanagaraṃ chādesi, tadā nagaravāsino phaḷikapabbate āvutaṃ rattasuttamiva taṃ theraṃ passitvā ‘‘bhante bhāradvāja, amhe rakkhathā’’ti ugghosayiṃsu, bhītā suppādīni sīse akaṃsu. Tadā thero taṃ pabbataṃ ṭhitaṭṭhāne vissajjetvā iddhiyā gantvā taṃ pattaṃ aggahesi, tadā nagaravāsino mahākolāhalamakaṃsu.	그때 삔돌라바라드와자와 목갈라나는 3가우따 크기의 바위산 꼭대기에 서서 탁발을 받기 위해 가사를 입으면서 그 소동을 들었다. 그들 중에서 목갈라나가 삔돌라바라드와자에게 '그대가 허공으로 가서 그 발우를 취하시오.'라고 말했다. 그가 '존자시여, 그대야말로 세존에 의해 신통을 가진 자들 중 으뜸의 자리에 두어졌으니, 그대가 취하십시오.'라고 말했다. 그럼에도 불구하고 '나에 의해 명령받았으니 그대가 취하시오.'라고 명령받은 자는 자신이 서 있던 3가우따 크기의 바위산을 발바닥에 붙이고서 솥의 뚜껑처럼 라자가하 도시 전체를 덮었다. 그때 도시 거주자들은 수정 산에 꿰어진 붉은 실처럼 그 장로를 보고서 '존자 바라드와자시여, 우리를 보호하소서.'라고 외쳤고, 두려워하며 키 등을 머리에 썼다. 그때 장로는 그 산을 서 있던 장소에 놓아두고 신통으로 가서 그 발우를 취했고, 그때 도시 거주자들은 큰 소동을 일으켰다.	그때 삔돌라바라드와자와 목갈라나는 3가우따 크기의 바위산 꼭대기에 서서 탁발을 나가기 위해 가사를 입다가 그 소동을 들었다. 그들 중 목갈라나가 삔돌라바라드와자에게 '그대가 허공으로 가서 그 발우를 가져오시오.'라고 말했다. 그가 대답했다. '존자시여, 그대야말로 세존께서 신통을 가진 자들 중 으뜸의 자리에 두셨으니, 그대가 가져오십시오.' 그럼에도 불구하고 '나의 지시를 받았으니 그대가 가져오시오.'라고 지시를 받자, 그는 자신이 서 있던 3가우따 크기의 바위산을 발바닥에 붙인 채 솥뚜껑처럼 라자가하 도시 전체를 덮었다. 그때 도시 사람들은 수정 산에 꿰어진 붉은 실처럼 보이는 그 장로를 보고서 '존자 바라드와자시여, 우리를 살려주소서!'라고 외치며, 두려움에 떨며 키 등을 머리에 뒤집어썼다. 그때 장로는 그 산을 원래 있던 자리에 돌려놓고 신통으로 가서 그 발우를 가져왔고, 그때 도시 사람들은 큰 소동을 일으켰다.	gloss: a measure of length; ko: 가우따; note: 거리의 단위로, 약 1/4 요자나에 해당한다.; pali: gāvuta | gloss: possessing psychic powers; ko: 신통을 가진 자; note: 신통력을 지닌 수행자를 가리킨다.; pali: iddhimant | gloss: winnowing basket; ko: 키; note: 곡식을 까부는 도구로, 사람들이 두려움에 머리를 보호하기 위해 썼다.; pali: suppa	āṇatto는 과거분사로 '명령받은 자'를 의미하며, 여기서는 목갈라나의 지시를 받은 삔돌라바라드와자를 가리킨다. | phaḷikapabbate āvutaṃ rattasuttamiva는 '수정 산에 꿰어진 붉은 실처럼'이라는 뜻으로, 붉은 가사를 입은 장로가 바위산을 들고 있는 모습을 비유한 것이다.	이 일화는 삔돌라바라드와자 장로가 신통을 부려 전단향 발우를 가져온 사건의 배경을 설명하는 주석서의 내용이다. | 이 사건 이후 부처님은 비구들이 재가자들 앞에서 신통을 부리는 것을 금지하셨다.	suppādīni sīse akaṃsu는 '키 등을 머리에 썼다'로 번역했으나, 정확히 어떤 도구들을 머리에 이고 두려워했는지 구체적인 묘사는 문맥에 의존한다.	
30	vri:romn:s0513a1.att:3050a996b9d7	romn/s0513a1.att.xml	ce35af7db97ebd8908ba718f8aa34f0447bae674ce9189833077a3f3521a1f2b	atthakatha	prose	long	hard	atthakatha_long	sutta	Khuddakanikāye	succeeded	True	False	Sāṭakaṃ pajahiṃ tattha, navadosamupāgatanti etthāyaṃ anupubbikathā – tadā kira kuṭileṇacaṅkamādipaṭimaṇḍitaṃ pupphūpagaphalūpagarukkhasañchannaṃ ramaṇīyaṃ madhurasalilāsayaṃ apagatavāḷamigabhiṃsanakasakuṇaṃ pavivekakkhamaṃ assamaṃ māpetvā alaṅkatacaṅkamassa ubhosu antesu ālambanaphalakaṃ saṃvidhāya nisīdanatthāya caṅkamavemajjhe samatalaṃ muggavaṇṇasilaṃ māpetvā antopaṇṇasālāyaṃ jaṭāmaṇḍalavākacīratidaṇḍakuṇḍikādike tāpasaparikkhāre, maṇḍape pānīyaghaṭapānīyasaṅkhapānīyasarāvāni, aggisālāyaṃ aṅgārakapalladāruādīnīti evaṃ yaṃ yaṃ pabbajitānaṃ upakārāya saṃvattati, taṃ taṃ sabbaṃ māpetvā paṇṇasālāya bhittiyaṃ ‘‘ye keci pabbajitukāmā ime parikkhāre gahetvā pabbajantū’’ti akkharāni chinditvā devalokameva gate vissakammadevaputte sumedhapaṇḍito himavantapabbatapāde girikandarānusārena attano nivāsānurūpaṃ phāsukaṭṭhānaṃ olokento nadīnivattane vissakammanimmitaṃ sakkadattiyaṃ ramaṇīyaṃ assamaṃ disvā caṅkamanakoṭiṃ gantvā padavalañjaṃ apassanto ‘‘dhuvaṃ pabbajitā dhuragāme bhikkhaṃ pariyesitvā kilantarūpā āgantvā paṇṇasālaṃ pavisitvā nisinnā bhavissantī’’ti cintetvā thokaṃ āgametvā ‘‘ativiya cirāyanti, jānissāmī’’ti paṇṇāsālākuṭidvāraṃ vivaritvā anto pavisitvā ito cito ca olokento mahābhittiyaṃ akkharāni vācetvā ‘‘mayhaṃ kappiyaparikkhārā ete, ime gahetvā pabbajissāmī’’ti attano nivatthapārutaṃ sāṭakayugaṃ pajahi. Tenāha ‘‘sāṭakaṃ pajahiṃ tatthā’’ti. Evaṃ paviṭṭho ahaṃ, sāriputta, tassaṃ paṇṇasālāyaṃ sāṭakaṃ pajahiṃ.	"""거기서 나는 아홉 가지 결점을 지닌 겉옷을 버렸다""라는 여기에 이 순차적인 이야기가 있다. 그때 전해지는 바에 따르면, 빗사깜마 천자가 오두막, 동굴, 경행대 등으로 장식되고, 꽃 피는 나무와 열매 맺는 나무들로 덮여 있고, 아름답고, 달콤한 물이 있는 연못을 가졌고, 맹수와 무서운 새들이 사라졌고, 은둔에 적합한 암자를 창조하고서, 장식된 경행대의 양쪽 끝에 의지할 널빤지를 마련하고, 앉기 위해 경행대 중간에 평탄한 녹두색 돌을 창조하고, 초막 안에는 똬리 튼 머리, 나무껍질 옷, 세 가닥 지팡이, 물병 등 고행자의 필수품들을, 천막에는 식수 항아리, 식수 소라껍데기, 식수 잔들을, 불을 피우는 방에는 숯, 화로, 장작 등을, 이와 같이 출가자들에게 도움이 되는 것은 무엇이든 그 모든 것을 창조하고서, 초막의 벽에 ""출가하고자 하는 자는 누구든지 이 필수품들을 취하여 출가하라""라고 글자들을 새기고서 천계로 가버렸을 때, 수메다 현자는 히말라야 산기슭에서 산의 계곡을 따라 자신의 거주에 알맞은 편안한 장소를 찾다가, 강이 굽이치는 곳에서 빗사깜마가 창조하고 삭까가 준 아름다운 암자를 보고서, 경행대 끝으로 가서 발자국을 보지 못하고, ""틀림없이 출가자들이 인근 마을에서 탁발을 구하고 피곤한 모습으로 와서 초막에 들어가 앉아 있을 것이다""라고 생각하고서, 조금 기다리다가 ""너무 오래 지체한다, 알아보리라""라고 (생각하고), 초막 오두막의 문을 열고 안으로 들어가 이리저리 살펴보다가, 큰 벽에 있는 글자들을 읽고서, ""이것들은 나에게 적합한 필수품들이다. 이것들을 취하여 출가하리라""라고 (생각하고) 자신이 입고 걸친 한 쌍의 겉옷을 버렸다. 그래서 ""거기서 겉옷을 버렸다""라고 말했다. 사리뿟따여, 이와 같이 들어가서 나는 그 초막에서 겉옷을 버렸다."	"""거기서 나는 아홉 가지 결점을 지닌 겉옷을 버렸다""라는 구절에 대한 배경 이야기는 다음과 같다. 전해지는 바에 따르면, 빗사깜마 천자는 오두막, 동굴, 경행대 등으로 장식되고, 꽃과 열매를 맺는 나무들로 우거졌으며, 맑고 단물이 솟는 연못이 있고, 맹수나 무서운 새들이 없어 은둔하기에 적합한 아름다운 암자를 만들었다. 그는 장식된 경행대 양 끝에 기댈 수 있는 난간을 마련하고, 경행대 중간에는 앉을 수 있도록 평탄한 녹두색 돌 평상을 만들었다. 또한 초막 안에는 똬리 튼 가발, 나무껍질 옷, 세 가닥 지팡이, 물병 등 고행자의 필수품을 두었고, 정자에는 식수 항아리와 소라껍데기 잔 등을, 화사(火舍)에는 숯과 화로, 장작 등을 두었다. 이처럼 출가자에게 도움이 될 만한 모든 것을 만들어 둔 뒤, 초막 벽에 ""출가하고자 하는 자는 누구든지 이 필수품들을 취하여 출가하라""라고 글자를 새겨 놓고 천계로 돌아갔다.
그 무렵 수메다 현자는 히말라야 산기슭의 계곡을 따라 자신이 머물기에 적합하고 편안한 장소를 찾고 있었다. 그러다 강이 굽이치는 곳에서 삭까의 명으로 빗사깜마가 만든 아름다운 암자를 발견했다. 그는 경행대 끝으로 가보았으나 발자국을 발견하지 못하자, ""틀림없이 출가자들이 인근 마을로 탁발을 나갔다가 피곤한 몸으로 돌아와 초막에 들어가 앉아 있을 것이다""라고 생각했다. 그는 잠시 기다리다가 ""너무 오래 지체하는구나. 내가 직접 알아보리라"" 하고 초막 문을 열고 안으로 들어갔다. 이리저리 살펴보던 그는 큰 벽에 새겨진 글자를 읽고서 ""이것들은 나에게 적합한 필수품들이다. 이것들을 취하여 출가하리라""라고 결심하며, 자신이 입고 걸치고 있던 겉옷 한 쌍을 벗어버렸다.
그래서 ""거기서 겉옷을 버렸다""라고 말한 것이다. 사리뿟따여, 나는 이와 같이 그 초막에 들어가서 겉옷을 버렸다."	gloss: Vissakamma; ko: 빗사깜마; note: 천상의 건축가 역할을 하는 천신이다.; pali: Vissakamma | gloss: Sakka; ko: 삭까; note: 제석천을 가리킨다.; pali: Sakka | gloss: Sumedha the wise; ko: 수메다 현자; note: 훗날 고따마 붓다가 되는 전생의 보살이다.; pali: Sumedha-paṇḍita | gloss: requisite; ko: 필수품; note: 출가자나 고행자가 지녀야 할 기본적인 물품들을 의미한다.; pali: parikkhāra | gloss: hermitage; ko: 암자; note: 수행자가 머무는 은둔처를 뜻한다.; pali: assama	māpetvā... saṃvidhāya... chinditvā... devalokameva gate vissakammadevaputte: 처격 절대구문(Locative Absolute)으로, 빗사깜마 천자가 암자와 필수품들을 창조하고 글자를 새긴 뒤 천계로 돌아갔을 때 수메다 현자가 암자를 발견하는 시간적 배경을 나타낸다. | navadosamupāgatanti: navadosaṃ + upāgataṃ + iti의 연음으로, '아홉 가지 결점을 지닌'이라는 의미의 게송 구절을 인용하고 있다.	이 단락은 훗날 고따마 붓다가 되는 수메다 보살이 세속의 옷을 버리고 고행자의 필수품을 취하여 출가하는 자따까(본생경)의 극적인 장면을 묘사한다. | 빗사깜마는 제석천(Sakka)의 명을 받아 지상에 보살이나 성자들을 위한 암자를 짓는 역할을 자주 수행한다.	aṅgārakapalladāruādīnīti에서 kapalla는 냄비나 그릇을 의미하는데, 여기서는 숯(aṅgāra)과 장작(dāru)과 함께 쓰여 불을 피우는 화로로 번역하였다.	
31	vri:romn:s0513a2.att:fea7b21db6f6	romn/s0513a2.att.xml	3f1c24d010b9f5a7a76addd895004e32bdaafbcf0ac6f3566af9d9fea33f67fd	atthakatha	prose	long	hard	atthakatha_long	sutta	Khuddakanikāya	succeeded	True	False	Atīte bārāṇasiyaṃ brahmadatte rajjaṃ kārente bodhisatto vānarayoniyaṃ nibbattitvā asītisahassavānaragaṇaparivāro himavantapadese vāsaṃ kappesi. Tassāsanne eko paccantagāmako kadāci vasati, kadāci ubbasati. Tassa pana gāmassa majjhe sākhāviṭapasampanno madhuraphalo eko tindukarukkho atthi, vānaragaṇo ubbasitakāle āgantvā tassa phalāni khādati. Athāparasmiṃ phalavāre so gāmo puna āvāso ahosi daḷhaparikkhitto dvārayutto, sopi rukkho phalabhāranamitasākho aṭṭhāsi. Vānaragaṇo cintesi – ‘‘mayaṃ pubbe asukagāme tindukaphalāni khādāma, phalito nu kho so etarahi rukkho, udāhu no, āvasito so gāmo, udāhu no’’ti. Evañca pana cintetvā ‘‘gaccha imaṃ pavattiṃ jānāhī’’ti ekaṃ vānaraṃ pesesi. So gantvā rukkhassa ca phalitabhāvaṃ gāmassa ca gāḷhavāsabhāvaṃ ñatvā āgantvā vānarānaṃ ārocesi.	"과거에 바라나시에서 브라흐마닷따가 왕국을 다스리고 있을 때, 보살은 원숭이 태에 태어나서 8만 마리의 원숭이 무리를 거느린 자로서 히말라야 지역에 거주를 마련했다. 그것의 근처에 한 변방 마을이 때로는 거주되고, 때로는 버려졌다. 그런데 그 마을의 한가운데에 가지와 잎이 무성하고 달콤한 열매를 가진 한 띤두까 나무가 있었는데, 원숭이 무리는 버려진 때에 와서 그것의 열매들을 먹었다. 그러다 다른 열매 맺는 시기에 그 마을은 다시 거주지가 되었고, 튼튼하게 둘러싸이고 문을 갖추게 되었으며, 그 나무도 열매의 무게로 가지가 휘어진 채 서 있었다. 원숭이 무리는 생각했다. ""우리는 예전에 아무개 마을에서 띤두까 열매들을 먹었다. 지금 그 나무는 열매를 맺었을까, 아니면 아닐까? 그 마을은 거주되고 있을까, 아니면 아닐까?""라고. 그리고 이렇게 생각하고서 ""가서 이 소식을 알아오라""라고 한 원숭이를 보냈다. 그는 가서 나무가 열매 맺은 상태와 마을이 빽빽하게 거주되는 상태를 알고서 돌아와 원숭이들에게 알렸다."	"과거 바라나시에서 브라흐마닷따 왕이 나라를 다스리고 있을 때, 보살은 원숭이로 태어나 8만 마리의 원숭이 무리를 거느리고 히말라야 지역에 살았다. 그 근처에 한 변방 마을이 있었는데, 때로는 사람들이 살고 때로는 버려지곤 했다. 그 마을 한가운데에는 가지와 잎이 무성하고 달콤한 열매가 열리는 띤두까 나무 한 그루가 있었는데, 원숭이 무리는 마을이 비워졌을 때 와서 그 열매를 따 먹었다. 그러다 다음 열매 맺는 시기가 되었을 때 그 마을에는 다시 사람들이 살게 되었고, 튼튼한 울타리와 문도 갖추게 되었으며, 그 나무 역시 열매의 무게로 가지가 휘어질 정도로 열매가 열려 있었다. 원숭이 무리는 생각했다. ""우리는 예전에 그 마을에서 띤두까 열매를 먹었지. 지금 그 나무에 열매가 열렸을까, 안 열렸을까? 그 마을에 사람들이 살고 있을까, 안 살고 있을까?"" 이렇게 생각하고서 ""가서 상황을 알아오라""라며 원숭이 한 마리를 보냈다. 그는 가서 나무에 열매가 열린 것과 마을에 사람들이 빽빽하게 살고 있는 것을 확인하고 돌아와 원숭이들에게 알렸다."	gloss: in the womb of a monkey; ko: 원숭이 태에; note: 보살이 전생에 원숭이로 태어났음을 나타내는 표현이다.; pali: vānarayoniyaṃ | gloss: tinduka tree; ko: 띤두까 나무; note: 감나무의 일종으로 달콤한 열매를 맺는 나무이다.; pali: tindukarukkho | gloss: at the time of being deserted; ko: 버려진 때에; note: 마을에 사람들이 살지 않고 비워진 시기를 의미한다.; pali: ubbasitakāle | gloss: at the time of fruiting; ko: 열매 맺는 시기에; note: 나무에 열매가 열리는 계절이나 주기를 뜻한다.; pali: phalavāre | gloss: state of being densely inhabited; ko: 빽빽하게 거주되는 상태를; note: 마을에 사람들이 밀집하여 살고 있는 상황을 나타내는 복합어이다.; pali: gāḷhavāsabhāvaṃ	brahmadatte rajjaṃ kārente는 처격 절대구문으로, '~가 ~하고 있을 때'라는 동시적 상황을 나타낸다. | ubbasati는 접두사 ud와 동사 vasati가 결합하여 '버려지다, 비워지다'의 의미를 가진다. | phalitabhāvaṃ은 phalita(열매 맺은)와 bhāva(상태)의 복합어로, 추상명사화되어 목적어로 쓰였다.	자따까(본생담)의 전형적인 도입부로, 과거 전생에 보살이 동물의 몸으로 태어나 무리를 이끌었던 상황을 묘사한다.	gāḷhavāsabhāvaṃ에서 gāḷha는 '단단한, 빽빽한, 강한'의 의미로, 마을에 사람들이 밀집하여 거주하고 있거나 경계가 삼엄한 상태를 의미할 수 있으나 여기서는 '빽빽하게 거주되는 상태'로 번역했다.	
32	vri:romn:s0510a.att:2ca6dab7f049	romn/s0510a.att.xml	cbab902d10d72c5c2a93c8749574563ef0c7a22aea2dea69cfa2413ea0bddcbc	atthakatha	prose	long	hard	atthakatha_long	sutta	Khuddakanikāye	succeeded	True	False	Thero taṃ attabhāvaṃ vijahitvā tassa dakkhiṇakaṇṇasotena pavisitvā vāmakaṇṇasotena nikkhami, vāmakaṇṇasotena pavisitvā dakkhiṇakaṇṇasotena nikkhami. Tathā dakkhiṇanāsasotena pavisitvā vāmanāsasotena nikkhami, vāmanāsasotena pavisitvā dakkhiṇanāsasotena nikkhami. Tato nāgarājā mukhaṃ vivari, thero mukhena pavisitvā antokucchiyaṃ pācīnena ca pacchimena ca caṅkamati. Bhagavā – ‘‘moggallāna, manasi karohi, mahiddhiko nāgo’’ti āha. Thero ‘‘mayhaṃ kho, bhante, cattāro iddhipādā bhāvitā bahulīkatā yānīkatā vatthukatā anuṭṭhitā paricitā susamāraddhā, tiṭṭhatu, bhante, nandopanando, ahaṃ nandopanandasadisānaṃ nāgarājānaṃ satampi sahassampi dameyya’’ntiādimāha.	"장로는 그 모습을 버리고 그의 오른쪽 귓구멍으로 들어가서 왼쪽 귓구멍으로 나왔고, 왼쪽 귓구멍으로 들어가서 오른쪽 귓구멍으로 나왔다. 그와 같이 오른쪽 콧구멍으로 들어가서 왼쪽 콧구멍으로 나왔고, 왼쪽 콧구멍으로 들어가서 오른쪽 콧구멍으로 나왔다. 그러자 용왕이 입을 벌렸고, 장로는 입으로 들어가서 뱃속에서 동쪽으로도 서쪽으로도 경행했다. 세존께서 ""목갈라나여, 마음에 잡도리하라, 큰 신통을 가진 용이다.""라고 말씀하셨다. 장로는 ""세존이시여, 저에게는 네 가지 성취수단이 닦아졌고, 많이 지어졌고, 수레로 삼아졌고, 바탕으로 삼아졌고, 확립되었고, 익숙해졌고, 잘 착수되었습니다. 세존이시여, 난도빠난다는 내버려 두십시오. 저는 난도빠난다와 같은 용왕들을 백 명이라도 천 명이라도 조복받을 수 있습니다.""라고 등등을 말했다."	"장로는 그 모습을 버리고 그의 오른쪽 귓구멍으로 들어가서 왼쪽 귓구멍으로 나왔고, 왼쪽 귓구멍으로 들어가서 오른쪽 귓구멍으로 나왔다. 그와 같이 오른쪽 콧구멍으로 들어가서 왼쪽 콧구멍으로 나왔고, 왼쪽 콧구멍으로 들어가서 오른쪽 콧구멍으로 나왔다. 그러자 용왕이 입을 벌렸고, 장로는 입으로 들어가서 뱃속에서 동쪽과 서쪽으로 경행했다. 세존께서 ""목갈라나여, 주의하라. 큰 신통을 가진 용이다.""라고 말씀하셨다. 장로는 ""세존이시여, 저에게는 네 가지 성취수단이 닦아졌고, 많이 지어졌고, 수레로 삼아졌고, 바탕으로 삼아졌고, 확립되었고, 익숙해졌고, 잘 착수되었습니다. 세존이시여, 난도빠난다는 그만두고라도, 저는 난도빠난다와 같은 용왕들을 백 명이라도 천 명이라도 조복받을 수 있습니다.""라고 등등을 말했다."	gloss: body, personal entity; ko: 모습; note: 문맥상 장로가 원래의 몸 크기를 버리고 아주 작게 변신했음을 의미한다.; pali: attabhāva | gloss: base of spiritual power; ko: 성취수단; note: 신통력의 기반이 되는 네 가지 성취수단(사여의족)을 가리킨다.; pali: iddhipāda | gloss: attention; ko: 마음에 잡도리함; note: 여기서는 동사형(manasi karohi)으로 쓰여 '주의하라'는 의미로 사용되었다.; pali: manasikāra	tiṭṭhatu nandopanando는 직역하면 '난도빠난다는 서 있게 하라'이며, 문맥상 '난도빠난다는 차치하고라도(let alone)'라는 관용적 표현으로 쓰였다. | bhāvitā bahulīkatā yānīkatā vatthukatā anuṭṭhitā paricitā susamāraddhā는 사여의족의 수습을 나타내는 정형구로 모두 과거분사형이다.	네 가지 성취수단(cattāro iddhipādā)은 열의, 정진, 마음, 검증을 바탕으로 한 삼매와 노력의 의도적 행위를 갖춘 성취수단을 말하며, 신통력의 기반이 된다.		
33	vri:romn:s0503a.att:fb50026a0b4f	romn/s0503a.att.xml	f1fcd3e16eff8d08b3e8cf6deb3f05b5b3ed07c8ae543a59a9289577ed68bd30	atthakatha	prose	long	hard	atthakatha_long	sutta	Khuddakanikāye	succeeded	True	False	Sato sampajānoti vedanāpariggāhakānaṃ satisampajaññānaṃ vasena satimā sampajānanto ca. Idaṃ vuttaṃ hoti – ‘‘ayaṃ vedanā nāma hutvā abhāvaṭṭhena aniccā, aniṭṭhārammaṇādipaccaye paṭicca uppannattā paṭiccasamuppannā, uppajjitvā ekantena bhijjanasabhāvattā khayadhammā vayadhammā virāgadhammā nirodhadhammā’’ti vedanāya aniccatāsallakkhaṇavasena satokāritāya sato, aviparītasabhāvapaṭivijjhanavasena sampajāno ca hutvā. Atha vā sativepullapattiyā sabbattheva kāyavedanācittadhammesu suṭṭhu upaṭṭhitasatitāya sato, tathā paññāvepullappattiyā pariggahitasaṅkhāratāya sampajāno. Avihaññamānoti ‘‘assutavā, bhikkhave, puthujjano aññataraññatarena dukkhadhammena phuṭṭho samāno socati kilamati paridevati urattāḷiṃ kandati sammohaṃ āpajjatī’’ti vuttanayena andhaputhujjano viya na vihaññamāno maggeneva samugghātitattā cetodukkhaṃ anuppādento kevalaṃ kammavipākajaṃ sarīradukkhaṃ adhivāsento samāpattiṃ samāpanno viya nisinno hoti. Addasāti taṃ āyasmantaṃ adhivāsanakhantiyā tathā nisinnaṃ addakkhi.	"'마음챙기고 분명히 알아차리며(Sato sampajāno)'라는 것은 느낌을 파악하는 마음챙김과 분명한 알아차림의 힘으로 마음챙기고 분명히 알아차리는 것이다. 이것이 설해진 것이다. ""이 느낌이라는 것은 생겨났다가 없어지는 의미에서 무상하고, 원치 않는 대상 등의 조건을 연하여 일어났기 때문에 연기된 것이며, 일어나서 전적으로 부서지는 성질이기 때문에 부서지는 법이고, 사라지는 법이고, 탐욕이 빛바래는 법이고, 소멸하는 법이다""라고 느낌의 무상함을 잘 관찰하는 힘으로 마음챙김을 짓기 때문에 마음챙기는 것이고, 왜곡되지 않은 자성을 꿰뚫는 힘으로 분명히 알아차리는 자가 되어 [마음챙기고 분명히 알아차리는 것이다]. 혹은 마음챙김이 충만함에 이르렀기 때문에 모든 몸, 느낌, 마음, 법들에서 마음챙김이 잘 확립되었기 때문에 마음챙기는 것이고, 이와 같이 통찰지가 충만함에 이르렀기 때문에 형성된 것들을 파악했기 때문에 분명히 알아차리는 것이다. '괴로워하지 않으며(Avihaññamāno)'라는 것은 ""비구들이여, 배우지 못한 범부는 이러저러한 괴로운 법에 닿았을 때 슬퍼하고 피곤해하고 울부짖고 가슴을 치며 통곡하고 미혹에 빠진다""라고 설해진 방식에 따라 눈먼 범부처럼 괴로워하지 않으며, 도(道)로써 완전히 근절했기 때문에 마음의 괴로움을 일으키지 않고, 오직 업의 과보로 생긴 신체의 괴로움만을 감내하며, 삼매에 든 것처럼 앉아 있는 것이다. '보았다(Addasā)'라는 것은 그 존자가 감내하는 인욕으로 그와 같이 앉아 있는 것을 보았다는 것이다."	"'마음챙기고 분명히 알아차리며'라는 것은 느낌을 파악하는 마음챙김과 분명한 알아차림의 힘으로 마음챙기고 분명히 알아차리는 것을 말한다. 그 의미는 다음과 같다. ""이 느낌이라는 것은 생겨났다가 없어지는 의미에서 무상하고, 원치 않는 대상 등의 조건을 연하여 일어났으므로 연기된 것이며, 일어나서 전적으로 부서지는 성질이므로 부서지는 법이고, 사라지는 법이고, 탐욕이 빛바래는 법이고, 소멸하는 법이다""라고 느낌의 무상함을 잘 관찰하는 힘으로 마음챙김을 짓기 때문에 마음챙기는 것이고, 왜곡되지 않은 자성을 꿰뚫는 힘으로 분명히 알아차리는 자가 된다는 것이다. 혹은 마음챙김이 충만함에 이르러 몸, 느낌, 마음, 법(사념처)의 모든 곳에서 마음챙김이 잘 확립되었기 때문에 마음챙기는 것이고, 이와 같이 통찰지가 충만함에 이르러 형성된 것들을 파악했기 때문에 분명히 알아차리는 것이다. '괴로워하지 않으며'라는 것은 ""비구들이여, 배우지 못한 범부는 이러저러한 괴로운 법에 닿았을 때 슬퍼하고 피곤해하고 울부짖고 가슴을 치며 통곡하고 미혹에 빠진다""라고 설해진 방식의 눈먼 범부처럼 괴로워하지 않는다는 뜻이다. 그는 도(道)로써 번뇌를 완전히 근절했기 때문에 마음의 괴로움을 일으키지 않고, 오직 업의 과보로 생긴 신체의 괴로움만을 감내하며, 마치 삼매에 든 것처럼 앉아 있는 것이다. '보았다'라는 것은 그 존자가 감내하는 인욕으로 그와 같이 앉아 있는 것을 보았다는 뜻이다."	gloss: mindfulness and clear comprehension; ko: 마음챙김과 분명한 알아차림; note: sati와 sampajañña의 복합어로 수행의 핵심 요소이다.; pali: satisampajañña | gloss: formations; ko: 형성된 것들; note: 여기서는 조건 지어진 모든 현상을 파악한다는 문맥이므로 '형성된 것들'로 번역했다.; pali: saṅkhāra | gloss: enduring patience; ko: 감내하는 인욕; note: 육체적 고통을 견디고 받아들이는 성품을 뜻한다.; pali: adhivāsanakhanti | gloss: attainment; ko: 삼매; note: 선정 등의 증득 상태를 가리키며, 문맥상 삼매로 자연스럽게 옮겼다.; pali: samāpatti	hutvā abhāvaṭṭhena aniccā: '생겨났다가 없어지는 의미에서 무상하다'는 뜻으로, hutvā(있다가)와 abhāva(없음)의 결합을 통해 무상의 본질을 설명하는 주석서의 전형적인 구문이다. | maggeneva samugghātitattā: '도(道)로써 완전히 근절했기 때문에'에서 생략된 목적어는 문맥상 번뇌(kilesa)이다.	kāyavedanācittadhammesu: 몸(kāya), 느낌(vedanā), 마음(citta), 법(dhamma)은 사념처(cattāro satipaṭṭhānā)의 네 가지 대상을 가리킨다. | kammavipākajaṃ sarīradukkhaṃ: 아라한은 정신적 괴로움(cetodukkha)은 소멸했으나, 과거 업의 과보로 인한 육체적 괴로움(sarīradukkha)은 육신이 남아있는 한 겪게 됨을 보여준다.		
34	vri:romn:s0403a.att:72a7b4f0b019	romn/s0403a.att.xml	0a1b1f0a9c35c8086b0b1572b81d238f169521d81aeef8c36560c5e00f80dec9	atthakatha	prose	long	hard	atthakatha_long	sutta	Aṅguttaranikāye	succeeded	True	False	105. Pañcame mettaṃ kāyakammanti mettacittena pavattitaṃ kāyakammaṃ. Āvi ceva raho cāti sammukhe ceva parammukhe ca. Itaresupi eseva nayo. Yāni tāni sīlānītiādi catupārisuddhisīlavasena vuttaṃ. Samādhisaṃvattanikānīti maggasamādhiphalasamādhinibbattakāni. Sīlasāmaññagatoti samānasīlataṃ gato, ekasadisasīlo hutvāti attho. Takkarassāti yo naṃ karoti, tassa. Iti imasmiṃ sutte sīlaṃ missakaṃ kathitaṃ, diṭṭhi vipassanāsammādiṭṭhīti.	105. 다섯 번째 [경]에서 '자애로운 몸의 업'이란 자애로운 마음으로 행해진 몸의 업이다. '드러나게나 숨어서나'란 면전에서나 등 뒤에서나이다. 나머지들에서도 이와 같은 방법이다. '어떠한 계들이든' 등은 네 가지 청정계의 관점에서 설해졌다. '삼매로 이끄는'이란 도의 삼매와 과의 삼매를 생겨나게 하는 것들이다. '계의 동등함에 이른'이란 동등한 계에 이른, 똑같은 계를 가진 자가 되어서라는 뜻이다. '그것을 행하는 자의'란 그것을 행하는 자, 그의 [것이다]. 이와 같이 이 경에서 계는 섞인 것으로 설해졌고, 견해는 위빠사나 정견이다.	105. 다섯 번째 경에서 '자애로운 몸의 업'이란 자애로운 마음으로 행해진 몸의 업을 말한다. '드러나게나 숨어서나'란 면전에서나 등 뒤에서나를 뜻한다. 나머지(말의 업과 마음의 업)에서도 이와 같은 방법이다. '어떠한 계들이든' 등은 네 가지 청정계의 관점에서 설해졌다. '삼매로 이끄는'이란 도의 삼매와 과의 삼매를 생겨나게 하는 것들을 말한다. '계의 동등함에 이른'이란 동등한 계에 이른, 즉 똑같은 계를 가진 자가 되어서라는 뜻이다. '그것을 행하는 자의'란 그것을 행하는 자, 그의 것이라는 뜻이다. 이와 같이 이 경에서 계는 (세간과 출세간이) 섞인 것으로 설해졌고, 견해는 위빠사나 정견으로 설해졌다.	gloss: fourfold purifying virtue; ko: 네 가지 청정계; note: 비구의 네 가지 청정한 계율을 의미한다.; pali: catupārisuddhisīla | gloss: concentration of path and fruit; ko: 도의 삼매와 과의 삼매; note: 출세간의 도와 과에 동반되는 삼매를 가리킨다.; pali: maggasamādhiphalasamādhi | gloss: right view of insight; ko: 위빠사나 정견; note: 위빠사나 수행을 통해 얻어지는 바른 견해를 의미한다.; pali: vipassanāsammādiṭṭhi | gloss: mixed; ko: 섞인 것; note: 세간적인 것과 출세간적인 것이 혼합되어 있음을 나타낸다.; pali: missaka	Yāni tāni sīlānītiādi는 'Yāni tāni sīlāni(어떠한 계들이든)'라는 인용구에 iti와 ādi(등)가 결합하여 해당 구절 전체를 지칭한다. | Takkarassāti는 tat(그것)과 kara(행하는 자)가 결합한 복합어의 속격 형태인 Takkarassa에 인용 불변화사 iti가 결합한 형태이다.	catupārisuddhisīla(네 가지 청정계)는 비구의 계목인 빠띠목카 단속의 계, 감각기능 단속의 계, 생계 청정의 계, 필수품에 관련된 계를 말한다. | 주석서 문맥에서 missaka(섞인 것)는 계(sīla)가 세간적인 것과 출세간적인 것이 섞여서 설해졌음을 의미한다.	missakaṃ kathitaṃ(섞인 것으로 설해졌다)은 세간적 계와 출세간적 계가 혼합되어 있다는 주석서의 일반적인 표현으로 해석하였으나, 다른 종류의 계들이 섞여 있다는 의미일 가능성도 배제할 수 없다.	
35	vri:romn:s0511a.att:c414a14c25d2	romn/s0511a.att.xml	4162db4d9d9d9b1f3f3cc9075fc5c94d3c42d976f84819257c767775e3102418	atthakatha	prose	long	hard	atthakatha_long	sutta	Khuddakanikāye	succeeded	True	False	Atha mahāsatto devatāhi yāciyamānopi devatānaṃ paṭiññaṃ adatvāva kāladīpadesakulajanettiāyuparicchedavasena pañcavidhaṃ mahāvilokanaṃ nāma vilokesi. Tattha ‘‘kālo nu kho, na kālo’’ti paṭhamaṃ kālaṃ vilokesi. Tattha vassasatasahassato uddhaṃ āyukālo kālo nāma na hoti. Kasmā? Jātijarāmaraṇādīnaṃ apākaṭattā, buddhānañca dhammadesanā nāma tilakkhaṇamuttā nāma natthi, tesaṃ aniccaṃ dukkhamanattāti kathentānaṃ ‘‘kinnāmete kathentī’’ti na saddahanti, tato abhisamayo na hoti, tasmiṃ asati aniyyānikaṃ sāsanaṃ hoti. Tasmā so akālo. Vassasatato ūno āyukālopi kālo na hoti. Kasmā? Tadā sattā ussannakilesā honti, ussannakilesānañca dinno ovādo ovādaṭṭhāne na tiṭṭhati, tasmā sopi akālo. Vassasatasahassato paṭṭhāya heṭṭhā vassasatato paṭṭhāya uddhaṃ āyukālo kālo nāma. Idāni vassasatāyukā manussāti atha bodhisatto ‘‘nibbattitabbakālo’’ti addasa.	그때 위대한 존재는 신들에 의해 간청받았음에도 불구하고 신들에게 승낙을 주지 않고서 시기, 대륙, 지역, 가문, 어머니, 수명의 한계에 따라 다섯 가지 큰 관찰이라는 것을 관찰했다. 그 중에서 '시기인가, 시기가 아닌가'라고 첫 번째로 시기를 관찰했다. 거기서 십만 년보다 위인 수명의 시기는 시기라고 하지 않는다. 어째서인가? 태어남, 늙음, 죽음 등이 분명하지 않기 때문이며, 부처님들의 법의 설법이라는 것은 세 가지 특징을 벗어난 것이 없는데, 그들이 무상, 고, 무아라고 설할 때 '이분들이 무엇을 설하는가'라고 믿지 않으며, 그로부터 깨달음이 없고, 그것이 없을 때 벗어남으로 이끌지 못하는 가르침이 되기 때문이다. 그러므로 그것은 시기가 아니다. 백 년보다 적은 수명의 시기도 시기가 아니다. 어째서인가? 그때 중생들은 번뇌가 가득한 자들이 되며, 번뇌가 가득한 자들에게 주어진 교계는 교계의 자리에 머물지 않기 때문이다. 그러므로 그것도 시기가 아니다. 십만 년부터 아래로, 백 년부터 위로의 수명의 시기가 시기이다. 지금은 인간들이 백 년의 수명을 가졌으므로 그때 보살은 '태어나야 할 시기이다'라고 보았다.	그때 위대한 존재(보살)는 신들의 간청을 받았음에도 곧바로 승낙하지 않고, 시기, 대륙, 지역, 가문, 어머니와 수명의 한계에 따라 다섯 가지 큰 관찰을 했다. 그 중에서 '지금이 적절한 시기인가, 아닌가'라며 첫 번째로 시기를 관찰했다. 거기서 수명이 십만 년을 초과하는 시기는 적절한 시기가 아니다. 왜냐하면 태어남, 늙음, 죽음 등이 분명하게 드러나지 않기 때문이다. 부처님들의 설법은 세 가지 특징(삼법인)을 벗어나는 법이 없는데, 부처님들이 무상, 고, 무아를 설할 때 사람들은 '이분들이 무엇을 설하는가'라며 믿지 않는다. 그러면 진리에 대한 깨달음이 일어나지 않고, 깨달음이 없으면 윤회에서 벗어나게 하는 가르침이 될 수 없다. 그러므로 그때는 적절한 시기가 아니다. 수명이 백 년 미만인 시기 역시 적절한 시기가 아니다. 왜냐하면 그때 중생들은 번뇌가 가득하며, 번뇌가 가득한 자들에게 주어진 교계는 마음에 머물지 않기 때문이다. 그러므로 그때도 적절한 시기가 아니다. 수명이 십만 년 이하이고 백 년 이상인 시기가 적절한 시기이다. '지금 인간들의 수명은 백 년이다'라고 관찰한 보살은 '지금이 태어나야 할 시기이다'라고 보았다.	gloss: great observation; ko: 큰 관찰; note: 보살이 하생하기 전 관찰하는 다섯 가지 조건을 가리킨다.; pali: mahāvilokana | gloss: three characteristics; ko: 세 가지 특징; note: 무상, 고, 무아의 삼법인을 의미한다.; pali: tilakkhaṇa | gloss: realization; ko: 깨달음; note: 진리에 대한 꿰뚫음이나 깨달음을 의미한다.; pali: abhisamaya | gloss: not leading out; ko: 벗어남으로 이끌지 못하는; note: 윤회에서 벗어나게 하지 못하는 상태를 뜻한다.; pali: aniyyānika | gloss: full of defilements; ko: 번뇌가 가득한; note: 번뇌가 두텁고 가득한 상태를 나타낸다.; pali: ussannakilesa	kāladīpadesakulajanettiāyuparicchedavasena는 5대 관찰 항목(시기, 대륙, 지역, 가문, 어머니)에 수명의 한계(āyupariccheda)가 덧붙여진 복합어이다. | tesaṃ aniccaṃ dukkhamanattāti kathentānaṃ에서 tesaṃ과 kathentānaṃ은 의미상 주어 역할을 하는 속격 독립구문으로, '그들(부처님들)이 무상, 고, 무아라고 설할 때'로 해석된다. | tasmiṃ asati는 처격 절대구문으로 '그것(깨달음)이 없을 때'를 의미한다.	다섯 가지 큰 관찰(pañcamahāvilokana)은 보살이 도솔천에서 인간 세상에 내려오기 전, 적절한 시기(kāla), 대륙(dīpa), 지역(desa), 가문(kula), 어머니(janetti)를 관찰하는 것을 말한다. | 수명이 10만 년을 초과하면 무상함을 깨닫기 어렵고, 100년 미만이면 번뇌가 강해 가르침을 받아들이기 어렵기 때문에, 수명이 10만 년 이하 100년 이상일 때 부처님이 출현한다고 설명한다.	kāladīpadesakulajanettiāyuparicchedavasena에서 āyupariccheda가 5대 관찰 항목에 독립적으로 포함되는지, 아니면 kāla의 세부 기준으로 덧붙여진 것인지 모호할 수 있으나, 전통적인 5대 관찰 항목을 고려하여 후자로 해석하였다.	
36	vri:romn:s0509a.att:643cbad5bbba	romn/s0509a.att.xml	f4d9f62b52277a7d08bb237e6c6c2601531e784da418bfed874200368247d305	atthakatha	verse	short	hard	verse	sutta	Khuddakanikāye	succeeded	True	False	‘‘Upetvā taṃ mahāvīraṃ, assosiṃ dhammadesanaṃ; Tato jātappasādāhaṃ, upesiṃ saraṇaṃ jinaṃ.	그 위대한 영웅에게 다가가서, 나는 법의 설법을 들었다. 그 후 나는 믿음이 생겨나서, 승리자를 귀의처로 다가갔다.	그 위대한 영웅께 다가가서 나는 법문을 들었습니다. 그 후 나는 믿음이 생겨나서 승리자께 귀의했습니다.	gloss: great hero; ko: 위대한 영웅; note: 부처님을 찬탄하는 칭호로 쓰였다.; pali: mahāvīra | gloss: teaching of the Dhamma; ko: 법의 설법; note: 부처님의 가르침을 설하는 것을 의미한다.; pali: dhammadesanā | gloss: refuge; ko: 귀의처; note: 의지하고 보호받을 수 있는 피난처를 의미한다.; pali: saraṇa | gloss: conqueror; ko: 승리자; note: 번뇌를 극복한 부처님을 가리키는 칭호이다.; pali: jina	jātappasādāhaṃ은 jātappasādā(믿음이 생겨난)와 대명사 ahaṃ(나는)이 결합된 연음이다. | saraṇaṃ upeti는 '귀의처로 다가가다' 즉 '귀의하다'를 뜻하는 관용적 표현이다.	mahāvīra(위대한 영웅)와 jina(승리자)는 모두 모든 번뇌를 극복하고 완전한 깨달음을 이룬 부처님을 찬탄하는 대표적인 칭호이다.		
37	vri:romn:s0513a1.att:cd8ba8c12607	romn/s0513a1.att.xml	dba239113dfd62b3ada542e92a6b2dac722657fed0964c3e61b7252b7b4831c6	atthakatha	verse	short	hard	verse	sutta	Khuddakanikāye	succeeded	True	False	‘‘Na bhavanti pariyāpannā, bodhiyā niyatā narā; Muttā ānantarikehi, sabbattha suddhagocarā.	깨달음에 결정된 사람들은 속하지 않는다. 무간업들로부터 벗어났고, 모든 곳에서 청정한 행경을 가진다.	깨달음이 결정된 사람들은 (악처나 무색계 등에) 속하지 않는다. 무간업에서 벗어났으며, 모든 곳에서 청정한 행경을 지닌다.	gloss: included, contained; ko: 속한; note: 특정한 영역이나 상태에 포함됨을 의미한다.; pali: pariyāpannā | gloss: assured, fixed; ko: 결정된; note: 수기를 받아 깨달음이 확정된 상태를 가리킨다.; pali: niyatā | gloss: from immediate-retribution actions; ko: 무간업들로부터; note: 죽은 직후 곧바로 과보를 받는 다섯 가지 무거운 죄(오역죄)를 의미한다.; pali: ānantarikehi | gloss: having pure domains/behavior; ko: 청정한 행경을 가진; note: suddha(청정한)와 gocara(행경, 영역)의 복합어이다.; pali: suddhagocarā	bodhiyā niyatā narā: 'bodhiyā'는 여격으로 '깨달음을 위해', 'niyatā'는 '결정된'을 의미하여, 깨달음이 확정된 보살을 가리킨다. | Muttā ānantarikehi: 'ānantarikehi'는 탈격 복수로 '무간업들로부터'를 의미하며, 과거분사 'muttā'(벗어난)와 연결된다.	이 게송은 수기(vyākaraṇa)를 받아 깨달음이 확정된 보살(niyatabodhisatta)이 겪지 않는 조건들을 설명하는 문맥에 있다. | 보살은 무간업(오역죄)을 짓지 않으며, 항상 청정한 행경을 유지한다고 설명한다.	'pariyāpannā(속한)'가 정확히 무엇에 속하지 않는다는 것인지 이 게송만으로는 명확하지 않으나, 문맥상 보살이 태어나지 않는 특정한 세계(무색계, 정거천 등)나 악처에 포함되지 않음을 뜻하는 것으로 추정하여 자연역에 괄호로 보충하였다.	
38	vri:romn:s0514m.mul:48c4412decd3	romn/s0514m.mul.xml	e3a3005f2130e3c22d8defd59544adbb0886a3d0444e2c0d7b7094c54d4302ed	mula	verse	short	hard	verse	sutta	Khuddakanikāye	succeeded	True	False	2023. ‘‘Ete nīlā padissanti, nānāphaladharā dumā; Uggatā abbhakūṭāva nīlā añjanapabbatā.	저 푸르고 다양한 과일을 품은 나무들이 보인다. 솟아오른 구름 봉우리처럼, 푸른 안자나 산맥처럼.	저 푸르고 다양한 과일을 품은 나무들이 보입니다. 마치 솟아오른 구름 봉우리 같고, 푸른 안자나 산맥 같습니다.	gloss: are seen, appear; ko: 보인다; note: pa-dissati의 3인칭 복수형이다.; pali: padissanti | gloss: bearing various fruits; ko: 다양한 과일을 품은; note: nānā(다양한) + phala(과일) + dharā(품은)의 복합어이다.; pali: nānāphaladharā | gloss: cloud peaks; ko: 구름 봉우리; note: abbha(구름) + kūṭā(봉우리)의 복합어이다.; pali: abbhakūṭā | gloss: Añjana mountains; ko: 안자나 산맥; note: añjana(검푸른 안약) + pabbatā(산)의 복합어로, 고유명사 또는 검푸른 산맥을 의미한다.; pali: añjanapabbatā	abbhakūṭāva는 abbhakūṭā와 iva(처럼)가 결합된 연음이다. | añjanapabbatā 뒤에도 iva의 의미가 생략되어 비유로 쓰인 것으로 보인다.	자따까(본생경)에서 숲의 장엄한 풍경을 묘사하는 전형적인 게송이다.	añjanapabbatā를 고유명사 '안자나 산맥'으로 번역했으나, '검푸른 산맥'이라는 일반명사적 비유로도 해석할 수 있다.	
39	vri:romn:s0510m2.mul:6210bd21c95f	romn/s0510m2.mul.xml	b48f903e8090e0a7b2abba5a7b2f50d5aff5aecdee3d1f3558a02dc3addf0980	mula	verse	short	hard	verse	sutta	Khuddakanikāye	succeeded	True	False	454. ‘‘‘Hatthī assā gavā cāpi, dāsiyo paricārikā; Tuyhatthāya mahāvīra, pariccattaṃ asaṅkhiyaṃ.	코끼리들, 말들, 소들, 그리고 또한 하녀들과 시녀들, 위대한 영웅이시여, 당신을 위해 헤아릴 수 없이 많은 것들이 보시되었습니다.	위대한 영웅이시여, 당신을 위해 코끼리, 말, 소, 그리고 하녀와 시녀 등 헤아릴 수 없이 많은 것들을 보시했습니다.	gloss: great hero; ko: 위대한 영웅; note: 부처님을 부르는 호칭으로 쓰였다.; pali: mahāvīra | gloss: given up, sacrificed; ko: 보시된 것; note: pariccajati(완전히 버리다, 보시하다)의 과거분사이다.; pali: pariccatta | gloss: incalculable, innumerable; ko: 헤아릴 수 없는; note: 수없이 많음을 나타낸다.; pali: asaṅkhiya	pariccattaṃ은 과거분사 중성 단수 주격 형태로, 앞서 나열된 복수 명사들을 집합적으로 받거나 '헤아릴 수 없이 많은 것(asaṅkhiyaṃ)이 보시되었다'는 수동 구문을 형성한다. | Tuyhatthāya는 tuyhaṃ(당신의)과 atthāya(위하여, 여격)가 결합된 연음이다.	야소다라가 과거 수많은 생 동안 보살(부처님)이 바라밀을 닦을 때 자신의 소유물과 권속들을 기꺼이 보시의 대상으로 내어주며 협력했음을 회상하는 대목이다.		
40	vri:romn:s0510m1.mul:29a466ebf32b	romn/s0510m1.mul.xml	5e4954c7668911f7ecbd2843d87f6ad9b35413c83170a3fdb8d20921b1600707	mula	verse	short	hard	verse	sutta	Khuddakanikāye	succeeded	True	False	34. ‘‘Paṭisambhidā catasso…pe… kataṃ buddhassa sāsanaṃ’’.	네 가지 무애해 ... (생략) ... 부처님의 가르침은 완수되었다.	네 가지 무애해와 ... (생략) ... 부처님의 가르침을 완수하였다.	gloss: analytical knowledge; ko: 무애해; note: 네 가지 분석적인 지혜를 가리키는 교리 용어이다.; pali: paṭisambhidā | gloss: teaching, dispensation; ko: 가르침; note: 부처님의 교법이나 가르침을 의미한다.; pali: sāsana	kataṃ buddhassa sāsanaṃ은 수동태 구문으로 직역하면 '부처님의 가르침이 완수되었다'이지만, 자연스러운 한국어를 위해 능동태로 번역하였다. | …pe…(peyyāla)는 반복되는 정형구의 중간 부분이 생략되었음을 나타낸다.	이 구절은 아라한과를 성취하고 부처님의 제자로서 해야 할 일을 모두 마쳤음을 선언하는 아빠다나(Apadāna)의 전형적인 결론부이다.		
41	vri:romn:s0514a2.att:758a93f32c0f	romn/s0514a2.att.xml	f70e9d69c5a62f25ccabc2a2dc00f20799a2ba081be7ec98dc9289e90158b78a	atthakatha	verse	short	hard	verse	sutta	Khuddakanikāye	succeeded	True	False	29. ‘‘Anuññāto ahaṃ matyā, sañcatto pitarā mahaṃ; Ekoraññe pabbajito, na kāme abhipatthaye’’ti.	“나는 어머니에 의해 허락받았고, 나의 아버지에 의해 버려져, 홀로 숲에 출가하였으니, 감각적 욕망들을 갈망하지 않는다.”라고.	“나는 어머니에게 허락받고 나의 아버지에게 버려져, 홀로 숲에 출가하였으니, 감각적 욕망들을 갈망하지 않는다.”	gloss: permitted; ko: 허락받은; note: anujānāti(허락하다)의 과거분사이다.; pali: anuññāta | gloss: abandoned; ko: 버려진; note: sañcajati(버리다, 포기하다)의 과거분사로, 여기서는 추방당한 상황을 나타낸다.; pali: sañcatta | gloss: sensual desire; ko: 감각적 욕망; note: 복수 대격(kāme)으로 쓰였다.; pali: kāma | gloss: desire; ko: 갈망하다; note: abhipatthayati의 1인칭 단수 현재형으로 쓰였다.; pali: abhipatthaye	matyā는 mātā(어머니)의 여성 단수 국격(도구격)으로 '어머니에 의해'라는 뜻이다. | mahaṃ은 문맥상 1인칭 대명사 mama(나의)의 시적 변형으로 쓰여 pitarā(아버지)를 수식하는 것으로 보인다. | Ekoraññe는 eka(홀로)와 araññe(숲에)의 연음 복합어이다.	이 게송은 웨산따라(Vessantara) 왕자가 아버지 산자야(Sañjaya) 왕에 의해 추방당한 뒤, 숲에서 출가 수행자로서 감각적 욕망을 버리겠다는 결의를 밝히는 대목이다.	mahaṃ이 1인칭 소유격 mama(나의)인지, 아니면 대격 mamaṃ(나를)의 변형인지 명확하지 않으나, 문맥상 '나의 아버지'로 해석하는 것이 자연스럽다.	
42	vri:romn:s0514a2.att:9952800aaad1	romn/s0514a2.att.xml	e227bea590fea5194428ca98338870e670173d6dcb113b4f048c651d6ffc55ed	atthakatha	verse	medium	hard	verse	sutta	Khuddakanikāye	succeeded	True	False	768. ‘‘Dammi nikkhasahassaṃ te, gāmāsītiñca kāsisu; Dāsisatāni cattāri, dammi bhariyāsatañca te; Sabbaṃ senaṅgamādāya, sotthiṃ gaccha mahosadhā’’ti.	나는 너에게 천 개의 닛카를 주고, 까시(Kāsi)에 있는 여든 개의 마을을 [준다]. 사백 명의 하녀들을 [주고], 나는 너에게 백 명의 아내를 준다. 모든 군대를 이끌고, 무사히 가라, 마호사다여. 라고.	마호사다여, 내가 그대에게 천 닢의 금화와 까시국의 여든 개 마을을 주겠노라. 사백 명의 하녀들과 백 명의 아내도 주겠노라. 모든 군대를 이끌고 무사히 돌아가라.	gloss: golden coin/ornament; ko: 닛카; note: 고대 인도의 화폐 및 무게 단위로, 금화나 금장신구를 의미한다.; pali: nikkha | gloss: Kāsi; ko: 까시; note: 고대 인도의 국가 및 지역 이름이다.; pali: kāsi | gloss: Mahosadha; ko: 마호사다; note: 마하움막가 자따까에 등장하는 보살의 이름이다.; pali: mahosadha	gāmāsītiñca는 gāma(마을)와 asītiṃ(여든)의 복합어에 접속사 ca가 결합된 형태이다. | senaṅgamādāya는 senaṅgaṃ(군대)과 절대분사 ādāya(취하여, 이끌고)가 연음된 형태이다. | sotthiṃ은 목적격 명사가 부사적으로 사용되어 '무사히', '안전하게'라는 의미를 나타낸다.	이 게송은 마하움막가 자따까(Mahā-ummagga Jātaka)에서 왕이 마호사다 보살에게 큰 보상을 내리며 고향으로 돌아갈 것을 허락하는 장면이다.	nikkha는 금화 또는 금으로 된 장신구를 의미할 수 있으나, 여기서는 문맥상 재물의 단위인 금화로 번역하였다.	
43	vri:romn:s0509a.att:c7c5b9b46354	romn/s0509a.att.xml	02ab45ae775f702d4e10788dc9d2769d7243a3a6d344b20d941f39b64ce28188	atthakatha	verse	short	hard	verse	sutta	Khuddakanikāye	succeeded	True	False	103. ‘‘Sā me dhammamadesesi, khandhāyatanadhātuyo; Tassā dhammaṃ suṇitvāna, kese chetvāna pabbajiṃ.	그녀는 나에게 법을, 무더기, 감각장소, 요소들을 설했다. 그녀의 법을 듣고서, 머리카락들을 자르고서 나는 출가했다.	그녀는 나에게 무더기(오온), 감각장소(십이처), 요소(십팔계)라는 법을 설해주었다. 그녀의 법을 듣고서, 나는 머리카락을 자르고 출가했다.	gloss: aggregate; ko: 무더기; note: 존재를 구성하는 다섯 가지 무더기(오온)를 가리킨다.; pali: khandha | gloss: sense base; ko: 감각장소; note: 인식의 토대가 되는 열두 가지 감각장소(십이처)를 가리킨다.; pali: āyatana | gloss: element; ko: 요소; note: 인식 작용을 구성하는 열여덟 가지 요소(십팔계)를 가리킨다.; pali: dhātu	dhammamadesesi는 dhammaṃ과 adesesi의 연음이다. | khandhāyatanadhātuyo는 dhammaṃ과 동격으로 쓰여 설해진 법의 구체적인 내용을 나타낸다. | suṇitvāna와 chetvāna는 연속체(gerund)로, 행위의 시간적 순서를 나타낸다.	무더기(khandha), 감각장소(āyatana), 요소(dhātu)는 초기불교에서 존재와 인식을 분석하는 핵심 교리인 오온, 십이처, 십팔계를 가리킨다.		
44	vri:romn:s0510m1.mul:de9d8238d15d	romn/s0510m1.mul.xml	3d5890ce437695f4c3f797e0757955b719f5e96badd4a0c10734b86225c8f3fe	mula	verse	short	hard	verse	sutta	Khuddakanikāye	succeeded	True	False	78. ‘‘Vuṭṭhite naradevamhi, setacchattampi vuṭṭhahi; Purato buddhaseṭṭhassa, gacchati chattamuttamaṃ.	사람들의 천신이 일어났을 때, 흰 일산도 일어났다. 가장 훌륭한 부처님의 앞으로 최상의 일산이 간다.	사람들의 천신(부처님)께서 일어나셨을 때, 흰 일산도 함께 일어났다. 가장 훌륭하신 부처님의 앞으로 그 최상의 일산이 나아간다.	gloss: god of men; ko: 사람들의 천신; note: 부처님을 찬탄하는 표현으로 쓰였다.; pali: naradeva | gloss: white parasol; ko: 흰 일산; note: 존귀함을 상징하는 장엄구이다.; pali: setachatta | gloss: best of Buddhas; ko: 가장 훌륭한 부처님; note: 부처님에 대한 최상급 찬탄이다.; pali: buddhaseṭṭha	'Vuṭṭhite naradevamhi'는 절대처격(Locative Absolute) 구문으로, '~가 ~했을 때'라는 시간적 부사절 역할을 한다. | chattamuttamaṃ은 chattaṃ과 uttamaṃ이 결합된 연음이다.	naradeva(사람들의 천신)는 부처님을 지칭하는 표현으로, 인간과 천신을 뛰어넘는 존귀한 존재임을 나타낸다. | 부처님을 향한 공양의 공덕으로 일산이 스스로 부처님을 따라다니는 기적을 묘사하고 있다.	gacchati가 현재형으로 쓰였으나, 문맥상 과거의 사건을 생생하게 묘사하는 역사적 현재(historical present)로 볼 수 있다.	
45	vri:romn:s0513a3.att:5f1f3e2b4179	romn/s0513a3.att.xml	3b48ae5023fec7164026fa782dccc90483d697c45c64993e621b4c4de23533bc	atthakatha	verse	medium	hard	verse	sutta	Khuddakanikāye	succeeded	True	False	93. ‘‘Kalyāṇarūpo vatayaṃ catuppado, subhaddako ceva supesalo ca; Yo brāhmaṇaṃ jātimantūpapannaṃ, apacāyati meṇḍavaro yasassī’’ti.	"""참으로 이 네 발 달린 짐승은 훌륭한 모습이고, 매우 상서롭고 또한 매우 예의바르구나. 명성 있는 뛰어난 숫양인 그가 출생과 만뜨라를 갖춘 바라문을 공경하는구나.""라고."	"""참으로 이 네 발 달린 짐승은 모습이 훌륭하고, 매우 상서로우며 예의가 바르구나. 명성 있는 이 뛰어난 숫양이 출생과 만뜨라를 갖춘 바라문을 공경하는구나."""	gloss: quadruped; ko: 네 발 달린 짐승; note: catu(넷)와 pada(발)의 복합어이다.; pali: catuppada | gloss: endowed with birth and mantras; ko: 출생과 만뜨라를 갖춘; note: jāti(출생), manta(만뜨라, 베다의 주문), upapanna(갖춘)의 복합어이다.; pali: jātimantūpapanna | gloss: excellent ram; ko: 뛰어난 숫양; note: meṇḍa(숫양)와 vara(뛰어난)의 복합어이다.; pali: meṇḍavara | gloss: to honor, respect; ko: 공경하다; note: 존경이나 예의를 표하는 행위를 의미한다.; pali: apacāyati	Kalyāṇarūpo vatayaṃ은 Kalyāṇarūpo vata ayaṃ의 연음이다. | jātimantūpapannaṃ은 jāti-manta-upapannaṃ이 결합된 형태이며, 바라문(brāhmaṇaṃ)을 수식하는 목적격이다. | Yo ... apacāyati meṇḍavaro에서 관계대명사 Yo는 meṇḍavaro를 가리킨다.	숫양이 돌진하기 위해 뒤로 물러나는 것을 바라문이 자신을 공경하는 것으로 착각하여 읊은 게송으로, 어리석음을 풍자하는 자따까의 한 장면이다.		
46	vri:romn:s0514m.mul:ef1a4bd6a96d	romn/s0514m.mul.xml	54544ef53e4fee589eadb298b2c298cfad7d50538c69be31b23eccb760a4885c	mula	verse	medium	hard	verse	sutta	Khuddakanikāye	succeeded	True	False	488. ‘‘Bhayañhi maṃ vindati sūta disvā, pucchāmi taṃ mātali devasārathi; Ime nu maccā kimakaṃsu pāpaṃ, yeme janā vaṅkaghastā sayanti’’.	마부여, 보고서 참으로 두려움이 나를 덮칩니다. 천신들의 마부 마딸리여, 당신에게 묻습니다. 도대체 이 인간들은 무슨 악을 행했습니까? 이 사람들이 갈고리에 찔려 누워있습니다.	마부여, 이것을 보니 참으로 두려움이 나를 덮칩니다. 천신들의 마부 마딸리여, 당신에게 묻습니다. 도대체 이 인간들은 무슨 악행을 저질렀기에, 이 사람들이 갈고리에 찔린 채 누워있습니까?	gloss: Mātali; ko: 마딸리; note: 제석천의 마부 이름.; pali: mātali | gloss: charioteer of gods; ko: 천신들의 마부; note: 마딸리의 호칭.; pali: devasārathi | gloss: pierced by hooks; ko: 갈고리에 찔린 자들; note: 지옥의 형벌을 묘사하는 복합어.; pali: vaṅkaghastā | gloss: mortals; ko: 인간들; note: 죽어야 할 존재들을 의미하며 인간을 가리킨다.; pali: maccā	Bhayañhi는 bhayaṃ과 hi의 연음이다. | kimakaṃsu는 의문대명사 kiṃ과 아오리스트 동사 akaṃsu의 연음이다. | yeme는 관계대명사 ye와 지시대명사 ime의 연음이다.	니미 왕(Nimi)이 지옥을 유람하며 마딸리에게 지옥 중생들이 받는 고통의 원인이 되는 악행을 묻는 장면이다.	vaṅkaghastā의 ghastā는 본래 '삼켜진'이라는 뜻이나, 주석서의 설명(vaṅkena viddhā)에 따라 '갈고리에 찔린'으로 번역하였다.	
47	vri:romn:s0403t.tik:0b44a6389758	romn/s0403t.tik.xml	770ae7c7d1232c7256db384c9b3259cca1c86f4e778dc7ff903216597cabca56	tika	verse	medium	hard	verse	sutta	Aṅguttaranikāye	succeeded	True	False	‘‘Kimīnaṃ ālayaṃ etaṃ, nānākuṇapena pūritaṃ; Asucibhājanaṃ etaṃ, tadalikkhandhasamaṃ ida’’nti. (saṃ. ni. aṭṭha. 1.1.213; su. ni. aṭṭha. 2.452 subhāsitasuttavaṇṇanā) –	“이것은 벌레들의 거처이고, 다양한 시체로 가득 차 있다. 이것은 부정함의 그릇이고, 이것은 똥무더기와 같다.”라고. (상윳따 니까야 주석서 1.1.213; 숫따니빠따 주석서 2.452 숩바시따숫따 해설) –	“이것은 벌레들의 거처이고, 다양한 시체로 가득 차 있다. 이것은 부정함의 그릇이고, 이것은 똥무더기와 같다.”라고. (상윳따 니까야 주석서 1.1.213; 숫따니빠따 주석서 2.452 수바시따 경 해설) –	gloss: abode, dwelling; ko: 거처; note: 문맥상 벌레들이 사는 곳을 의미하므로 '거처'로 번역했다.; pali: ālaya | gloss: corpse, carcass; ko: 시체; note: 부정관을 나타내는 문맥에서 '시체' 또는 '오물'을 의미한다.; pali: kuṇapa | gloss: vessel of impurity; ko: 부정함의 그릇; note: asuci(부정함)와 bhājana(그릇)의 복합어이다.; pali: asucibhājana | gloss: heap of excrement; ko: 똥무더기; note: 문맥상 오물이나 똥의 무더기를 비유적으로 표현한 것이다.; pali: tadalikkhandha	Kimīnaṃ은 복수 속격으로 '벌레들의'라는 의미이다. | nānākuṇapena는 nānā(다양한)와 kuṇapa(시체)의 복합어로, 도구격(-ena)이 쓰여 '~로'라는 의미를 나타낸다. | tadalikkhandhasamaṃ은 tadalikkhandha(똥무더기)와 sama(같은)의 복합어이다.	이 게송은 육체의 부정함(asubha)을 관찰하는 수행(부정관)의 일환으로, 몸을 벌레의 거처나 오물의 그릇으로 묘사하여 육체에 대한 집착을 끊도록 유도한다.	tadalikkhandha의 정확한 어원 분석이 불확실하나, 문맥상 '똥무더기'나 '오물 무더기'로 해석하는 것이 일반적이다.	grammar_uncertain
48	vri:romn:s0505m.mul:19ae1da5c658	romn/s0505m.mul.xml	7783f3af3c8d1d7ef3136f428d9cc80176bd260608dc8d834ddf40d34835a51a	mula	verse	medium	hard	verse	sutta	Khuddakanikāye	succeeded	True	False	38. Vaṃso visālova yathā visatto, puttesu dāresu ca yā apekkhā; Vaṃsakkaḷīrova asajjamāno, eko care khaggavisāṇakappo.	무성한 대나무가 얽혀 있는 것처럼 자식들과 아내들에 대한 애착이 (그러하다). 죽순처럼 얽매이지 않으며, 코뿔소의 뿔처럼 홀로 다녀야 한다.	무성한 대나무가 서로 얽혀 있듯 자식과 아내에 대한 애착도 그러하니, 어디에도 얽매이지 않는 죽순처럼 무소의 뿔처럼 혼자서 가라.	gloss: attachment, expectation; ko: 애착; note: 문맥상 자식과 아내에 대한 얽매임과 기대를 의미한다.; pali: apekkhā | gloss: bamboo sprout; ko: 죽순; note: 얽히지 않고 곧게 자라는 특성을 비유하기 위해 쓰였다.; pali: vaṃsakkaḷīra | gloss: unattached; ko: 얽매이지 않는; note: 집착하거나 걸리지 않는 상태를 나타낸다.; pali: asajjamāna | gloss: like a rhinoceros horn; ko: 코뿔소의 뿔처럼; note: 숫따니빠따의 무소의 뿔 경(Khaggavisāṇasutta)을 관통하는 핵심 비유이다.; pali: khaggavisāṇakappa	visālova와 Vaṃsakkaḷīrova는 각각 visālo + iva, vaṃsakkaḷīro + iva의 연음으로 비유를 나타낸다. | puttesu dāresu는 처격으로 애착(apekkhā)의 대상을 나타낸다.	가족에 대한 애착을 무성하게 얽힌 대나무에 비유하고, 수행자의 얽매임 없는 삶을 곧게 자라는 죽순에 비유하여 홀로 수행할 것을 강조한다.		
49	vri:romn:s0508m.mul:f90c9806366a	romn/s0508m.mul.xml	2df0cb713d2260176f4ac150a06cc0497b2d2f60ba301af6e1a0414ec9acf526	mula	verse	short	hard	verse	sutta	Khuddakanikāye	succeeded	True	False	888. ‘‘Sukhaṃ sayāmi ṭhāyāmi, sukhaṃ kappemi jīvitaṃ; Ahatthapāso mārassa, aho satthānukampito.	나는 행복하게 눕고 선다, 나는 행복하게 삶을 영위한다. 마라의 손아귀에서 벗어난 자, 아, 스승의 연민을 받은 자여.	나는 행복하게 눕고 서며, 행복하게 삶을 영위한다. 마라의 손아귀에서 벗어났으니, 아, 스승의 연민을 입었네.	gloss: beyond the reach; ko: 손아귀에서 벗어난; note: hatthapāsa(손이 닿는 거리)에 부정 접두사 a-가 결합된 형태이다.; pali: ahatthapāsa | gloss: compassionated by the Master; ko: 스승의 연민을 받은; note: satthu(스승)와 anukampita(연민을 받은)의 복합어이다.; pali: satthānukampita | gloss: Māra; ko: 마라; note: 죽음과 번뇌를 의인화한 존재이다.; pali: māra	ahatthapāso는 a(부정) + hattha(손) + pāsa(올가미, 닿는 거리)의 복합어로, '손아귀에서 벗어난'이라는 의미를 가진다. | satthānukampito는 satthu(스승)와 anukampito(연민을 받은)의 연음 복합어이다.	마라의 손아귀에서 벗어났다는 것은 번뇌를 소멸하고 아라한과를 성취하여 윤회의 굴레에서 해탈했음을 의미한다.		
50	vri:romn:s0514m.mul:6e5180cfa5b8	romn/s0514m.mul.xml	0aa74189c037afb22c3f681ac3beee9cbe5c499501cb48104dc4aca1c384cb11	mula	verse	short	hard	verse	sutta	Khuddakanikāye	succeeded	True	False	2279. ‘‘Maddiṃ hatthe gahetvāna, udakassa kamaṇḍaluṃ; Brāhmaṇassa adā dānaṃ, sivīnaṃ raṭṭhavaḍḍhano.	시위족의 나라를 번영케 하는 자가 맛디를 손에 잡고서, 물병을 [가지고서], 바라문에게 보시를 주었다.	시위족의 나라를 번영케 하는 자가 맛디의 손을 잡고서, 물병을 들고 바라문에게 보시를 베풀었다.	gloss: Maddi; ko: 맛디; note: 웨산따라 왕자의 아내 이름.; pali: Maddī | gloss: water-pitcher; ko: 물병; note: 보시 의식에 사용되는 물병.; pali: kamaṇḍalu | gloss: increaser of the kingdom; ko: 나라를 번영케 하는 자; note: 웨산따라 왕자를 가리키는 표현.; pali: raṭṭhavaḍḍhana	Maddiṃ hatthe gahetvāna는 '맛디를 손에 잡고서'라는 뜻으로, 관용적으로 '맛디의 손을 잡고서'를 의미한다. | udakassa kamaṇḍaluṃ은 '물의 물병' 즉 '물이 든 물병'을 의미하며, 보시를 할 때 물을 부어주는 고대 인도의 의식을 나타낸다. | adā는 동사 dadāti(주다)의 아오리스트(과거) 3인칭 단수형이다.	아내인 맛디를 바라문에게 보시하는 장면으로, 웨산따라 왕자가 보시바라밀(dānapāramī)을 완성하는 극적인 순간을 묘사한다. | 물병(kamaṇḍalu)으로 물을 붓는 행위는 소유권을 완전히 양도함을 상징하는 전통적인 보시 의식이다.	hatthe가 처격 단수로서 '손에'를 의미하지만, 문맥상 '맛디의 손을'인지 '자신의 손에 맛디를'인지 모호할 수 있으나, 일반적으로 '맛디의 손을 잡고서'로 해석된다.	
51	vri:romn:s0202t.tik:bcc8233c219b	romn/s0202t.tik.xml	a688a1f2a66269d5e541103e6941fdd82920201960e034e745640f47fb078e90	tika	prose	long	hard	citation_heavy	sutta	Majjhimanikāye	succeeded	True	False	31. Aṅgā nāma janapadino rājakumārā, tesaṃ nivāso ekopi janapado ruḷhivasena aṅgātveva vuccatīti āha ‘‘aṅgāyeva so janapado’’ti. Mahiyā panassa uttarena yā āpoti mahiyā nadiyā yā āpo tassa janapadassa uttarena honti. Tāsaṃ avidūrattā so janapado uttarāpoti vuccati. Sā pana mahī katthaci katthaci bhijjitvā gatāti āha ‘‘kataramahiyā uttarena yā āpo’’ti. Tatthāti tassā mahiyā āgamanato paṭṭhāya ayaṃ āvibhāvakathā. Yasmā (a. ni. ṭī. 3.8.19) lokiyā jambudīpo himavā tattha patiṭṭhitasamuddadahapabbatanadiyoti etesu yaṃ yaṃ na manussagocaraṃ, tattha sayaṃ sammūḷhā aññepi sammohayanti, tattha tattha sammohavidhamanatthaṃ ‘‘ayaṃ kira jambudīpo’’tiādimāraddhaṃ. Dasasahassayojanaparimāṇo āyāmato ca vitthārato cāti adhippāyo. Tenāha ‘‘tatthā’’tiādi. Udakena ajjhotthaṭo tadupabhogisattānaṃ puññakkhayena.	"앙가(Aṅga)라는 이름의 지방 왕자들, 그들의 거주지인 하나의 지방도 관습적인 의미로 단지 앙가라고 불린다고 하여 ""그 지방이 바로 앙가이다""라고 말했다. ""그런데 마히(Mahī)의 북쪽에 있는 물""이라는 것은 마히 강의 물이 그 지방의 북쪽에 있다는 것이다. 그것들에서 멀지 않기 때문에 그 지방은 웃따라빠(Uttarāpa)라고 불린다. 그런데 그 마히(강)는 여기저기서 갈라져서 흘러갔다고 하여 ""어떤 마히의 북쪽에 있는 물인가?""라고 말했다. ""거기서""라는 것은 그 마히(강)가 오는 곳부터 시작하여 이것은 명백히 드러내는 이야기이다. 세간 사람들이 잠부디빠, 히마와, 거기에 자리잡은 바다, 호수, 산, 강이라는 이것들 중에서 인간의 영역이 아닌 것마다 거기에 스스로 미혹되어 다른 이들도 미혹하게 하기 때문에, 그곳 그곳에서 미혹을 제거하기 위해 ""이것이 참으로 잠부디빠이다""라는 등의 (설명을) 시작했다. 길이와 너비가 만 요자나(yojana)의 크기라는 의도이다. 그래서 ""거기서""라는 등을 말했다. 그것을 누리는 중생들의 공덕이 다했기 때문에 물로 덮였다."	"앙가(Aṅga)라는 이름의 지방 왕자들이 있었는데, 그들의 거주지인 하나의 지방도 관습적인 의미로 단지 앙가라고 불린다고 하여 ""그 지방이 바로 앙가이다""라고 주석가는 말했다. ""그런데 마히(Mahī) 강의 북쪽에 있는 물""이라는 것은 마히 강의 물이 그 지방의 북쪽에 있다는 뜻이다. 그 물에서 멀지 않기 때문에 그 지방은 웃따라빠(Uttarāpa)라고 불린다. 그런데 그 마히 강은 여기저기서 갈라져서 흘러갔다고 하여 ""어떤 마히 강의 북쪽에 있는 물인가?""라고 말했다. ""거기서""라는 것은 그 마히 강이 흘러오는 곳부터 시작하여 명백히 드러내는 이야기이다. 세간 사람들이 잠부디빠(염부제), 히마와(설산), 그리고 거기에 자리잡은 바다, 호수, 산, 강이라는 것들 중에서 인간의 영역이 아닌 곳마다 스스로 미혹되고 다른 이들도 미혹하게 하기 때문에, 그곳들에 대한 미혹을 제거하기 위해 ""이것이 참으로 잠부디빠이다""라는 등의 설명을 시작한 것이다. 길이와 너비가 만 요자나(yojana)의 크기라는 뜻이다. 그래서 ""거기서""라는 등의 말을 한 것이다. 그것을 누리는 중생들의 공덕이 다했기 때문에 물로 덮이게 되었다."	gloss: by way of conventional usage; ko: 관습적인 의미로; note: ruḷhi(관습, 관용)와 vasena(~에 의해)의 복합어로, 관습적인 명칭 부여를 설명할 때 자주 쓰인다.; pali: ruḷhivasena | gloss: northern water; ko: 웃따라빠; note: uttara(북쪽)와 āpa(물)의 복합어로, 마히 강의 북쪽에 위치한 지역을 가리키는 지명이다.; pali: uttarāpa | gloss: for the purpose of dispelling delusion; ko: 미혹을 제거하기 위해; note: sammoha(미혹)와 vidhamana(제거함), atthaṃ(~을 위해)의 복합어이다.; pali: sammohavidhamanatthaṃ | gloss: covered, overwhelmed; ko: 덮인; note: adhi + ava + √thar(덮다)의 과거분사로, 물에 잠기거나 덮인 상태를 의미한다.; pali: ajjhotthaṭo	aṅgātveva는 aṅgā iti eva의 연음으로, '단지 앙가라고'로 해석된다. | tadupabhogisattānaṃ은 tad(그것) + upabhogi(누리는) + sattānaṃ(중생들의)으로 이루어진 복합어이다.	중생들의 공덕이 다하여 지리적 환경이 변하거나 물에 잠기게 되었다는 설명은 불교 우주론에서 업과 환경의 상호작용을 보여주는 전형적인 묘사이다.	āvibhāvakathā의 정확한 뉘앙스가 문맥상 지리적 기원을 명확히 밝히는 설명인지 다소 불확실하나, '명백히 드러내는 이야기'로 직역하였다.	
52	vri:romn:vin01t2.tik:502e2d712344	romn/vin01t2.tik.xml	f284c6dabdc14c4261c0bea5506ee149928acd4c7d7649bccb7f10e873bf518e	tika	prose	medium	hard	citation_heavy	vinaya	Vinayapiṭake	succeeded	True	False	53. Vaṇṇapaṭṭhānanti mahāsaṅghikānaṃ buddhaguṇaparidīpakaṃ ekaṃ suttanti vadanti. Upāligāthāsūti (ma. ni. 2.76) –	53. '완나빳타나(Vaṇṇapaṭṭhāna)'라는 것은 대중부의 부처님 공덕을 밝히는 하나의 경이라고 그들은 말한다. '우빨리 게송들에서'라는 것은 (맛지마 니까야 2.76) -	53. '완나빳타나(Vaṇṇapaṭṭhāna)'라는 것은 대중부 문헌 중 부처님의 공덕을 밝히는 하나의 경이라고 그들은 말한다. '우빨리 게송들에서'라는 것은 (맛지마 니까야 2.76) -	gloss: Vaṇṇapaṭṭhāna; ko: 완나빳타나; note: 대중부의 경전 이름으로 언급됨.; pali: Vaṇṇapaṭṭhāna | gloss: Mahāsaṅghika; ko: 대중부; note: 초기 부파불교의 주요 부파 중 하나.; pali: mahāsaṅghika | gloss: illustrating the Buddha's virtues; ko: 부처님 공덕을 밝히는 것; note: buddha(부처님) + guṇa(공덕) + paridīpaka(밝히는 것)의 복합어.; pali: buddhaguṇaparidīpaka | gloss: verses of Upāli; ko: 우빨리 게송; note: 맛지마 니까야 우빨리 경(MN 56)에 등장하는 게송.; pali: Upāligāthā	Vaṇṇapaṭṭhānanti는 Vaṇṇapaṭṭhānaṃ과 인용 불변화사 iti의 연음이다. | mahāsaṅghikānaṃ은 복수 속격으로 뒤의 suttaṃ과 연결되어 대중부 소속의 경임을 나타낸다. | Upāligāthāsūti는 처격 복수 Upāligāthāsu와 iti의 연음으로, 주석서에서 특정 구절을 인용하여 해설을 시작하는 형태이다.	대중부(Mahāsaṅghika)는 초기 부파불교 시대에 상좌부와 근본 분열을 일으킨 주요 부파 중 하나이다. | '우빨리 게송(Upāligāthā)'은 맛지마 니까야의 우빨리 경(Upālisutta, MN 56)에 나오는 부처님을 찬탄하는 게송을 가리킨다.	vadanti(그들은 말한다)의 주어가 명시되지 않았으나, 일반적인 전승자나 학자들을 가리키는 것으로 보인다.	
53	vri:romn:s0402a.att:efa7d33f7272	romn/s0402a.att.xml	eea833b0eb988c48e1f365635d76a0215f77bd54efff737352f08082a70b31ec	atthakatha	prose	long	hard	citation_heavy	sutta	Aṅguttaranikāye	succeeded	True	False	Vediyamānassāti ettha vedanaṃ anubhavantopi vediyamānoti vuccati jānantopi. ‘‘Vediyāmahaṃ, bhante, vediyatīti maṃ saṅgho dhāretū’’ti (cūḷava. aṭṭha. 102) ettha hi anubhavanto vediyamāno nāma, ‘‘sukhaṃ vedanaṃ vediyamāno sukhaṃ vedanaṃ vediyāmīti pajānātī’’ti (ma. ni. 1.113; dī. ni. 2.380; vibha. 363) ettha jānanto. Idhāpi jānantova adhippeto. Idaṃ dukkhanti paññapemīti evaṃ jānantassa sattassa ‘‘idaṃ dukkhaṃ ettakaṃ dukkhaṃ, natthi ito uddhaṃ dukkha’’nti paññapemi bodhemi jānāpemi. Ayaṃ dukkhasamudayotiādīsupi eseva nayo.	'느끼는 자에게'라는 여기서 느낌을 경험하는 자도 '느끼는 자'라고 불리고, 아는 자도 [그렇게 불린다]. '대덕이시여, 저는 느낍니다. 승가는 저를 느끼는 자라고 기억해주십시오'라는 (cūḷava. aṭṭha. 102) 여기서는 참으로 경험하는 자가 '느끼는 자'라는 이름이고, '즐거운 느낌을 느낄 때 즐거운 느낌을 느낀다고 꿰뚫어 안다'라는 (ma. ni. 1.113; dī. ni. 2.380; vibha. 363) 여기서는 아는 자[가 느끼는 자라는 이름이]다. 여기서도 아는 자가 의도되었다. '이것이 괴로움이다라고 나는 시설한다'라는, 이와 같이 아는 중생에게 '이것이 괴로움이다, 이만큼이 괴로움이다, 이 위로 괴로움은 없다'라고 나는 시설한다, 깨닫게 한다, 알게 한다. '이것이 괴로움의 일어남이다'라는 등에서도 이와 같은 방법이다.	'느끼는 자에게'라는 구절에서, 느낌을 경험하는 자도 '느끼는 자'라고 불리고, 아는 자도 그렇게 불린다. '대덕이시여, 저는 느낍니다. 승가는 저를 느끼는 자라고 기억해주십시오'라고 한 (율장 소품 102) 구절에서는 경험하는 자가 '느끼는 자'를 뜻하고, '즐거운 느낌을 느낄 때 즐거운 느낌을 느낀다고 꿰뚫어 안다'라고 한 (맛지마 1.113 등) 구절에서는 아는 자를 뜻한다. 여기서도 아는 자가 의도되었다. '이것이 괴로움이다라고 나는 시설한다'라는 구절은, 이와 같이 아는 중생에게 '이것이 괴로움이다, 이만큼이 괴로움이다, 이 위로는 괴로움이 없다'라고 시설하고, 깨닫게 하고, 알게 한다는 뜻이다. '이것이 괴로움의 일어남이다'라는 등의 구절에서도 이와 같은 방법이 적용된다.	gloss: experiencing/feeling; ko: 느끼는 자; note: vedeti의 현재분사 중간태로, 느낌을 경험하거나 아는 주체를 가리킨다.; pali: vediyamāna | gloss: experiencing; ko: 경험하는 자; note: 단순히 느낌을 겪는 상태를 의미한다.; pali: anubhavanta | gloss: knowing; ko: 아는 자; note: 느낌을 지적으로 알아차리는 상태를 의미한다.; pali: jānanta | gloss: designates/declares; ko: 시설한다; note: 진리나 개념을 명확히 밝혀 가르치는 것을 뜻한다.; pali: paññapeti	Vediyamānassāti는 vediyamānassa와 iti의 연음으로, 경전의 구절을 인용하여 주석의 표제어로 삼은 것이다. | jānantova는 jānanto와 eva의 연음으로, '아는 자'라는 의미를 강조한다. | paññapemi bodhemi jānāpemi는 동의어를 나열하여 paññapemi(시설한다)의 의미를 명확히 하는 주석적 표현이다.	주석서는 vediyamāna(느끼는 자)라는 단어가 문맥에 따라 단순히 느낌을 '경험하는 자'를 뜻할 수도 있고, 느낌을 '아는 자'를 뜻할 수도 있음을 경전과 율장의 용례를 들어 설명하고 있다. | 이 경의 문맥에서는 사성제를 시설하는 대상이 단순히 느낌을 경험하는 자가 아니라, 느낌을 알아차리는 지적 능력을 갖춘 자(jānanta)임을 밝히고 있다.		
54	vri:romn:vin01a.att:81b1b322be70	romn/vin01a.att.xml	e52be50c2ff4bb3c56ff9474dce287481bd5ecdf516f90dc5c7a5209a7b7b144	atthakatha	prose	long	hard	citation_heavy	vinaya	Vinayapiṭake	succeeded	True	False	Tiṇakuṭikāyāti sattabhūmikopi pāsādo tiṇapaṇṇacchadano ‘‘tiṇakuṭikā’’ti vuccati. Aṭṭhakathāsu pana kukkuṭacchikagehanti chadanaṃ daṇḍakehi jālabaddhaṃ katvā tiṇehi vā paṇṇehi vā chāditakuṭikāva vuttā, tattha anāpatti. Mahantampi tiṇacchadanagehaṃ kātuṃ vaṭṭati, ullittādibhāvo eva hi kuṭiyā lakkhaṇaṃ, so ca chadanameva sandhāya vuttoti veditabbo. Caṅkamanasālāyaṃ tiṇacuṇṇaṃ paripatati ‘‘anujānāmi, bhikkhave, ogumphetvā ullittāvalittaṃ kātu’’ntiādīni (cūḷava. 260) cettha sādhakāni, tasmā ubhato pakkhaṃ vā kūṭabaddhaṃ vā vaṭṭaṃ vā caturassaṃ vā yaṃ ‘‘imaṃ etassa gehassa chadana’’nti chadanasaṅkhepena kataṃ hoti, tassa bhittilepena saddhiṃ lepe ghaṭite āpatti. Sace pana ullittāvalittacchadanassa gehassa leparakkhaṇatthaṃ upari tiṇena chādenti, ettāvatā tiṇakuṭi nāma na hoti. Kiṃ panettha adesitavatthukappamāṇātikkantapaccayāva anāpatti, udāhu sārambhaaparikkamanapaccayāpīti sabbatthāpi anāpatti. Tathā hi tādisaṃ kuṭiṃ sandhāya parivāre vuttaṃ –	"'풀 오두막에서'라는 것은 풀이나 잎으로 지붕을 덮은 7층짜리 누각도 '풀 오두막'이라고 불린다. 그러나 주석서들에서는 '닭장 같은 집'이라는 것은 지붕을 막대기들로 그물처럼 엮어서 풀이나 잎으로 덮은 오두막만을 말했다. 거기에는 범함이 없다. 큰 풀 지붕 집을 짓는 것도 허용된다. 안팎으로 흙을 바르는 것 등이 참으로 오두막의 특징이며, 그리고 그것은 지붕만을 가리켜서 말한 것이라고 알아야 한다. ""경행당에 풀 부스러기가 떨어진다. 비구들이여, 덮어씌우고 안팎으로 흙을 바르는 것을 허락한다""는 등의 (쭐라왁가 260) 내용이 여기서 증거들이다. 그러므로 양쪽 면이든, 꼭대기가 묶인 것이든, 둥근 것이든, 네모난 것이든, 어떤 것이든 ""이것이 이 집의 지붕이다""라고 지붕의 개념으로 만들어진 것이면, 그것의 흙바름이 벽의 흙바름과 함께 연결되었을 때 범함이 된다. 그러나 만약 안팎으로 흙을 바른 지붕을 가진 집의 흙바름을 보호하기 위해 그 위에 풀로 덮는다면, 이 정도로는 풀 오두막이라고 하지 않는다. 그런데 여기서 터를 지정받지 않음과 크기를 초과함의 조건으로만 범함이 없는 것인가, 아니면 위험이 있고 주변에 다닐 공간이 없음의 조건으로도 (범함이 없는 것인가)? 모든 경우에 범함이 없다. 왜냐하면 그러한 오두막을 가리켜 빠리와라에서 다음과 같이 말했기 때문이다 –"	"'풀 오두막에서'라는 것은 풀이나 잎으로 지붕을 덮은 7층짜리 누각도 '풀 오두막'이라고 불린다는 뜻이다. 그러나 주석서들에서는 '닭장 같은 집'이라는 것은 지붕을 막대기들로 그물처럼 엮어서 풀이나 잎으로 덮은 오두막만을 말했으며, 거기에는 범함이 없다. 큰 풀 지붕 집을 짓는 것도 허용된다. 안팎으로 흙을 바르는 것 등이 참으로 오두막의 특징이며, 그것은 지붕만을 가리켜서 말한 것이라고 알아야 한다. ""경행당에 풀 부스러기가 떨어진다. 비구들이여, 덮어씌우고 안팎으로 흙을 바르는 것을 허락한다""는 등의 (쭐라왁가 260) 내용이 여기서 증거들이다. 그러므로 양쪽 면이든, 꼭대기가 묶인 것이든, 둥근 것이든, 네모난 것이든, 어떤 것이든 ""이것이 이 집의 지붕이다""라고 지붕의 개념으로 만들어진 것이면, 그것의 흙바름이 벽의 흙바름과 함께 연결되었을 때 범함이 된다. 그러나 만약 안팎으로 흙을 바른 지붕을 가진 집의 흙바름을 보호하기 위해 그 위에 풀로 덮는다면, 이 정도로는 풀 오두막이라고 하지 않는다. 그런데 여기서 터를 지정받지 않음과 크기를 초과함의 조건으로만 범함이 없는 것인가, 아니면 위험이 있고 주변에 다닐 공간이 없음의 조건으로도 (범함이 없는 것인가)? 모든 경우에 범함이 없다. 왜냐하면 그러한 오두막을 가리켜 빠리와라(부수)에서 다음과 같이 말했기 때문이다 –"	gloss: grass hut; ko: 풀 오두막; note: 풀이나 잎으로 지붕을 덮은 오두막을 가리킨다.; pali: tiṇakuṭikā | gloss: plastered inside and out; ko: 안팎으로 흙을 바름; note: ullitta(안으로 바름)와 avalitta(밖으로 바름)의 복합어이다.; pali: ullittāvalitta | gloss: offense; ko: 범함; note: 율장 문맥에서 계목을 어겨 죄를 짓는 것을 의미한다.; pali: āpatti | gloss: without an indicated site; ko: 터를 지정받지 않음; note: 승가디세사 제6조에서 승가로부터 집터를 지정받지 않은 상태를 가리킨다.; pali: adesitavatthuka | gloss: Parivara; ko: 빠리와라; note: 율장의 마지막 부분인 부수(附隨)를 가리킨다.; pali: Parivāra	lepe ghaṭite는 처격 절대구문으로, '흙바름이 연결되었을 때'라는 조건이나 시간을 나타낸다. | adesitavatthukappamāṇātikkantapaccayāva는 adesitavatthuka(터를 지정받지 않음), pamāṇātikkanta(크기를 초과함), paccayā(조건으로), eva(단지)가 결합된 복합어이다.	승가디세사 제6조(오두막 짓기)에 따르면, 비구가 오두막을 지을 때는 승가로부터 터를 지정받아야 하고, 정해진 크기를 초과해서는 안 되며, 위험이 없고 주변에 다닐 공간이 있어야 한다.		
55	vri:romn:s0404a.att:1ea869519213	romn/s0404a.att.xml	09f77d9fcc7004155c348d7ed40c1bcb024560eb319717bb7b9c772700f0034f	atthakatha	prose	long	hard	citation_heavy	sutta	Aṅguttaranikāye	succeeded	True	False	Anupubbiṃ kathanti dānānantaraṃ sīlaṃ, sīlānantaraṃ saggaṃ, saggānantaraṃ magganti evaṃ anupaṭipāṭikathaṃ. Tattha dānakathanti idaṃ dānaṃ nāma sukhānaṃ nidānaṃ, sampattīnaṃ mūlaṃ, bhogānaṃ patiṭṭhā, visamagatassa tāṇaṃ leṇaṃ gati parāyaṇaṃ, idhalokaparalokesu dānasadiso avassayo patiṭṭhā ārammaṇaṃ tāṇaṃ leṇaṃ gati parāyaṇaṃ natthi. Idañhi avassayaṭṭhena ratanamayasīhāsanasadisaṃ, patiṭṭhānaṭṭhena mahāpathavīsadisaṃ, ārammaṇaṭṭhena ālambanarajjusadisaṃ. Idañhi dukkhanittharaṇaṭṭhena nāvā, samassāsanaṭṭhena saṅgāmasūro, bhayaparittāṇaṭṭhena susaṅkhatanagaraṃ, maccheramalādīhi anupalittaṭṭhena padumaṃ, tesaṃ nidahanaṭṭhena aggi, durāsadaṭṭhena āsiviso, asantāsanaṭṭhena sīho, balavantaṭṭhena hatthī, abhimaṅgalasammataṭṭhena setavasabho, khemantabhūmisampāpanaṭṭhena valāhako assarājā. Dānaṃ nāmetaṃ mayā gatamaggo, mayheso vaṃso, mayā dasa pāramiyo pūrentena velāmamahāyañño, mahāgovindamahāyañño, mahāsudassanamahāyañño, vessantaramahāyaññoti, anekamahāyaññā pavattitā, sasabhūtena jalitaaggikkhandhe attānaṃ niyyādentena sampattayācakānaṃ cittaṃ gahitaṃ. Dānañhi loke sakkasampattiṃ deti mārasampattiṃ brahmasampattiṃ, cakkavattisampattiṃ, sāvakapāramīñāṇaṃ, paccekabodhiñāṇaṃ, abhisambodhiñāṇaṃ detīti evamādidānaguṇappaṭisaṃyuttaṃ kathaṃ.	'차제설을'이라는 것은 보시 직후에 지계를, 지계 직후에 천상을, 천상 직후에 도를 [설하는 것]이라고, 이와 같이 순차적인 설법을 [말한다]. 거기서 '보시론'이라는 것은 이 보시라는 것은 행복들의 근원이고, 성취들의 뿌리이고, 재물들의 의지처이고, 위험에 처한 자에게 보호처, 피난처, 귀의처, 궁극적 목적지이며, 이 세상과 저 세상에서 보시와 같은 의지처, 확립처, 대상, 보호처, 피난처, 귀의처, 궁극적 목적지는 없다는 것이다. 참으로 이것은 의지처라는 의미에서 보석으로 만들어진 사자좌와 같고, 확립처라는 의미에서 대지와 같고, 대상이라는 의미에서 매달리는 밧줄과 같다. 참으로 이것은 괴로움을 건너게 한다는 의미에서 배이고, 안도하게 한다는 의미에서 전쟁의 영웅이고, 두려움으로부터 보호한다는 의미에서 잘 지어진 도시이고, 인색함의 때 등에 오염되지 않는다는 의미에서 연꽃이고, 그것들을 태워버린다는 의미에서 불이고, 접근하기 어렵다는 의미에서 독사이고, 두려워하지 않는다는 의미에서 사자이고, 힘이 세다는 의미에서 코끼리이고, 최고의 길상으로 여겨진다는 의미에서 흰 황소이고, 안전한 땅에 도달하게 한다는 의미에서 발라하까 말의 왕이다. 이 보시라는 것은 나에 의해 걸어진 길이고, 나의 가문[전통]이고, 내가 열 가지 바라밀을 채울 때 벨라마 대제사, 마하고빈다 대제사, 마하수닷사나 대제사, 벳산따라 대제사 등 수많은 대제사가 거행되었고, 토끼가 되었을 때 타오르는 불무더기에 자신을 바침으로써 도착한 걸인들의 마음을 사로잡았다. 참으로 세상에서 보시는 삭까의 성취를 주고, 마라의 성취, 범천의 성취, 전륜왕의 성취를 주고, 성문바라밀의 지혜, 벽지보리의 지혜, 정등각의 지혜를 준다고, 이와 같은 등의 보시의 공덕과 결합된 설법을 [말한다].	'차제설(순차적인 가르침)을 설하셨다'라는 것은 보시를 설한 직후에 지계를, 지계를 설한 직후에 천상을, 천상을 설한 직후에 도(道)를 설하는 것과 같이 순차적으로 설법하는 것을 말한다. 거기서 '보시론'이라는 것은 다음과 같다. 이 보시라는 것은 행복의 근원이고, 성취의 뿌리이며, 재물의 의지처이고, 위험에 처한 자에게 보호처, 피난처, 귀의처, 궁극적 목적지가 된다. 이 세상과 저 세상에서 보시와 같은 의지처, 확립처, 대상, 보호처, 피난처, 귀의처, 궁극적 목적지는 없다. 참으로 보시는 의지처라는 의미에서 보석으로 만들어진 사자좌와 같고, 확립처라는 의미에서 대지와 같고, 대상이라는 의미에서 매달리는 밧줄과 같다. 참으로 보시는 괴로움을 건너게 한다는 의미에서 배이고, 안도하게 한다는 의미에서 전쟁의 영웅이고, 두려움으로부터 보호한다는 의미에서 잘 지어진 도시이고, 인색함의 때 등에 오염되지 않는다는 의미에서 연꽃이고, 그것들을 태워버린다는 의미에서 불이고, 접근하기 어렵다는 의미에서 독사이고, 두려워하지 않는다는 의미에서 사자이고, 힘이 세다는 의미에서 코끼리이고, 최고의 길상으로 여겨진다는 의미에서 흰 황소이고, 안전한 땅에 도달하게 한다는 의미에서 발라하까(Valāhaka) 말의 왕이다. 이 보시라는 것은 내가 걸어온 길이고, 나의 전통이며, 내가 열 가지 바라밀을 채울 때 벨라마 대제사, 마하고빈다 대제사, 마하수닷사나 대제사, 벳산따라 대제사 등 수많은 대제사를 거행하였고, 토끼가 되었을 때 타오르는 불무더기에 자신을 바침으로써 찾아온 걸인들의 마음을 사로잡았다. 참으로 세상에서 보시는 삭까(제석천)의 성취를 주고, 마라의 성취, 범천의 성취, 전륜왕의 성취를 주며, 성문바라밀의 지혜, 벽지보리의 지혜, 정등각의 지혜를 준다고 하는, 이와 같은 보시의 공덕과 결합된 설법을 말한다.	gloss: gradual instruction; ko: 차제설; note: 순차적으로 이끌어주는 부처님의 설법 방식을 가리킨다.; pali: anupubbikathā | gloss: giving; ko: 보시; note: 베풂을 의미하며 차제설의 첫 번째 주제이다.; pali: dāna | gloss: perfection; ko: 바라밀; note: 깨달음을 위해 완성해야 할 덕목을 가리킨다.; pali: pāramī | gloss: lotus; ko: 연꽃; note: 오염되지 않음의 비유로 쓰였다.; pali: paduma | gloss: knowledge of supreme enlightenment; ko: 정등각의 지혜; note: 완전한 깨달음의 지혜를 의미한다.; pali: abhisambodhiñāṇa	Anupubbiṃ kathanti... evaṃ anupaṭipāṭikathaṃ: 인용 불변화사 'ti'를 통해 차제설(anupubbikathā)의 구체적인 내용을 설명하고, 마지막에 anupaṭipāṭikathaṃ(순차적인 설법)으로 다시 요약하는 구조이다. | -aṭṭhena: '~라는 의미에서'라는 뜻의 탈격/도구격 형태로, 보시의 다양한 비유적 특성을 설명하는 데 반복적으로 사용되었다. | mayā dasa pāramiyo pūrentena: '내가 열 가지 바라밀을 채울 때'라는 의미로, 대명사 mayā와 현재분사 pūrentena가 도구격으로 일치하여 부대상황을 나타낸다.	anupubbikathā (차제설): 부처님이 재가자에게 설법할 때 주로 사용하는 순차적 가르침으로, 보시, 지계, 천상, 감각적 욕망의 위험성, 출리(出離)의 공덕 순으로 설해진다. | velāmamahāyañño...: 부처님의 전생 이야기(자따까)에 등장하는 대보시의 사례들로, 보시 바라밀의 완성을 보여주는 대표적인 일화들이다. | valāhako assarājā: 불교 설화에 등장하는 신령스러운 말의 왕으로, 조난당한 상인들을 안전한 곳으로 구출해주는 구원자의 상징이다.	visamagatassa: '위험에 처한 자에게' 또는 '어려움에 빠진 자에게'로 번역되나, 직역하면 '평탄하지 않은 곳에 간 자에게'라는 의미이다.	
56	vri:romn:abh02a.att:99a218804bc5	romn/abh02a.att.xml	6bd6bfa80ae131ec80a7cdbf0d13fecdd39833391d46413c916e3f2020bb22b9	atthakatha	prose	long	hard	citation_heavy	abhidhamma	Abhidhammapiṭake	succeeded	True	False	Evaṃ ‘ajjhāsayadhātu niyāmetī’ti vatvā dhātusaṃyuttena ayamevattho dīpetabbo. Gijjhakūṭapabbatasmiñhi gilānaseyyāya nipanno bhagavā ārakkhaṇatthāya parivāretvā vasantesu sāriputtamoggallānādīsu ekamekaṃ attano attano parisāya saddhiṃ caṅkamantaṃ oloketvā bhikkhū āmantesi ‘‘passatha no tumhe, bhikkhave, sāriputtaṃ sambahulehi bhikkhūhi saddhiṃ caṅkamanta’’nti? ‘‘Evaṃ, bhante’’ti. ‘‘Sabbe kho ete, bhikkhave, bhikkhū mahāpaññā’’ti (saṃ. ni. 2.99) sabbaṃ vitthāretabbanti.	이와 같이 '성향의 요소가 결정한다'라고 말하고 나서, 요소 상윳따(Dhātusaṃyutta)로 바로 이 의미가 설명되어야 한다. 영축산에서 병상에 누워계신 세존께서는 보호하기 위해 에워싸고 머무는 사리뿟따와 목갈라나 등 중에서 각각이 각자의 무리와 함께 경행하는 것을 보고서 비구들을 부르셨다. '비구들이여, 너희들은 사리뿟따가 많은 비구들과 함께 경행하는 것을 보느냐?'라고. '그렇습니다, 세존이시여.'라고. '비구들이여, 이들 비구들은 모두 참으로 큰 통찰지를 가졌다.'라고 (상윳따 니까야 2.99) 모든 것을 상세히 설명해야 한다.	이와 같이 '성향의 요소가 결정한다'라고 말하고 나서, 『상윳따 니까야』의 「요소 상윳따」를 통해 바로 이 의미를 설명해야 한다. 영축산에서 병상에 누워계신 세존께서는 자신을 보호하기 위해 에워싸고 머무는 사리뿟따와 목갈라나 등 중에서 각각이 각자의 무리와 함께 경행하는 것을 보고서 비구들을 부르셨다. '비구들이여, 너희들은 사리뿟따가 많은 비구들과 함께 경행하는 것을 보느냐?' '그렇습니다, 세존이시여.' '비구들이여, 이 비구들은 모두 참으로 큰 통찰지를 가졌다.' (상윳따 니까야 2.99)라는 내용으로 전체를 상세히 설명해야 한다.	gloss: element of disposition; ko: 성향의 요소; note: 중생들이 가진 고유한 성향이나 의도를 요소(dhātu)로 표현한 것.; pali: ajjhāsayadhātu | gloss: Connected Discourses on Elements; ko: 요소 상윳따; note: 상윳따 니까야의 한 부분으로, 요소(dhātu)를 주제로 한 가르침을 모은 것.; pali: Dhātusaṃyutta | gloss: walking up and down; ko: 경행하는; note: caṅkamati(경행하다)의 현재분사형.; pali: caṅkamanta | gloss: great wisdom; ko: 큰 통찰지; note: 사리뿟따와 그를 따르는 비구들의 두드러진 특성을 나타낸다.; pali: mahāpaññā	vasantesu sāriputtamoggallānādīsu는 처격으로 '~들 중에서'를 의미하며, 그 뒤의 ekamekaṃ(각각이)이 caṅkamantaṃ(경행하는 것을)의 의미상 주어 역할을 한다. | passatha no tumhe에서 no는 의문을 나타내는 불변화사로 쓰여 '보느냐?'라는 의미를 만든다.	'성향의 요소가 결정한다'는 것은 중생들이 각자의 성향(ajjhāsaya)에 따라 비슷한 성향을 가진 이들과 어울린다는 것을 의미한다. 사리뿟따는 지혜로운 이들과 어울리는 것이 그 예이다.	passatha no tumhe에서 no를 부정 의문문('보지 못하느냐?')으로 해석할 여지도 있으나, 문맥상 단순 의문문('보느냐?')으로 해석하는 것이 자연스럽다.	
57	vri:romn:s0305t.tik:90a5e7a6ba39	romn/s0305t.tik.xml	e6d362de36e4d8adb9c7d6f4b43fc55c723e45bda756f5ef3979fda4790882c7	tika	prose	medium	hard	citation_heavy	sutta	Saṃyuttanikāye	succeeded	True	False	Ariyoti ārakattādinā ariyaṃ sammāsambuddhamāha. Etthāti etasmiṃ saḷāyatanavibhaṅgasutte (ma. ni. 3.311). Tattha hi –	'성스러운 이(ariyo)'라는 것은 멀리 떨어져 있음 등을 이유로 성스러운 정등각자를 말한다. '여기서(ettha)'라는 것은 이 '여섯 감각장소 분석 경'(ma. ni. 3.311)에서이다. 왜냐하면 거기에서 –	'성스러운 이(ariyo)'라는 것은 번뇌에서 멀리 떨어져 있음 등을 이유로 성스러운 정등각자를 가리킨다. '여기서(ettha)'라는 것은 이 「여섯 감각장소 분석 경」(MN 137)을 뜻한다. 왜냐하면 그곳에서 –	gloss: noble one; ko: 성스러운 이; note: 문맥상 부처님을 가리키는 명사로 쓰였다.; pali: ariya | gloss: perfectly enlightened one; ko: 정등각자; note: 바르게 스스로 깨달은 부처님을 뜻하는 표준 역어.; pali: sammāsambuddha | gloss: Salayatanavibhanga Sutta; ko: 여섯 감각장소 분석 경; note: 맛지마 니까야의 137번째 경전 이름.; pali: saḷāyatanavibhaṅgasutta	ārakattādinā는 āraka(멀리 떨어진) + tta(상태) + ādinā(~등으로)의 복합어로, 번뇌로부터 멀리 떨어져 있다는 어원적 해석을 담고 있다. | sammāsambuddhamāha는 sammāsambuddhaṃ(정등각자를)과 āha(말한다)의 연음이다.	주석서 문헌에서는 '성스러운 이(ariya)'나 '아라한(arahant)'의 어원을 '번뇌로부터 멀리 떨어진 자(āraka)'로 해석하는 전통이 있다.		
58	vri:romn:s0513a3.att:284722dc0cd8	romn/s0513a3.att.xml	924adac851e785f50cce9b74d20577da67c5082ff84077fc10334d44a6dfe2b7	atthakatha	prose	short	hard	citation_heavy	sutta	Khuddakanikāye	succeeded	True	False	Narānamārāmakarāsūti imassa jātakassa vitthārakathā kuṇālajātake (jā. 2.21.kuṇālajātaka) āvi bhavissati.	'Narānamārāmakarāsu'라는 이 자따까의 상세한 이야기는 꾸날라 자따까(jā. 2.21.kuṇālajātaka)에서 명백해질 것이다.	'사람들에게 즐거움을 주는 자들에게(Narānamārāmakarāsu)'라는 이 자따까의 상세한 이야기는 꾸날라 자따까(jā. 2.21.kuṇālajātaka)에서 명백하게 드러날 것이다.	gloss: detailed account; ko: 상세한 이야기; note: vitthāra(상세한)와 kathā(이야기)의 합성어이다.; pali: vitthārakathā | gloss: openly, manifestly; ko: 명백히; note: bhavissati와 결합하여 '명백해질 것이다'로 번역된다.; pali: āvi	Narānamārāmakarāsūti는 Narānaṃ, ārāmakarāsu, iti의 연음으로, 인용되는 게송의 첫 구절이다. | āvi bhavissati는 부사 āvi와 동사 bhavati의 미래형이 결합하여 '명백해질 것이다'라는 의미를 나타낸다.	이 구절은 현재 자따까의 상세한 내용이 다른 자따까(꾸날라 자따까)에 이미 설명되어 있음을 지시하는 주석서의 전형적인 표현이다.		
59	vri:romn:s0102t.tik:691b6cc86c16	romn/s0102t.tik.xml	93a3b91e070c79128ad2e81263ef9ccc06f0a35df953f99bc81113f8213bd008	tika	prose	long	hard	citation_heavy	sutta	Dīghanikāye	succeeded	True	False	Dvādasapadike paṭiccasamuppāde idha yāni dve padāni aggahitāni, tesaṃ aggahaṇe kāraṇaṃ pucchitvā vissajjetukāmo tesaṃ gahetabbākāraṃ tāva dassento ‘‘ettha panā’’tiādimāha. Paccakkhabhūtaṃ paccuppannabhavaṃ paṭhamaṃ gahetvā tadanantaraṃ anāgataṃ ‘‘dutiya’’nti gahaṇe atīto tatiyo hotīti āha ‘‘avijjā saṅkhārā hi atīto bhavo’’ti. Nanu cettha anāgatassāpi bhavassa gahaṇaṃ na sambhavati paccuppannavasena abhinivesassa jotitattāti? Saccametaṃ, kāraṇe pana gahite phalaṃ gahitameva hotīti tathā vuttanti daṭṭhabbaṃ. Api cettha anāgatopi addhā atthato saṅgahito eva, yato parato ‘‘nāmarūpapaccayā saḷāyatana’’ntiādinā anāgataddhasaṅgahikā desanā pavattā. Tehīti avijjāsaṅkhārehi ārammaṇabhūtehi. Na ghaṭiyati na sambajjhati. Mahāpuriso hi paccuppannavasena abhiniviṭṭhoti aghaṭane kāraṇamāha. Adiṭṭhehīti anavabuddhehi, itthambhūtalakkhaṇe cetaṃ karaṇavacanaṃ. Sati anubodhe paṭivedhena bhavitabbanti āha ‘‘na sakkā buddhena bhavitu’’nti. Imināti mahāsattena. Teti avijjāsaṅkhārā. Bhavaupādānataṇhāvasenevāti bhavaupādānataṇhādassanavaseneva. Diṭṭhā taṃsabhāvataṃsahagatehi tehi samānayogakkhamattā. Visuddhimagge (visuddhi. 2.570) kathitāva, tasmā na idha kathetabbāti adhippāyo.	"열두 가지 요소로 된 연기에서 여기 취해지지 않은 두 가지 요소가 있는데, 그것들을 취하지 않은 이유를 묻고 대답하고자 하여, 먼저 그것들이 취해져야 할 방식을 보여주며 ""그런데 여기서(ettha panā)"" 등을 말했다. 눈앞에 있는 현재의 존재를 첫 번째로 취하고, 그 직후에 미래를 ""두 번째""라고 취함에 있어서, 과거가 세 번째가 된다고 하여 ""무명과 의도적 행위들은 참으로 과거의 존재이다""라고 말했다. 그런데 여기서 현재의 관점에서 탐구가 밝혀졌기 때문에 미래의 존재를 취하는 것조차 불가능하지 않은가? 이것은 사실이다. 그러나 원인이 취해졌을 때 결과는 취해진 것이나 다름없기 때문에 그렇게 설해졌다고 보아야 한다. 더욱이 여기서 미래의 시간도 의미상으로 참으로 포함되어 있다. 왜냐하면 뒤에서 ""정신·물질을 조건으로 여섯 감각장소가"" 등으로써 미래의 시간을 포함하는 가르침이 진행되기 때문이다. '그것들로(tehi)'라는 것은 대상이 된 무명과 의도적 행위들로 [라는 뜻이다]. 연결되지 않는다, 결합되지 않는다. 대인(보살)은 참으로 현재의 관점에서 탐구에 들어갔기 때문에 연결되지 않는 이유를 말했다. '보지 못한 것들로(adiṭṭhehi)'라는 것은 깨닫지 못한 것들로 [라는 뜻이며], 그리고 이것은 그러한 상태의 특징을 나타내는 도구격이다. 이해가 있을 때 꿰뚫음이 있어야 한다고 하여 ""깨달은 자가 되는 것은 불가능하다""라고 말했다. '이것으로(iminā)'라는 것은 위대한 존재(보살)로 [라는 뜻이다]. '그것들은(te)'이라는 것은 무명과 의도적 행위들이다. '존재, 취착, 갈애의 관점으로만(bhavaupādānataṇhāvaseneva)'이라는 것은 존재, 취착, 갈애를 보는 관점으로만 [이라는 뜻이다]. 그것들과 같은 본질을 가지고 그것들과 함께하는 것들과 동일한 결합과 안온을 가지기 때문에 보인 것이다. 『청정도론』에서 이미 설해졌으므로, 따라서 여기서는 설해질 필요가 없다는 의도이다."	"열두 가지 요소로 된 연기(緣起)에서 여기 취해지지 않은 두 가지 요소가 있는데, 그것들을 취하지 않은 이유를 묻고 대답하고자 하여, 먼저 그것들이 취해져야 할 방식을 보여주며 ""그런데 여기서"" 등을 말했다. 눈앞에 있는 현재의 존재를 첫 번째로 취하고, 그 직후에 미래를 두 번째로 취함에 있어서, 과거가 세 번째가 된다고 하여 ""무명과 의도적 행위들은 참으로 과거의 존재이다""라고 말했다. 그런데 여기서 현재의 관점에서 탐구가 밝혀졌기 때문에 미래의 존재를 취하는 것조차 불가능하지 않은가? 이것은 사실이다. 그러나 원인이 취해졌을 때 결과는 취해진 것이나 다름없기 때문에 그렇게 설해졌다고 보아야 한다. 더욱이 여기서 미래의 시간도 의미상으로 참으로 포함되어 있다. 왜냐하면 뒤에서 ""정신·물질을 조건으로 여섯 감각장소가"" 등으로써 미래의 시간을 포함하는 가르침이 진행되기 때문이다. '그것들로(tehi)'라는 것은 대상이 된 무명과 의도적 행위들로라는 뜻이다. 연결되지 않는다, 결합되지 않는다. 대인(보살)은 참으로 현재의 관점에서 탐구에 들어갔기 때문에 연결되지 않는 이유를 말했다. '보지 못한 것들로(adiṭṭhehi)'라는 것은 깨닫지 못한 것들로라는 뜻이며, 이것은 그러한 상태의 특징을 나타내는 도구격이다. 이해가 있을 때 꿰뚫음이 있어야 한다고 하여 ""깨달은 자가 되는 것은 불가능하다""라고 말했다. '이것으로(iminā)'라는 것은 위대한 존재(보살)로라는 뜻이다. '그것들은(te)'이라는 것은 무명과 의도적 행위들이다. '존재, 취착, 갈애의 관점으로만'이라는 것은 존재, 취착, 갈애를 보는 관점으로만이라는 뜻이다. 그것들과 같은 본질을 가지고 그것들과 함께하는 것들과 동일한 결합과 안온을 가지기 때문에 보인 것이다. 『청정도론』에서 이미 설해졌으므로, 따라서 여기서는 설해질 필요가 없다는 의도이다."	gloss: dependent origination; ko: 연기; note: 열두 가지 요소(12지)로 구성된 조건 발생의 법칙을 가리킨다.; pali: paṭiccasamuppāda | gloss: volitional formations; ko: 의도적 행위들; note: 12연기의 문맥이므로 '의도적 행위들'로 번역하였다.; pali: saṅkhāra | gloss: instrumental case; ko: 도구격; note: 문법 용어로, 기구격 또는 도구격을 의미한다.; pali: karaṇavacana | gloss: Path of Purification; ko: 청정도론; note: 붓다고사가 저술한 상좌부 불교의 핵심 주석서 명칭이다.; pali: Visuddhimagga	itthambhūtalakkhaṇe cetaṃ karaṇavacanaṃ은 문법적으로 해당 단어가 '그러한 상태의 특징'을 나타내는 용법의 도구격(기구격)으로 쓰였음을 설명하는 복주석의 문법적 해설이다. | samānayogakkhamattā는 samāna(동일한), yoga(결합), kkhama(안온/타당성), ttā(~라는 상태 때문에)의 복합어로, 탈격 형태로 쓰여 이유를 나타낸다.	보살이 연기를 역순으로 추론하며 과거의 무명과 의도적 행위들을 파악하는 과정을 주석서의 관점에서 해설하고 있다.	samānayogakkhamattā의 정확한 의미가 문맥상 다소 모호하여 '동일한 결합과 안온을 가지기 때문에' 또는 '동일한 적용과 타당성을 가지기 때문에'로 해석될 여지가 있다.	grammar_uncertain
60	vri:romn:s0514a2.att:a1b132d0df7c	romn/s0514a2.att.xml	a98d518a88619de8f820c8d77f18f7e2463c0de610c5550b5c99e155bdc34196	atthakatha	verse	medium	hard	citation_heavy	sutta	Khuddakanikāye	succeeded	True	False	‘‘Kiṃ tvaṃ vimanosi rājaseṭṭha, dvipadajaninda vacanaṃ suṇoma metaṃ; Kiṃ cintayamāno dummanosi, nūna deva aparādho atthi mayha’’nti. (jā. 1.15.323);	왕들 중 으뜸이시여, 두 발 가진 사람들의 주인이시여, 당신은 왜 마음이 상해 계십니까? 우리가 그 말씀을 듣겠습니다. 무엇을 생각하시면서 낙담해 계십니까? 왕이시여, 참으로 저에게 잘못이 있습니까?	왕들 중 으뜸이시여, 두 발 가진 사람들의 주인이시여, 어찌하여 마음이 상해 계십니까? 저희가 그 말씀을 듣고자 합니다. 무엇을 생각하시며 낙담해 계십니까? 왕이시여, 참으로 저에게 무슨 잘못이라도 있는 것입니까?	gloss: best of kings; ko: 왕들 중 으뜸; note: rāja(왕)와 seṭṭha(으뜸)의 복합어 호격이다.; pali: rājaseṭṭha | gloss: lord of two-footed men; ko: 두 발 가진 사람들의 주인; note: dvipada(두 발 가진) + jana(사람) + inda(주인)의 복합어 호격이다.; pali: dvipadajaninda | gloss: displeased, distressed; ko: 마음이 상한; note: 마음이 불편하거나 상해 있는 상태를 나타낸다.; pali: vimana | gloss: sad, depressed; ko: 낙담한; note: 우울하거나 슬픈 마음 상태를 뜻한다.; pali: dummana | gloss: offence, fault; ko: 잘못; note: 과실이나 잘못을 의미한다.; pali: aparādha	vimanosi와 dummanosi는 각각 vimano + asi, dummano + asi의 연음으로, 2인칭 단수 동사가 결합된 형태이다. | metaṃ은 주석서에 따라 mayaṃ taṃ이 축약된 형태로 보아 '우리가 그것을'로 해석하였다.	이 게송은 베산따라 자따까(Vessantara Jātaka)에서 맛디(Maddī)가 남편인 베산따라 왕자에게 근심하는 이유를 묻는 대목이다.	metaṃ을 me + etaṃ으로 보아 '나의 이 (말을)'로 해석할 여지도 있으나, 문맥과 주석을 따라 mayaṃ taṃ으로 번역하였다.	
61	vri:romn:vin02a2.att:b18e6a420589	romn/vin02a2.att.xml	40fe184389a0d40fed1ea7fc0783752ee9525082a5bcb6fd0a49998e457dfdfe	atthakatha	prose	long	hard	citation_heavy	vinaya	Vinayapiṭake	succeeded	True	False	Anantaraṃ pana apakkamitvā bhagavā kiṃ akāsīti? Aparānipi tīṇi sattāhāni bodhisamīpeyeva vītināmesi. Tatrāyaṃ anupubbikathā – bhagavati kira buddhattaṃ patvā sattāhaṃ ekapallaṅkena nisinne ‘‘na bhagavā vuṭṭhāti; kiṃ nu kho aññepi buddhattakarā dhammā atthī’’ti ekaccānaṃ devatānaṃ kaṅkhā udapādi. Atha bhagavā aṭṭhame divase samāpattito vuṭṭhāya devatānaṃ kaṅkhaṃ ñatvā kaṅkhāvidhamanatthaṃ ākāse uppatitvā yamakapāṭihāriyaṃ dassetvā tāsaṃ kaṅkhaṃ vidhamitvā pallaṅkato īsakaṃ pācīnanissite uttaradisābhāge ṭhatvā cattāri asaṅkhyeyyāni kappasatasahassañca upacitānaṃ pāramīnaṃ balādhigamanaṭṭhānaṃ pallaṅkaṃ bodhirukkhañca animisehi akkhīhi olokayamāno sattāhaṃ vītināmesi, taṃ ṭhānaṃ animisacetiyaṃ nāma jātaṃ. Atha pallaṅkassa ca ṭhitaṭṭhānassa ca antarā puratthimato ca pacchimato ca āyate ratanacaṅkame caṅkamanto sattāhaṃ vītināmesi, taṃ ṭhānaṃ ratanacaṅkamacetiyaṃ nāma jātaṃ. Tato pacchimadisābhāge devatā ratanagharaṃ māpayiṃsu. Tattha pallaṅkena nisīditvā abhidhammapiṭakaṃ visesato cettha anantanayaṃ samantapaṭṭhānaṃ vicinanto sattāhaṃ vītināmesi, taṃ ṭhānaṃ ratanagharacetiyaṃ nāma jātaṃ.	"그러면 직후에 물러나서 세존께서는 무엇을 하셨는가? 다른 세 번의 칠일들도 보리수 근처에서만 보내셨다. 거기에 이 순차적인 이야기가 있다. 세존께서 부처의 상태에 도달하여 칠일 동안 하나의 결가부좌로 앉아 계셨을 때, 참으로 ""세존께서 일어나지 않으신다. 참으로 다른 부처를 만드는 법들이 있는 것인가?""라고 어떤 천신들에게 의심이 일어났다. 그러자 세존께서는 제8일에 증득에서 일어나 천신들의 의심을 아시고 의심을 없애기 위해 허공으로 날아올라 쌍신변을 보여주시고 그들의 의심을 없애신 뒤, 좌대에서 약간 동쪽으로 치우친 북쪽 방향에 서서 4아승기 10만 겁 동안 축적된 바라밀들의 힘을 성취한 장소인 좌대와 보리수를 깜빡이지 않는 눈으로 바라보시며 칠일을 보내셨으니, 그 장소는 아니미사 체띠야(눈을 깜빡이지 않은 탑)라는 이름이 되었다. 그러자 좌대와 서 계셨던 장소 사이에 동쪽과 서쪽으로 길게 뻗은 보석 경행대에서 경행하시며 칠일을 보내셨으니, 그 장소는 라따나짱까마 체띠야(보석 경행 탑)라는 이름이 되었다. 그곳에서 서쪽 방향에 천신들이 보석 집을 만들었다. 그곳에서 결가부좌로 앉아 아비담마 삐따까(논장)를, 그리고 여기서 특별히 무한한 방법의 사만따빳타나(발취론)를 고찰하시며 칠일을 보내셨으니, 그 장소는 라따나가라 체띠야(보석 집 탑)라는 이름이 되었다."	"그러면 그 직후에 세존께서는 무엇을 하셨는가? 이어지는 세 번의 칠일 동안도 보리수 근처에서만 보내셨다. 여기에 그 순차적인 이야기가 있다. 세존께서 깨달음을 성취하신 뒤 칠일 동안 한 번의 결가부좌로 앉아 계시자, 어떤 천신들에게 ""세존께서 일어나지 않으신다. 혹시 부처를 이루게 하는 다른 법들이 더 남아있는 것인가?""라는 의심이 일어났다. 그러자 세존께서는 제8일에 삼매의 증득에서 일어나 천신들의 의심을 아시고, 그 의심을 없애기 위해 허공으로 날아올라 쌍신변(쌍바탕 기적)을 보여주셨다. 그들의 의심을 없애신 뒤, 좌대에서 약간 동쪽으로 치우친 북쪽에 서서 4아승기 10만 겁 동안 축적해 온 바라밀의 힘을 성취한 장소인 그 좌대와 보리수를 눈도 깜빡이지 않고 바라보시며 칠일을 보내셨다. 그 장소는 아니미사 체띠야(눈 깜빡이지 않은 탑)라는 이름이 붙여졌다. 그 다음에는 좌대와 서 계셨던 장소 사이에 동서로 길게 뻗은 보석 경행대에서 경행하시며 칠일을 보내셨고, 그 장소는 라따나짱까마 체띠야(보석 경행 탑)라는 이름이 붙여졌다. 그 후 천신들이 그곳의 서쪽에 보석 집을 만들었다. 세존께서는 그곳에서 결가부좌로 앉아 아비담마 삐따까(논장)를, 그중에서도 특히 무한한 방법이 담긴 사만따빳타나(발취론)를 고찰하시며 칠일을 보내셨고, 그 장소는 라따나가라 체띠야(보석 집 탑)라는 이름이 붙여졌다."	gloss: twin miracle; ko: 쌍신변; note: 물과 불을 동시에 뿜어내는 부처님의 고유한 기적을 가리킨다.; pali: yamakapāṭihāriya | gloss: Animisa shrine; ko: 아니미사 체띠야; note: 부처님이 눈을 깜빡이지 않고 보리수를 바라본 장소를 기념하는 탑이다.; pali: animisacetiya | gloss: Ratanacaṅkama shrine; ko: 라따나짱까마 체띠야; note: 부처님이 보석 경행대에서 경행하신 장소를 기념하는 탑이다.; pali: ratanacaṅkamacetiya | gloss: Ratanaghara shrine; ko: 라따나가라 체띠야; note: 천신들이 지은 보석 집에서 아비담마를 고찰하신 장소를 기념하는 탑이다.; pali: ratanagharacetiya | gloss: Samantapaṭṭhāna; ko: 사만따빳타나; note: 아비담마 7론 중 마지막인 발취론(Paṭṭhāna)을 가리킨다.; pali: samantapaṭṭhāna	bhagavati ... patvā sattāhaṃ ekapallaṅkena nisinne: bhagavati와 nisinne가 처격 절대구문(Locative Absolute)을 이루어 '~세존께서 앉아 계셨을 때'라는 시간적 배경을 나타낸다. | animisehi akkhīhi: 도구격으로 쓰여 '깜빡이지 않는 눈으로'라는 행위의 방편이나 상태를 나타낸다.	이 단락은 부처님이 깨달음을 얻으신 후 보리수 근처에서 보낸 칠 주간(sattāha) 중 두 번째부터 네 번째 주까지의 행적을 설명하는 주석서의 전승이다. | 부처님이 아비담마, 특히 발취론(Paṭṭhāna)을 고찰할 때 몸에서 오색 광명이 뿜어져 나왔다는 것이 주석서의 전통적인 설명이다.	samantapaṭṭhāna는 발취론(Paṭṭhāna) 전체를 가리키는 고유명사로도, '보편적인 조건 관계'라는 일반 명사로도 해석될 수 있으나, 여기서는 아비담마 문맥이므로 고유명사로 번역하였다.	
62	vri:romn:s0512a.att:e0df2816dd82	romn/s0512a.att.xml	247623d54f675a3fdef19af99100ecc1ec380a4d6ce374b213ab79c04b433593	atthakatha	verse	medium	hard	citation_heavy	sutta	Khuddakanikāye	succeeded	True	False	‘‘Devatā nusi gandhabbo, adu sakko purindado; Ko vā tvaṃ kassa vā putto, kathaṃ jānemu taṃ maya’’nti. (jā. 2.22.7) –	"""당신은 천신입니까, 건달바입니까, 혹은 뿌린다다 삭까입니까? 혹은 당신은 누구이며, 누구의 아들입니까? 우리가 당신을 어떻게 알겠습니까?""라고. (자따까 2.22.7)"	"""당신은 천신입니까, 건달바입니까, 아니면 제석천입니까? 당신은 누구이며, 누구의 아들입니까? 우리가 당신을 어떻게 알 수 있겠습니까?""라고. (자따까 2.22.7)"	gloss: deity; ko: 천신; note: 신성한 존재를 가리키는 일반적인 용어이다.; pali: devatā | gloss: gandharva; ko: 건달바; note: 천상의 음악가로 알려진 반신반인의 존재이다.; pali: gandhabba | gloss: Sakka Purindada; ko: 뿌린다다 삭까; note: 제석천을 가리키는 고유명사와 별칭('도시를 파괴하는 자')이다.; pali: sakko purindado | gloss: would we know; ko: 알겠는가; note: jānāti의 1인칭 복수 광망법 형태이다.; pali: jānemu	nusi는 의문 불변화사 nu와 be 동사 2인칭 단수 현재형 asi의 연음이다. | jānemu는 jānāti의 1인칭 복수 광망법(optative) 형태로, '우리가 알 수 있겠는가'라는 가능성이나 의문을 나타낸다.	이 게송은 자따까(본생경)에서 비범한 모습을 한 존재를 만났을 때 그의 정체를 묻는 전형적인 질문 양식이다.		
63	vri:romn:s0504a.att:f7749494d902	romn/s0504a.att.xml	c0fadda83632cb9f653224ee48e5684a2b65bbc7db5521debc71bba6836d1519	atthakatha	verse	medium	hard	citation_heavy	sutta	Khuddakanikāye	succeeded	True	False	‘‘Cittena saṃkiliṭṭhena, saṃkilissanti māṇavā; Citte suddhe visujjhanti, iti vuttaṃ mahesinā’’ti. (dī. ni. aṭṭha. 2.373; ma. ni. aṭṭha. 1.106);	''마음이 오염됨으로써 사람들은 오염된다. 마음이 청정할 때 청정해진다. 이와 같이 위대한 성자에 의해 설해졌다.''라고. (디가 니까야 주석서 2.373; 맛지마 니까야 주석서 1.106)	''마음이 오염됨으로써 사람들은 오염되고, 마음이 청정할 때 사람들은 청정해진다. 위대한 성자께서 이와 같이 설하셨다.''라고. (디가 니까야 주석서 2.373; 맛지마 니까야 주석서 1.106)	gloss: mind; ko: 마음; note: 오염과 청정의 주체가 되는 마음을 가리킨다.; pali: citta | gloss: defiled; ko: 오염된; note: 번뇌로 인해 더러워진 상태를 의미한다.; pali: saṃkiliṭṭha | gloss: pure; ko: 청정한; note: 번뇌가 없는 깨끗한 상태를 의미한다.; pali: suddha | gloss: great sage; ko: 위대한 성자; note: 부처님을 지칭하는 존칭이다.; pali: mahesi | gloss: person; ko: 사람; note: 본래 청년이나 학도를 뜻하나 여기서는 일반적인 사람들을 가리킨다.; pali: māṇava	Cittena saṃkiliṭṭhena는 기구격으로 원인이나 이유를 나타낸다. | Citte suddhe는 절대처격(locative absolute) 구문으로 조건이나 시간을 나타낸다.	마음의 상태가 중생의 오염과 청정을 결정한다는 불교의 핵심 교리를 나타낸다.	māṇavā는 본래 '바라문 청년'을 뜻하지만, 문맥상 일반적인 '사람들'을 의미하는 것으로 번역하였다.	
64	vri:romn:s0505a.att:0a5c63468f03	romn/s0505a.att.xml	3b44048687712224aec6a2fbdfb48b0243a8cc16778b0d09d93091435396070e	atthakatha	prose	short	hard	citation_heavy	sutta	Khuddakanikāye	succeeded	True	False	‘‘Cakkhu, bhikkhave, paṭihaññati manāpāmanāpesu rūpesū’’ti (saṃ. ni. 4.238) evamādi.	“비구들이여, 눈은 마음에 들고 마음에 들지 않는 형색들에 부딪힌다.”라는 (상윳따 니까야 4.238) 이와 같은 것 등이다.	“비구들이여, 눈은 마음에 들거나 마음에 들지 않는 형색들에 부딪힌다.”(상윳따 니까야 4.238)라는 말씀 등이다.	gloss: eye; ko: 눈; note: 시각 기관을 의미한다.; pali: cakkhu | gloss: is struck against, is repelled; ko: 부딪힌다; note: 감각 기관이 대상과 접촉하여 반응하는 상태를 나타낸다.; pali: paṭihaññati | gloss: pleasant and unpleasant; ko: 마음에 들고 마음에 들지 않는; note: manāpa와 amanāpa의 복합어이다.; pali: manāpāmanāpesu | gloss: in forms; ko: 형색들에; note: 시각의 대상이 되는 물질적 형태를 의미한다.; pali: rūpesu | gloss: such as this, etc.; ko: 이와 같은 것 등; note: evaṃ과 ādi의 결합으로, 앞서 인용한 내용과 유사한 것들을 지칭한다.; pali: evamādi	manāpāmanāpesu는 manāpa(마음에 드는)와 amanāpa(마음에 들지 않는)가 결합된 복합어로, rūpesu를 수식하는 처격 복수 형태이다. | paṭihaññati는 수동태 형태이지만, 문맥상 감각 기관이 대상에 부딪혀 반응하는 능동적인 뉘앙스를 포함하여 해석된다.	이 구절은 감각 기관(눈)이 감각 대상(형색)과 접촉할 때 발생하는 반응을 설명하는 상윳따 니까야의 가르침을 인용한 것이다.		
65	vri:romn:s0502a.att:4c8a4f1eb4f5	romn/s0502a.att.xml	7d7f7ab43974b276e79dee08cff7fc690eb5b14537722939518ec2f4bd0ed4c7	atthakatha	prose	long	hard	citation_heavy	sutta	Khuddakanikāye	succeeded	True	False	Tattha kira mālabhārī nāma devaputto accharāsahassaparivuto uyyānaṃ pāvisi. Pañcasatā devadhītaro rukkhaṃ āruyha pupphāni pātenti, pañcasatā patitāni pupphāni gahetvā devaputtaṃ alaṅkaronti. Tāsu ekā devadhītā rukkhasākhāyameva cutā, sarīraṃ dīpasikhā viya nibbāyi. Sā sāvatthiyaṃ ekasmiṃ kulagehe paṭisandhiṃ gahetvā jātakāle jātissarā hutvā ‘‘mālabhārīdevaputtassa bhariyāmhī’’ti anussarantī vuḍḍhimanvāya gandhamālādīhi pūjaṃ katvā sāmikassa santike abhinibbattiṃ patthesi. Sā soḷasavassakāle parakulaṃ gatāpi salākabhattapakkhikabhattavassāvāsikādīni datvā, ‘‘ayaṃ me sāmikassa santike nibbattanatthāya paccayo hotū’’ti vadati. Athassā bhikkhū ‘‘ayaṃ kumārikā uṭṭhāya samuṭṭhāya patimeva patthetīti patipūjikā’’ti nāmaṃ kariṃsu. Sāpi nibaddhaṃ āsanasālaṃ paṭijaggati, pānīyaṃ upaṭṭhapeti, āsanāni paññapeti. Aññepi manussā salākabhattādīni dātukāmā, ‘‘amma, imānipi bhikkhusaṅghassa paṭipādeyyāsī’’ti vatvā āharitvā denti. Sāpi etena niyāmena āgacchantī gacchantī ekapadavāre chapaññāsa kusaladhamme (dha. sa. 1; dha. sa. aṭṭha. 1 yevāpanakavaṇṇanā) paṭilabhati. Tassā kucchiyaṃ gabbho patiṭṭhahi. Sā dasamāsaccayena puttaṃ vijāyi. Tassa padasā gamanakāle aññampi aññampīti cattāro putte paṭilabhi.	"전하는 바에 의하면, 거기서 말라바리라는 이름의 천신이 천 명의 천녀들에게 둘러싸여 동산에 들어갔다. 오백 명의 천녀들은 나무에 올라가서 꽃들을 떨어뜨리고, 오백 명은 떨어진 꽃들을 주워서 천신을 장식한다. 그들 중 한 천녀가 나뭇가지에서 바로 죽어서, 몸이 등불의 불꽃처럼 꺼졌다. 그녀는 사왓티의 한 양가의 집에 재생연결을 취하여 태어났을 때 전생을 기억하는 자가 되어 ""나는 말라바리 천신의 아내이다""라고 기억하면서 성장함에 따라 향과 꽃 등으로 공양을 하고 남편의 곁에 태어나기를 발원했다. 그녀는 16세 때 다른 가문으로 갔음에도 제비뽑기 음식, 보름 음식, 우기 안거 음식 등을 보시하고, ""이것이 내가 남편의 곁에 태어나기 위한 조건이 되기를""이라고 말한다. 그러자 비구들은 ""이 소녀는 일어나고 또 일어나서 남편만을 발원한다""라고 하여 빠띠뿌지까라는 이름을 지어주었다. 그녀도 항상 식당을 돌보고, 마실 물을 준비하고, 좌석들을 마련한다. 다른 사람들도 제비뽑기 음식 등을 보시하고자 할 때, ""부인이여, 이것들도 비구 승가에 바쳐주십시오""라고 말하고 가져와서 준다. 그녀도 이러한 방식으로 오고 가면서 한 걸음마다 쉰여섯 가지 유익한 법들을 얻는다. 그녀의 태에 태아가 자리잡았다. 그녀는 열 달이 지나서 아들을 낳았다. 그가 발로 걸어다닐 때쯤 또 다른, 또 다른 네 명의 아들을 얻었다."	"전하는 바에 따르면, 그곳에서 말라바리라는 이름의 천신이 천 명의 천녀들에게 둘러싸여 동산에 들어갔다. 오백 명의 천녀들은 나무에 올라가서 꽃을 떨어뜨리고, 오백 명은 떨어진 꽃을 주워 천신을 장식했다. 그들 중 한 천녀가 나뭇가지에서 바로 죽음을 맞이했는데, 그녀의 몸은 등불의 불꽃처럼 꺼져버렸다. 그녀는 사왓티의 한 좋은 가문에 태어났는데, 태어날 때부터 전생을 기억하여 ""나는 말라바리 천신의 아내이다""라고 기억했다. 그녀는 자라면서 향과 꽃 등으로 공양을 올리며 남편의 곁에 다시 태어나기를 발원했다. 그녀는 16세에 시집을 간 뒤에도 제비뽑기 음식, 보름 음식, 우기 안거 음식 등을 보시하며 ""이것이 내가 남편의 곁에 태어나기 위한 조건이 되기를 바랍니다""라고 말했다. 그러자 비구들은 ""이 소녀는 항상 남편만을 발원한다""라고 하여 그녀에게 빠띠뿌지까(남편을 공경하는 자)라는 이름을 지어주었다. 그녀는 항상 식당을 돌보고, 마실 물을 준비하며, 좌석을 마련했다. 다른 사람들도 제비뽑기 음식 등을 보시하고자 할 때, ""부인이여, 이것들도 비구 승가에 바쳐주십시오""라고 말하며 물품을 가져와서 주었다. 그녀는 이러한 방식으로 오가면서 한 걸음마다 쉰여섯 가지 유익한 법들을 얻었다. 그녀는 임신하여 열 달 뒤에 아들을 낳았다. 그 아들이 걸음마를 할 때쯤 또 다른 아들을 낳는 식으로 모두 네 명의 아들을 두었다."	gloss: rebirth-linking; ko: 재생연결; note: 한 생에서 다음 생으로 이어지는 마음의 작용을 가리킨다.; pali: paṭisandhi | gloss: one who remembers past lives; ko: 전생을 기억하는 자; note: 전생을 기억하는 능력을 가진 사람을 뜻한다.; pali: jātissarā | gloss: food distributed by tickets; ko: 제비뽑기 음식; note: 승가에 보시할 때 제비를 뽑아 배분하는 음식을 가리킨다.; pali: salākabhatta | gloss: one who honors her husband; ko: 빠띠뿌지까; note: 남편을 공경하고 발원하는 여인을 가리키는 이름이다.; pali: patipūjikā | gloss: wholesome states; ko: 유익한 법; note: 선하고 유익한 마음과 마음부수들을 가리킨다.; pali: kusaladhamma	uṭṭhāya samuṭṭhāya는 직역하면 '일어나고 또 일어나서'이지만, 문맥상 '항상, 지속적으로, 거듭해서'의 의미를 지니는 관용적 표현이다. | vuḍḍhimanvāya는 vuḍḍhiṃ과 anvāya의 연음으로, '성장함에 따라'라는 의미이다.	chapaññāsa kusaladhamme(쉰여섯 가지 유익한 법)는 담마상가니(법집론)에 명시된 욕계 유익한 마음과 관련된 마음부수들을 가리킨다.		
66	vri:romn:s0203m.mul:ac3ac1fb016f	romn/s0203m.mul.xml	741aeb3fc212fd00739a231dfe750b396da16d5e8d836ce09d2c53a762a30761	mula	prose	long	hard	glossary_risk	sutta	Majjhimanikāye	succeeded	True	False	‘‘So iminā ca ariyena sīlakkhandhena samannāgato, (imāya ca ariyāya santuṭṭhiyā samannāgato,) iminā ca ariyena indriyasaṃvarena samannāgato, iminā ca ariyena satisampajaññena samannāgato vivittaṃ senāsanaṃ bhajiṃ araññaṃ rukkhamūlaṃ pabbataṃ kandaraṃ giriguhaṃ susānaṃ vanapatthaṃ abbhokāsaṃ palālapuñjaṃ. So pacchābhattaṃ piṇḍapātapaṭikkanto nisīdiṃ pallaṅkaṃ ābhujitvā ujuṃ kāyaṃ paṇidhāya parimukhaṃ satiṃ upaṭṭhapetvā.	그(와 같은 나)는 이 성스러운 계의 무더기를 구족하고, (이 성스러운 만족을 구족하고,) 이 성스러운 감각기능의 단속을 구족하고, 이 성스러운 마음챙김과 알아차림을 구족하여, 숲, 나무 밑, 산, 골짜기, 산동굴, 묘지, 밀림, 노지, 짚더미와 같은 외딴 처소를 의지했다. 그(와 같은 나)는 식후에 탁발에서 돌아와 가부좌를 틀고 몸을 곧게 세우고 전면에 마음챙김을 확립하여 앉았다.	나는 이 성스러운 계의 무더기를 갖추고, (이 성스러운 만족을 갖추고,) 이 성스러운 감각기능의 단속을 갖추고, 이 성스러운 마음챙김과 알아차림을 갖추어, 숲, 나무 밑, 산, 골짜기, 산동굴, 묘지, 밀림, 노지, 짚더미와 같은 외딴 처소에 머물렀다. 나는 식후에 탁발에서 돌아와 가부좌를 틀고 몸을 곧게 세우고 전면에 마음챙김을 확립하여 앉았다.	gloss: aggregate of virtue; ko: 계의 무더기; note: 수행의 기초가 되는 도덕적 행위의 총체를 의미한다.; pali: sīlakkhandha | gloss: restraint of the sense faculties; ko: 감각기능의 단속; note: 여섯 가지 감각기능을 통해 들어오는 대상에 대해 탐욕이나 진심을 일으키지 않도록 제어하는 것을 뜻한다.; pali: indriyasaṃvara | gloss: mindfulness and clear comprehension; ko: 마음챙김과 알아차림; note: 모든 일상적 행위에서 깨어있는 상태를 유지하는 수행 요소이다.; pali: satisampajañña | gloss: having crossed the legs; ko: 가부좌를 틀고; note: 명상을 위한 전통적인 앉은 자세를 나타낸다.; pali: pallaṅkaṃ ābhujitvā | gloss: having established mindfulness to the fore; ko: 전면에 마음챙김을 확립하여; note: 명상 대상을 향해 마음챙김을 집중하고 유지하는 상태를 뜻한다.; pali: parimukhaṃ satiṃ upaṭṭhapetvā	대명사 'So(그는)'가 1인칭 동사 'bhajiṃ(의지했다)', 'nisīdiṃ(앉았다)'과 함께 쓰인 것은 'so ahaṃ(그와 같은 나는)' 구문에서 'ahaṃ'이 생략된 형태이다. | samannāgato(구족한)는 주격 단수 남성형으로 주어의 상태를 나타내며, 조격 명사들과 결합하여 '~을 구족한'이라는 의미를 형성한다.	이 단락은 비구가 계율, 감각기능의 단속, 마음챙김과 알아차림을 갖춘 뒤 외딴 처소로 물러나 본격적인 명상 수행에 들어가는 전형적인 과정을 묘사한다.	괄호 안의 '(imāya ca ariyāya santuṭṭhiyā samannāgato,)'는 판본에 따라 생략되기도 하는 구절로 보인다.	
67	vri:romn:s0505a.att:a1b81689e597	romn/s0505a.att.xml	b779a79e58ac48125f1fff6ef576be0ce3f8e389fdcd8606f7593a6185a3dd69	atthakatha	prose	medium	hard	glossary_risk	sutta	Khuddakanikāye	succeeded	True	False	4. Yo mānamudabbadhīti kā uppatti? Bhagavā sāvatthiyaṃ viharati. Aññataro bhikkhu gaṅgāya tīre viharanto gimhakāle appodake sote kataṃ naḷasetuṃ pacchā āgatena mahoghena vuyhamānaṃ disvā ‘‘aniccā saṅkhārā’’ti saṃviggo aṭṭhāsi. Tassajjhāsayaṃ viditvā bhagavā imaṃ obhāsagāthaṃ abhāsi.	"4. ""그는 자만을 뽑아버렸다""라는 것의 기원은 무엇인가? 세존께서는 사왓티에 머무신다. 어떤 비구가 갠지스 강의 기슭에 머물면서 여름철에 물이 적은 흐름에 만들어진 갈대 다리를 나중에 온 큰 홍수에 의해 휩쓸려가는 것을 보고서 ""형성된 것들은 무상하다""라고 절박함을 느껴 섰다. 그의 의향을 알고서 세존께서는 이 빛의 게송을 설하셨다."	"4. ""그는 자만을 뽑아버렸다""라는 게송의 배경은 무엇인가? 세존께서는 사왓티에 머무셨다. 어떤 비구가 갠지스 강기슭에 머물면서, 여름철 물이 적은 강물에 만들어진 갈대 다리가 나중에 밀려온 큰 홍수에 휩쓸려가는 것을 보고서 ""형성된 것들은 무상하다""라고 절박함을 느끼며 서 있었다. 그의 의향을 아시고 세존께서는 이 빛의 게송을 설하셨다."	gloss: origin, arising; ko: 기원; note: 주석서에서 특정 게송이나 경전이 설해진 배경이나 인연담을 가리킬 때 쓰인다.; pali: uppatti | gloss: reed bridge; ko: 갈대 다리; note: naḷa(갈대)와 setu(다리)의 복합어이다.; pali: naḷasetu | gloss: stirred, agitated; ko: 절박함을 느낀; note: 무상함을 목격하고 수행에 대한 강렬한 절박함(saṃvega)을 느낀 상태를 나타낸다.; pali: saṃvigga | gloss: radiant verse; ko: 빛의 게송; note: 부처님께서 멀리서 빛을 발하여 환영으로 나타나 설하시는 게송을 의미한다.; pali: obhāsagāthā	vuyhamānaṃ은 naḷasetuṃ을 수식하는 수동 현재분사로, 갈대 다리가 홍수에 휩쓸려가는 상태를 나타낸다. | Tassajjhāsayaṃ은 Tassa(그의)와 ajjhāsayaṃ(의향을)의 연음이다.	obhāsagāthā는 부처님께서 멀리 떨어진 제자에게 빛을 발하여 환영으로 나타나 설하시는 게송을 가리키는 주석서의 고유한 표현이다. | saṃvigga는 단순한 두려움이 아니라, 형성된 것들의 무상함을 깨닫고 해탈을 향해 나아가려는 영적 절박함(saṃvega)을 의미한다.		
68	vri:romn:s0302m.mul:9f61ad6c40a4	romn/s0302m.mul.xml	88754ab5a646b2e4a3eb223cff7ec39e74f85d27171f593d46f22fffb2197d4d	mula	prose	long	hard	glossary_risk	sutta	Saṃyuttanikāyo	succeeded	True	False	‘‘Imesu, ānanda, dhammesu avijjā anupatitā. Avijjāya tveva, ānanda, asesavirāganirodhā so kāyo na hoti yaṃpaccayāssa taṃ uppajjati ajjhattaṃ sukhadukkhaṃ. Sā vācā na hoti yaṃpaccayāssa taṃ uppajjati ajjhattaṃ sukhadukkhaṃ. So mano na hoti yaṃpaccayāssa taṃ uppajjati ajjhattaṃ sukhadukkhaṃ. Khettaṃ taṃ na hoti…pe… vatthu taṃ na hoti…pe… āyatanaṃ taṃ na hoti…pe… adhikaraṇaṃ taṃ na hoti yaṃpaccayāssa taṃ uppajjati ajjhattaṃ sukhadukkha’’nti. Pañcamaṃ.	"""아난다여, 이 법들에는 무명이 따라다닌다. 그러나 아난다여, 무명이 남김없이 빛바래어 소멸하기 때문에, 그것을 조건으로 그에게 그 안으로의 즐거움과 괴로움이 일어나는 그 몸이 있지 않다. 그것을 조건으로 그에게 그 안으로의 즐거움과 괴로움이 일어나는 그 말이 있지 않다. 그것을 조건으로 그에게 그 안으로의 즐거움과 괴로움이 일어나는 그 마음이 있지 않다. 그 밭이 있지 않고 ... 그 토대가 있지 않고 ... 그 감각장소가 있지 않고 ... 그것을 조건으로 그에게 그 안으로의 즐거움과 괴로움이 일어나는 그 원인이 있지 않다."" 다섯 번째."	"""아난다여, 이 법들에는 무명이 따라다닌다. 그러나 아난다여, 무명이 남김없이 빛바래어 소멸하기 때문에, 그것을 조건으로 자신에게 즐거움과 괴로움이 일어나는 그 몸이 존재하지 않게 된다. 그것을 조건으로 자신에게 즐거움과 괴로움이 일어나는 그 말이 존재하지 않게 된다. 그것을 조건으로 자신에게 즐거움과 괴로움이 일어나는 그 마음이 존재하지 않게 된다. 그 밭이 존재하지 않게 되고 ... 그 토대가 존재하지 않게 되고 ... 그 감각장소가 존재하지 않게 되고 ... 그것을 조건으로 자신에게 즐거움과 괴로움이 일어나는 그 원인이 존재하지 않게 된다."" 다섯 번째."	gloss: ignorance; ko: 무명; note: 진리를 알지 못하는 근본적인 어리석음.; pali: avijjā | gloss: remainderless fading away and cessation; ko: 남김없이 빛바래어 소멸함; note: 탐욕이 완전히 사라져 소멸함을 나타내는 복합어.; pali: asesavirāganirodhā | gloss: internally; ko: 안으로; note: 자신의 내면이나 자신에게 일어나는 것을 의미한다.; pali: ajjhattaṃ | gloss: cause, reason; ko: 원인; note: 결과를 낳는 근거나 이유를 뜻한다.; pali: adhikaraṇaṃ	yaṃpaccayāssa는 yaṃ paccayā assa의 연음으로, '그것을 조건으로 그에게'라는 의미이다. | asesavirāganirodhā는 탈격으로 원인이나 이유('~소멸하기 때문에', '~소멸함으로부터')를 나타낸다.	무명이 소멸하면 신·구·의 삼업을 짓는 몸, 말, 마음이 더 이상 괴로움과 즐거움을 일으키는 조건으로 작용하지 않음을 설하고 있다. | 밭(khetta), 토대(vatthu), 감각장소(āyatana), 원인(adhikaraṇa)은 모두 업을 짓고 과보를 낳는 근거를 다양한 비유와 용어로 표현한 것이다.		
69	vri:romn:s0303m.mul:fb8468771498	romn/s0303m.mul.xml	eb9802fb1d3e3bc3deae0a76c26267d13715df8035b4753dbdd38f0bf5d5c464	mula	prose	long	hard	glossary_risk	sutta	Saṃyuttanikāyo	succeeded	True	False	‘‘Yo kho, rādha, māro; tatra te chando pahātabbo, rāgo pahātabbo, chandarāgo pahātabbo . Ko ca, rādha, māro? Rūpaṃ kho, rādha, māro; tatra te chando pahātabbo, rāgo pahātabbo, chandarāgo pahātabbo . Vedanā māro; tatra te chando pahātabbo…pe… saññā māro; tatra te chando pahātabbo…pe… saṅkhārā māro; tatra te chando pahātabbo…pe… viññāṇaṃ māro; tatra te chando pahātabbo…pe… yo kho, rādha, māro; tatra te chando pahātabbo, rāgo pahātabbo, chandarāgo pahātabbo’’ti.	라다여, 참으로 마라인 것, 거기에 그대에 의해 열의가 버려져야 하고, 탐욕이 버려져야 하고, 열의와 탐욕이 버려져야 한다. 라다여, 그러면 무엇이 마라인가? 라다여, 물질이 참으로 마라이다. 거기에 그대에 의해 열의가 버려져야 하고, 탐욕이 버려져야 하고, 열의와 탐욕이 버려져야 한다. 느낌이 마라이다. 거기에 그대에 의해 열의가 버려져야 하고... (생략) ... 인식이 마라이다. 거기에 그대에 의해 열의가 버려져야 하고... (생략) ... 심리현상들이 마라이다. 거기에 그대에 의해 열의가 버려져야 하고... (생략) ... 알음알이가 마라이다. 거기에 그대에 의해 열의가 버려져야 하고... (생략) ... 라다여, 참으로 마라인 것, 거기에 그대에 의해 열의가 버려져야 하고, 탐욕이 버려져야 하고, 열의와 탐욕이 버려져야 한다.	라다여, 마라인 것, 거기에 그대는 열의를 버려야 하고, 탐욕을 버려야 하고, 열의와 탐욕을 버려야 한다. 라다여, 그러면 무엇이 마라인가? 라다여, 물질이 마라이다. 거기에 그대는 열의를 버려야 하고, 탐욕을 버려야 하고, 열의와 탐욕을 버려야 한다. 느낌이 마라이다. 거기에 그대는 열의를 버려야 하고... (생략) ... 인식이 마라이다. 거기에 그대는 열의를 버려야 하고... (생략) ... 심리현상들이 마라이다. 거기에 그대는 열의를 버려야 하고... (생략) ... 알음알이가 마라이다. 거기에 그대는 열의를 버려야 하고... (생략) ... 라다여, 마라인 것, 거기에 그대는 열의를 버려야 하고, 탐욕을 버려야 하고, 열의와 탐욕을 버려야 한다.	gloss: Māra; ko: 마라; note: 죽음이나 번뇌를 의인화한 존재로, 여기서는 오온 자체를 가리킨다.; pali: māra | gloss: desire/zeal; ko: 열의; note: 대상을 향한 의도나 바람을 의미한다.; pali: chanda | gloss: lust; ko: 탐욕; note: 대상에 대한 강한 집착이나 탐착을 뜻한다.; pali: rāga | gloss: to be abandoned; ko: 버려져야 한다; note: 미래수동분사로 의무나 당위를 나타낸다.; pali: pahātabba | gloss: mental formations; ko: 심리현상들; note: 오온 문맥에서 의도적 행위를 포함한 심리현상들을 가리킨다.; pali: saṅkhārā	te chando pahātabbo: te는 2인칭 대명사 tvaṃ의 도구격으로 '그대에 의해'라는 의미이며, pahātabbo는 미래수동분사로 주어인 chando(열의)와 성, 수, 격이 일치한다. | …pe…: 빠알리 문헌에서 반복되는 구절을 생략할 때 사용하는 peyyāla(생략) 기호이다.	오온(물질, 느낌, 인식, 심리현상들, 알음알이)을 마라(Māra)와 동일시하여, 오온에 대한 열의와 탐욕을 버려야 함을 강조하는 가르침이다.		
70	vri:romn:s0402m3.mul:60a0d9713cc3	romn/s0402m3.mul.xml	e1da0a425096e150593745e3a58928296d023633235445340c0194422f365c6c	mula	verse	medium	hard	glossary_risk	sutta	Aṅguttaranikāyo	succeeded	True	False	‘‘Evaṃ naraṃ annadapānavatthadaṃ , Seyyānisajjattharaṇassa dāyakaṃ; Puññassa dhārā upayanti paṇḍitaṃ, Najjo yathā vārivahāva sāgara’’nti. paṭhamaṃ;	"""이와 같이 음식, 음료, 옷을 주고, 잠자리, 앉을 자리, 깔개를 주는 자인 사람을, 현자를, 공덕의 흐름들이 다가간다. 마치 물을 나르는 강들이 바다를 향해 가듯이."" 라고. 첫 번째."	"""이와 같이 음식과 음료와 옷을 주고, 잠자리와 앉을 자리와 깔개를 주는 사람, 그 현자에게 공덕의 흐름들이 다가간다. 마치 물을 나르는 강들이 바다로 흘러가듯이."" 첫 번째."	gloss: merit; ko: 공덕; note: 선한 행위로 인해 쌓이는 긍정적인 과보의 잠재력.; pali: puñña | gloss: wise person; ko: 현자; note: 지혜로운 사람을 뜻하며, 여기서는 보시를 실천하는 이를 가리킨다.; pali: paṇḍita | gloss: giver; ko: 보시자; note: 주는 자, 기부자를 의미한다.; pali: dāyaka	annadapānavatthadaṃ은 anna-da-pāna-vattha-daṃ의 복합어로, naraṃ을 수식하는 대격 단수이다. | vārivahāva는 vārivahā와 iva의 연음으로, '물을 나르는 것들처럼'이라는 의미이다.	보시(dāna)의 공덕이 끊임없이 증장하여 보시자에게 돌아오는 것을 강물이 바다로 흘러드는 것에 비유하고 있다.	vārivahāva를 vārivahā와 eva의 연음으로 볼 여지도 있으나, 문맥상 비유를 나타내는 iva로 해석하는 것이 자연스럽다.	
71	vri:romn:s0512a.att:237bcc9c0263	romn/s0512a.att.xml	ef59076387ae851eafde535d1f08f012c790e451714ff429b7d8ad6aa65a627e	atthakatha	prose	long	hard	glossary_risk	sutta	Khuddakanikāye	succeeded	True	False	Evaṃ tathāgate attano buddhānubhāvadīpanaṃ pāṭihāriyaṃ dassetvā dhammaṃ desente āyasmā dhammasenāpati sāriputto rājagahe gijjhakūṭapabbate ṭhito dibbacakkhunā passitvā, tena buddhānubhāvasandassanena acchariyabbhutacittajāto ‘‘handāhaṃ bhiyyosomattāya buddhānubhāvaṃ lokassa pākaṭaṃ karissāmī’’ti sañjātaparivitakko attano parivārabhūtānaṃ pañcannaṃ bhikkhusatānaṃ tamatthaṃ ārocetvā iddhiyā ākāsena tāvadeva āgantvā saparivāro bhagavantaṃ upasaṅkamitvā pañcapatiṭṭhitena vanditvā dasanakhasamodhānasamujjalamañjaliṃ sirasi paggayha tathāgatassa mahābhinīhāraṃ pāramiparipūraṇañca pucchi. Bhagavā taṃ kāyasakkhiṃ katvā tattha sannipatitamanussānañceva dasasahassacakkavāḷadevabrahmānañca attano buddhānubhāvaṃ paridīpayanto buddhavaṃsaṃ desesi. Tena vuttaṃ –	이와 같이 여래가 자신의 부처님의 위신력을 보여주는 신통을 보여주고 법을 설할 때, 존자 법장 사리뿟따가 라자가하의 영축산에 머물면서 천안으로 보고서, 그 부처님의 위신력을 보여줌으로 인해 경이롭고 놀라운 마음이 생겨나서 '자, 내가 더욱더 부처님의 위신력을 세상에 분명하게 하리라'라고 생각이 생겨나서, 자신의 권속이 된 5백 명의 비구들에게 그 사실을 알리고, 신통으로 허공으로 즉시 와서, 권속들과 함께 세존께 다가가서, 오체투지로 절하고, 열 개의 손톱이 모여 빛나는 합장을 머리에 올리고, 여래의 대서원과 바라밀의 완성을 여쭈었다. 세존께서는 그를 직접적인 증인으로 삼아 그곳에 모인 사람들과 1만 세계의 천신과 범천들에게 자신의 부처님의 위신력을 밝히시면서 붓다왕사를 설하셨다. 그러므로 (다음과 같이) 말씀하셨다.	이와 같이 여래께서 당신의 위신력을 보여주는 신통을 나투시고 법을 설하실 때, 존자 법장 사리뿟따가 라자가하의 영축산에 머물며 천안으로 이를 보았다. 그는 부처님의 위신력을 보여주심에 경이롭고 놀라운 마음이 생겨 '자, 내가 부처님의 위신력을 세상에 더욱더 분명하게 드러내리라'라고 생각했다. 그리고 자신의 권속인 5백 명의 비구들에게 그 사실을 알린 뒤, 신통을 부려 허공을 통해 즉시 날아왔다. 권속들과 함께 세존께 다가가 오체투지로 절하고, 열 개의 손톱이 모여 빛나는 합장을 머리 위로 올린 뒤, 여래의 위대한 서원과 바라밀의 완성을 여쭈었다. 세존께서는 그를 직접적인 증인으로 삼아, 그곳에 모인 사람들과 1만 세계의 천신과 범천들에게 당신의 위신력을 밝히시며 붓다왕사(부처님의 계보)를 설하셨다. 그러므로 다음과 같이 말씀하셨다.	gloss: Buddha's majesty/power; ko: 부처님의 위신력; note: 부처님이 지닌 초월적인 힘과 위엄을 뜻한다.; pali: buddhānubhāva | gloss: general of the Dhamma; ko: 법장; note: 사리뿟따 존자의 별칭으로, 법의 군대를 이끄는 장군이라는 의미이다.; pali: dhammasenāpati | gloss: great aspiration; ko: 대서원; note: 보살이 부처가 되기 위해 세우는 위대한 서원을 의미한다.; pali: mahābhinīhāra | gloss: bodily witness; ko: 직접적인 증인; note: 몸으로 직접 체험하여 증명하는 자를 뜻한다.; pali: kāyasakkhi | gloss: Chronicle of Buddhas; ko: 붓다왕사; note: 과거불과 고따마 붓다의 계보를 다루는 쿳다까 니까야의 문헌명이다.; pali: Buddhavaṃsa	tathāgate ... desente는 처격 절대구문(Locative Absolute)으로, 여래가 신통을 보이고 법을 설하는 시간적 배경을 나타낸다. | pañcapatiṭṭhitena는 pañca(다섯)와 patiṭṭhita(닿음)의 합성어로, 두 무릎, 두 팔꿈치, 이마가 땅에 닿는 절(오체투지)을 의미한다.	mahābhinīhāra는 보살이 부처가 되기 위해 처음 발하는 위대한 서원을 의미하며, 수메다(Sumedha) 보살의 서원이 대표적이다.	dasanakhasamodhānasamujjalamañjaliṃ은 '열 개의 손톱이 모여 빛나는 합장'으로 직역하였으나, 손을 모아 합장한 모습의 아름다움을 묘사한 시적 표현이다.	
72	vri:romn:s0101t.tik:3ed5afb93a71	romn/s0101t.tik.xml	e02a9e2e30b5a127279a1a42dc80cbcb3138cedb84e652f4c2032147dc713f92	tika	prose	long	hard	glossary_risk	sutta	Dīghanikāye	succeeded	True	False	Karaṇavacanena niddeso kato yathāti sambandho. Tatthāti abhidhammavinayesu. Tathāti bhummakaraṇehi. Adhikaraṇattha ādhārattho. Bhāvo nāma kiriyā, kiriyāya kiriyantaralakkhaṇaṃ bhāvenabhāvalakkhaṇaṃ. Tattha yathā kālo sabhāvadhammaparicchinno sayaṃ paramatthato avijjamānopi ādhārabhāvena paññāto taṅkhaṇappavattānaṃ tato pubbe parato ca abhāvato ‘‘pubbaṇhe jāto, sāyanhe gacchatī’’ti, ca ādīsu, samūho ca avayavavinimutto avijjamānopi kappanāmattasiddho avayavānaṃ ādhārabhāvena paññāpīyati ‘‘rukkhe sākhā, yavarāsiyaṃ sambhūto’’tiādīsu, evaṃ idhāpīti dassento āha ‘‘adhikaraṇañhi…pe… dhammāna’’nti. Yasmiṃ kāle, dhammapuñje vā kāmāvacaraṃ kusalaṃ cittaṃ uppannaṃ hoti, tasmiṃyeva kāle, dhammapuñje ca phassādayopi hontīti ayañhi tattha attho. Yathā ca gāvīsu duyhamānāsu gato, duddhāsu āgatoti dohanakiriyāya gamanakiriyā lakkhīyati, evaṃ idhāpi ‘‘yasmiṃ samaye, tasmiṃ samaye’’ti ca vutte satīti ayamattho viññāyamāno eva hoti padatthassa sattāvirahābhavatoti samayassa sattākiriyāya cittassa uppādakiriyā, phassādīnaṃ bhavanakiriyā ca lakkhīyati. Yasmiṃ samayeti yasmiṃ navame khaṇe, yonisomanasikārādihetumhi, paccayasamavāye vā sati kāmāvacaraṃ kusalaṃ cittaṃ uppannaṃ hoti, tasmiṃyeva khaṇe, hetumhi, paccayasamavāye ca sati phassādayopi hontīti ubhayattha samaya-sadde bhummaniddeso kato lakkhaṇabhūtabhāvayuttoti dassento āha ‘‘khaṇa…pe… lakkhīyatī’’ti.	"'도구격(karaṇavacana)으로 지시가 이루어진 것과 같이(yathā)'라고 연결된다. '거기서(tattha)'란 아비담마와 율장들에서이다. '그와 같이(tathā)'란 처소격과 도구격들로써이다. 처소(adhikaraṇa)의 의미는 지지(ādhāra)의 의미이다. 상태(bhāva)란 작용(kiriyā)이니, 작용으로써 다른 작용을 특징짓는 것이 '상태로써 상태를 특징지음(bhāvenabhāvalakkhaṇaṃ)'이다. 거기서 고유성질의 법들에 의해 한정된 시간(kāla)이 그 자체로는 궁극적인 뜻으로 존재하지 않더라도, 그 이전에나 그 이후에는 존재하지 않기 때문에 그 순간에 진행되는 것들의 지지하는 상태로써 알려지는 것과 같이, 예를 들어 ""오전에 태어나서, 오후에 간다"" 등에서, 그리고 무리(samūha)가 부분들을 벗어나서는 존재하지 않더라도 단지 개념으로 성립하여 부분들의 지지하는 상태로써 시설되는 것과 같이, 예를 들어 ""나무에 가지가, 보리 무더기에 생겨난"" 등에서, 이와 같이 여기서도 그러하다고 보여주면서 ""처소는…(중략)… 법들의""라고 말했다. 어느 시간에, 혹은 법의 무더기에 욕계의 유익한 마음이 일어난 때, 바로 그 시간에, 그리고 법의 무더기에 감각접촉 등도 존재한다는 것, 이것이 참으로 거기서의 의미이다. 그리고 ""소들의 젖을 짤 때 갔고, 젖을 다 짰을 때 왔다""라고 젖 짜는 작용으로 가는 작용이 특징지어지는 것과 같이, 이와 같이 여기서도 ""어느 때에, 그 때에""라고 말해졌을 때, 단어의 의미가 존재함(sattā)을 여의지 않기 때문에 이 의미가 참으로 이해되는 것이니, 때(samaya)의 존재하는 작용으로 마음의 일어나는 작용과 감각접촉 등의 존재하는 작용이 특징지어진다. '어느 때에'란 어느 아홉 번째 찰나에, 여리작의 등의 원인에, 혹은 조건의 결합이 있을 때 욕계의 유익한 마음이 일어난 때, 바로 그 찰나에, 원인에, 그리고 조건의 결합이 있을 때 감각접촉 등도 존재한다고, 양쪽의 '때(samaya)'라는 단어에 처소격 지시가 이루어진 것은 특징이 되는 상태를 갖추었기 때문이라고 보여주면서 ""찰나…(중략)… 특징지어진다""라고 말했다."	"'도구격으로 지시가 이루어진 것과 같이'라고 연결된다. '거기서'란 아비담마와 율장들에서이다. '그와 같이'란 처소격과 도구격들로써이다. 처소(處所)의 의미는 지지(支持)의 의미이다. 상태란 작용이니, 어떤 작용으로 다른 작용을 특징짓는 것이 '상태로써 상태를 특징지음'이다. 거기서 고유성질의 법들에 의해 한정된 시간은 그 자체로는 궁극적인 뜻으로 존재하지 않더라도, 그 이전이나 그 이후에는 존재하지 않기 때문에 그 순간에 진행되는 것들을 지지하는 상태로써 알려진다. 예를 들어 ""오전에 태어나서, 오후에 간다""라고 하는 것 등과 같다. 그리고 무리가 부분들을 벗어나서는 존재하지 않더라도 단지 개념으로 성립하여 부분들을 지지하는 상태로써 시설되는 것과 같다. 예를 들어 ""나무에 가지가, 보리 무더기에 생겨난""이라고 하는 것 등과 같다. 이와 같이 여기서도 그러하다고 보여주면서 ""처소는…(중략)… 법들의""라고 말했다. 어느 시간에, 혹은 법의 무더기에 욕계의 유익한 마음이 일어났을 때, 바로 그 시간에, 그리고 법의 무더기에 감각접촉 등도 존재한다는 것, 이것이 참으로 거기서의 의미이다. 그리고 ""소들의 젖을 짤 때 갔고, 젖을 다 짰을 때 왔다""라고 젖 짜는 작용으로 가는 작용이 특징지어지는 것과 같이, 이와 같이 여기서도 ""어느 때에, 그 때에""라고 말해졌을 때, 단어의 의미가 존재함을 여의지 않기 때문에 이 의미가 참으로 이해되는 것이니, 때의 존재하는 작용으로 마음의 일어나는 작용과 감각접촉 등의 존재하는 작용이 특징지어진다. '어느 때에'란 어느 아홉 번째 찰나에, 마음에 여리작의하는 것 등의 원인에, 혹은 조건의 결합이 있을 때 욕계의 유익한 마음이 일어났을 때, 바로 그 찰나에, 원인에, 그리고 조건의 결합이 있을 때 감각접촉 등도 존재한다고, 양쪽의 '때'라는 단어에 처소격 지시가 이루어진 것은 특징이 되는 상태를 갖추었기 때문이라고 보여주면서 ""찰나…(중략)… 특징지어진다""라고 말했다."	gloss: characterizing a state by a state; ko: 상태로써 상태를 특징지음; note: 문법적으로 처소격 절대구문(Locative Absolute)을 의미하는 용어이다.; pali: bhāvenabhāvalakkhaṇaṃ | gloss: location; ko: 처소; note: 문법에서 처소격(Locative case)의 의미를 나타낸다.; pali: adhikaraṇa | gloss: time/occasion; ko: 때; note: 여기서는 마음이 일어나는 찰나, 원인, 조건의 결합 등을 포괄하는 의미로 쓰였다.; pali: samaya | gloss: sense-sphere wholesome consciousness; ko: 욕계의 유익한 마음; note: 아비담마의 마음 분류 중 하나이다.; pali: kāmāvacaraṃ kusalaṃ cittaṃ	bhāvenabhāvalakkhaṇaṃ은 빠알리 문법에서 한 행위가 다른 행위의 시간적 배경이나 조건이 됨을 나타내는 처소격 절대구문(Locative Absolute)을 지칭한다. | gāvīsu duyhamānāsu(소들의 젖을 짤 때)와 duddhāsu(젖을 다 짰을 때)는 처소격 절대구문의 전형적인 예시로 사용되었다.	시간(kāla)과 무리(samūha)는 궁극적 실재(paramattha)가 아니라 개념(paññatti)으로 성립하지만, 그 순간에 일어나는 법들을 지지하는 처소(adhikaraṇa)의 역할을 한다고 설명한다. | 때(samaya)를 단순한 시간이 아니라 아홉 번째 찰나, 여리작의 등의 원인, 조건의 결합으로 다각적으로 해석하는 것은 주석서의 전통적인 방식이다.		
73	vri:romn:s0502a.att:73a6619fb539	romn/s0502a.att.xml	90e0ffb9dc3ff26e5c3b09cde83eb1e410b5f6b45479e10f41fc2d4bd417b34c	atthakatha	prose	long	hard	glossary_risk	sutta	Khuddakanikāye	succeeded	True	False	Imaṃ gāthamāha. Gāthāpariyosāne brāhmaṇo ca brāhmaṇī ca anāgāmiphale patiṭṭhahiṃsu. Māgaṇḍiyāpi kho ‘‘sacassa mayā attho natthi, anatthikabhāvova vattabbo, ayaṃ pana maṃ muttakarīsapuṇṇaṃ karoti, pādāpi naṃ samphusituṃ na iccheti, hotu, attano jātikulapadesabhogayasavayasampattiṃ āgamma tathārūpaṃ bhattāraṃ labhitvā samaṇassa gotamassa kattabbayuttakaṃ jānissāmī’’ti satthari āghātaṃ bandhi. ‘‘Kiṃ pana satthā tāya attani āghātuppattiṃ jānāti, no’’ti? ‘‘Jānātiyeva. Jānanto kasmā gāthamāhā’’ti? Itaresaṃ dvinnaṃ vasena. Buddhā hi āghātaṃ agaṇetvā maggaphalādhigamārahānaṃ vasena dhammaṃ desentiyeva. Mātāpitaro taṃ netvā cūḷamāgaṇḍiyaṃ kaniṭṭhaṃ paṭicchāpetvā pabbajitvā arahattaṃ pāpuṇiṃsu. Cūḷamāgaṇḍiyopi cintesi – ‘‘mama dhītā omakasattassa na anucchavikā, ekassa raññova anucchavikā’’ti. Taṃ ādāya kosambiṃ gantvā sabbālaṅkārehi alaṅkaritvā, ‘‘imaṃ itthiratanaṃ devassa anucchavika’’nti utenassa rañño adāsi. So taṃ disvāva uppannabalavasineho abhisekaṃ katvā pañcasatamātugāmaparivāraṃ datvā aggamahesiṭṭhāne ṭhapesi. Ayaṃ māgaṇḍiyāya uppatti.	"이 게송을 말씀하셨다. 게송이 끝났을 때 바라문과 바라문 여인은 불환과에 확립되었다. 그러나 마간디야는 ""만약 그가 나에게 목적이 없다면, 목적이 없는 상태라고 말해져야 한다. 그러나 이 자는 나를 대소변으로 가득 찬 것으로 만들고, 발로조차 그것을 만지기를 원하지 않는다. 좋다, 자신의 출생, 가문, 지역, 재물, 명성, 젊음의 구족에 의지하여 그에 알맞은 남편을 얻은 뒤에 사문 고따마에게 해야 할 적절한 것을 알게 될 것이다.""라고 스승에게 적의를 맺었다. ""그런데 스승께서는 그녀가 자신에게 적의를 일으킨 것을 아셨는가, 아니면 [모르셨는가]?"" ""확실히 아셨다."" ""아시면서 왜 게송을 말씀하셨는가?"" ""다른 두 사람 때문이었다. 참으로 부처님들은 적의를 고려하지 않고, 도과를 성취하기에 적합한 자들 때문에 법을 설하시기 때문이다."" 부모는 그녀를 데리고 가서 동생 쭐라마간디야에게 맡기고 출가하여 아라한과에 도달했다. 쭐라마간디야도 생각했다. ""나의 딸은 열등한 중생에게는 어울리지 않고, 오직 어떤 왕에게만 어울린다."" 그녀를 데리고 꼬삼비로 가서 모든 장신구로 장식하고, ""이 여인보배는 전하께 어울립니다.""라고 우떼나 왕에게 주었다. 그는 그녀를 보자마자 강력한 애정이 일어나서, 관정을 행하고 오백 명의 여인 권속을 주고서 제1왕비의 자리에 두었다. 이것이 마간디야의 기원이다."	"부처님께서는 이 게송을 말씀하셨다. 게송이 끝났을 때 바라문과 바라문 여인은 불환과(아나함과)에 올랐다. 그러나 마간디야는 ""만약 그가 나를 원하지 않는다면 그냥 원하지 않는다고 말하면 될 것이다. 그런데 이 자는 나를 대소변으로 가득 찬 존재로 취급하고, 발로조차 만지기를 원하지 않는다. 좋다, 내 출생과 가문, 지역, 재물, 명성, 젊음에 걸맞은 남편을 얻은 뒤에 사문 고따마에게 어떻게 갚아주어야 할지 알게 될 것이다.""라고 생각하며 스승에게 앙심을 품었다. ""그런데 스승께서는 그녀가 자신에게 앙심을 품은 것을 아셨는가, 모르셨는가?"" ""확실히 아셨다."" ""아시면서 왜 게송을 말씀하셨는가?"" ""다른 두 사람 때문이었다. 참으로 부처님들은 누군가의 앙심을 개의치 않으시고, 도과를 성취할 만한 사람들을 위해 법을 설하시기 때문이다."" 부모는 그녀를 데리고 가서 동생인 쭐라마간디야에게 맡긴 뒤 출가하여 아라한과를 성취했다. 쭐라마간디야도 생각했다. ""내 딸(조카)은 하찮은 사람에게는 어울리지 않고, 오직 왕에게만 어울린다."" 그는 그녀를 데리고 꼬삼비로 가서 온갖 장신구로 치장한 뒤, ""이 여인보배는 전하께 어울립니다.""라며 우떼나 왕에게 바쳤다. 왕은 그녀를 보자마자 강한 애정을 느껴 관정을 베풀고, 오백 명의 시녀를 내려주며 제1왕비의 자리에 앉혔다. 이것이 마간디야에 얽힌 배경 이야기이다."	gloss: fruit of Non-returning; ko: 불환과; note: 성자의 네 가지 단계 중 세 번째인 아나함의 과위.; pali: anāgāmiphala | gloss: resentment; ko: 적의; note: 분노나 원한이 맺힌 상태를 뜻하며, 자연역에서는 문맥에 맞게 '앙심'으로 번역함.; pali: āghāta | gloss: paths and fruits; ko: 도과; note: 출세간의 깨달음인 네 가지 도와 네 가지 과를 통칭하는 용어.; pali: maggaphala | gloss: chief queen; ko: 제1왕비; note: 왕의 여러 부인 중 으뜸가는 정비를 가리킴.; pali: aggamahesī | gloss: arising, origin; ko: 기원; note: 어떤 인물이나 사건이 등장하게 된 배경이나 연원을 의미함.; pali: uppatti	muttakarīsapuṇṇaṃ karoti: 직역하면 '대소변으로 가득 찬 것으로 만들다'이며, 앞선 부처님의 게송에서 그녀의 몸을 대소변이 가득 찬 주머니로 묘사한 것을 가리킨다. | mama dhītā: 쭐라마간디야는 마간디야의 삼촌이지만, 여기서는 보호자로서 그녀를 '나의 딸(dhītā)'이라고 부르고 있다.	부처님께서 마간디야가 앙심을 품을 것을 아시면서도 게송을 설하신 이유는, 그녀의 부모가 그 게송을 듣고 불환과를 성취할 수 있는 근기를 갖추었기 때문이다.	kattabbayuttakaṃ jānissāmī는 직역하면 '해야 할 적절한 것을 알 것이다'이나, 문맥상 복수하겠다는 의도를 담고 있으므로 자연역에서는 '어떻게 갚아주어야 할지 알게 될 것이다'로 의역하였다.	
74	vri:romn:abh02m.mul:a8d464d40a45	romn/abh02m.mul.xml	5dfc3d0fb5d494c051dae8e905c40b4eaecb6d9778c70106619788b0a9578277	mula	prose	medium	hard	glossary_risk	abhidhamma	Abhidhammapiṭake	succeeded	True	False	Tattha katame cha parihāniyā dhammā? Kammārāmatā, bhassārāmatā, niddārāmatā, saṅgaṇikārāmatā, saṃsaggārāmatā, papañcārāmatā – ime cha parihāniyā dhammā.	거기서 무엇이 여섯 가지 퇴보하는 법들인가? 일하기를 즐김, 말하기를 즐김, 잠자기를 즐김, 무리와 어울리기를 즐김, 교제하기를 즐김, 희론을 즐김이다. 이것들이 여섯 가지 퇴보하는 법들이다.	거기서 무엇이 여섯 가지 퇴보하는 법들인가? 일하기를 즐김, 말하기를 즐김, 잠자기를 즐김, 무리와 어울리기를 즐김, 교제하기를 즐김, 희론을 즐김이다. 이것들이 여섯 가지 퇴보하는 법들이다.	gloss: leading to decline; ko: 퇴보하는; note: 수행이나 선법에서 물러나게 하는 성질을 의미한다.; pali: parihāniya | gloss: delight in work; ko: 일하기를 즐김; note: kamma(일)와 ārāmatā(즐김)의 복합어이다.; pali: kammārāmatā | gloss: delight in company; ko: 무리와 어울리기를 즐김; note: saṅgaṇikā(무리, 대중)와 ārāmatā(즐김)의 복합어이다.; pali: saṅgaṇikārāmatā | gloss: delight in socializing; ko: 교제하기를 즐김; note: saṃsagga(접촉, 교제)와 ārāmatā(즐김)의 복합어이다.; pali: saṃsaggārāmatā | gloss: delight in conceptual proliferation; ko: 희론을 즐김; note: papañca(희론, 개념적 증식)와 ārāmatā(즐김)의 복합어이다.; pali: papañcārāmatā	ārāmatā는 '즐김, 기뻐함'을 뜻하는 여성 명사로, 여러 명사와 복합어를 이루어 '~하기를 즐김'이라는 의미를 나타낸다.	이 여섯 가지 법은 수행자를 퇴보하게 만드는 요소들로, 특히 비구들이 경계해야 할 태도들로 자주 언급된다. | papañca(희론)는 개념적 증식이나 망상을 의미하며, 수행의 진전을 가로막는 주요 장애 중 하나이다.		
75	vri:romn:s0511m.mul:bf84da5148ea	romn/s0511m.mul.xml	9b0dfad13753542e2a750b3d95afb5204a285e5c566a622512825865495f79a7	mula	verse	short	hard	glossary_risk	sutta	Khuddakanikāye	succeeded	True	False	7. Tassa yāgaṃ pakittento, dhammaṃ desesi cakkhumā; Tadā koṭisahassānaṃ, tatiyābhisamayo ahu.	그의 보시를 찬탄하면서, 눈을 갖춘 자는 법을 설했다. 그때 천 코띠에게 세 번째 깨달음이 있었다.	눈을 갖추신 분께서 그의 보시를 찬탄하며 법을 설하셨다. 그때 백억 명의 중생들에게 세 번째 법의 깨달음이 있었다.	gloss: sacrifice, almsgiving; ko: 보시; note: 본래 제사를 의미하나 불교 문맥에서는 대규모 보시를 가리킨다.; pali: yāga | gloss: one with vision; ko: 눈을 갖춘 자; note: 부처님을 가리키는 칭호이다.; pali: cakkhumā | gloss: realization, penetration; ko: 깨달음; note: 사성제를 꿰뚫어 아는 법의 깨달음(현관)을 의미한다.; pali: abhisamaya | gloss: a thousand crores, ten billion; ko: 천 코띠; note: koṭi(천만)와 sahassa(천)의 복합어로 100억을 의미한다.; pali: koṭisahassa	pakittento는 현재분사 주격 단수 남성형으로, 주어인 cakkhumā를 수식하며 동시 동작을 나타낸다. | tatiyābhisamayo는 tatiya(세 번째)와 abhisamaya(깨달음)가 결합된 연음 복합어이다.	abhisamaya는 사성제를 꿰뚫어 아는 법의 깨달음(현관)을 의미하며, 붓다방사에서는 부처님의 설법을 듣고 대규모로 깨달음을 얻는 사건을 기록할 때 자주 등장한다.	yāgaṃ이 구체적으로 어떤 형태의 제사나 보시를 가리키는지 이 게송만으로는 명확하지 않으나, 일반적인 불교 문맥에 따라 보시로 해석했다.	
76	vri:romn:vin02a1.att:b56ffa453013	romn/vin02a1.att.xml	ea14ffe319854a04de04a3d2f3f502c6c6ab97591c76098a6a3579dcb832b4e9	atthakatha	prose	long	hard	glossary_risk	vinaya	Vinayapiṭake	succeeded	True	False	Sace pattatthavikato nīhariyamāne patte rajanacuṇṇāni honti, sati udake dhovitabbo, asati rajanacuṇṇaṃ pucchitvā paṭiggahetvā vā piṇḍāya caritabbaṃ. Sace piṇḍāya carantassa rajaṃ patati, paṭiggahetvā bhikkhā gaṇhitabbā. Appaṭiggahetvā gaṇhato vinayadukkaṭaṃ. Taṃ pana puna paṭiggahetvā bhuñjato anāpatti. Sace pana ‘‘paṭiggahetvā dethā’’ti vutte vacanaṃ asutvā vā anādiyitvā vā bhikkhaṃ dentiyeva, vinayadukkaṭaṃ natthi, puna paṭiggahetvā aññā bhikkhā gahetabbā.	"만약 발우 주머니로부터 꺼내어질 때 발우에 염색 가루들이 있다면, 물이 있을 때 씻어져야 하고, [물이] 없을 때 염색 가루를 닦아내고 수여받고서 탁발을 위해 다녀야 한다. 만약 탁발을 다니는 자에게 먼지가 떨어진다면, 수여받고 탁발 음식을 받아야 한다. 수여받지 않고 받는 자에게는 율의 악작[죄]이다. 그러나 그것을 다시 수여받고 먹는 자에게는 범죄가 아니다. 그러나 만약 ""'받아서 주십시오'라고"" 말해졌을 때 말을 듣지 못하거나 주의를 기울이지 않고 탁발 음식을 준다면, 율의 악작[죄]은 없고, 다시 수여받고 다른 탁발 음식을 받아야 한다."	"만약 발우 주머니에서 꺼낼 때 발우에 염색 가루가 묻어 있다면, 물이 있을 때는 씻어야 하고, 물이 없을 때는 염색 가루를 닦아내고 (발우를 다시) 수여받고서 탁발을 다녀야 한다. 만약 탁발을 다니는 비구의 발우에 먼지가 떨어진다면, (발우를 다시) 수여받고 탁발 음식을 받아야 한다. 수여받지 않고 음식을 받는 자에게는 율의 악작죄(dukkaṭa)가 성립한다. 그러나 그것을 다시 수여받고 먹는 자에게는 범죄가 되지 않는다. 그러나 만약 비구가 ""(발우를) 받아서 주십시오""라고 말했는데도 시주자가 그 말을 듣지 못하거나 신경 쓰지 않고 탁발 음식을 준다면, 비구에게 율의 악작죄는 성립하지 않으며, 다시 수여받고 다른 탁발 음식을 받아야 한다."	gloss: bowl bag; ko: 발우 주머니; note: patta(발우)와 thavikā(주머니)의 복합어.; pali: pattatthavikā | gloss: to receive, to accept; ko: 수여받다; note: 율장 문맥에서 공식적으로 건네받는 절차(수여)를 의미한다.; pali: paṭiggaṇhāti | gloss: offense of wrong-doing in Vinaya; ko: 율의 악작; note: 가벼운 율장 위반 범죄를 가리킨다.; pali: vinayadukkaṭa | gloss: no offense; ko: 범죄가 아님; note: 율장 위반에 해당하지 않음을 나타낸다.; pali: anāpatti	"pucchitvā는 문맥상 '묻다(pucchati)'가 아니라 '닦아내다(puñchati)'의 절대분사 puñchitvā의 오기로 판단하여 번역하였다. | ""paṭiggahetvā dethā""에서 paṭiggahetvā는 시주자가 비구의 발우를 받아서 음식을 담아주는 행위를 가리킨다."	율장 규정상 비구는 음식을 먹기 전에 음식이나 발우를 시주자로부터 공식적으로 건네받는 수여(paṭiggahaṇa) 절차를 거쳐야 한다. 발우에 이물질이 묻으면 수여가 무효화되므로 다시 수여받아야 한다.	"""pucchitvā paṭiggahetvā vā""에서 vā의 정확한 연결 관계가 다소 모호하나, 앞의 dhovitabbo(씻어야 하고)와 대조되는 선택지로 보아 번역하였다."	grammar_uncertain
77	vri:romn:abh03m6.mul:cdfd0db92004	romn/abh03m6.mul.xml	8305e00637fd6e7b0986d64c0ff4d56619cf191e451cf019224ea17f2802d380	mula	prose	short	hard	glossary_risk	abhidhamma	Abhidhammapiṭake	succeeded	True	False	(Ka) yassa yattha kusalā dhammā na uppajjanti tassa tattha abyākatā dhammā na uppajjantīti?	(가) 누구에게 어디에서 유익한 법들이 일어나지 않는가, 그에게 거기에서 무기의 법들이 일어나지 않는가?	(가) 누구에게 어디에서 유익한 법들이 일어나지 않으면, 그에게 거기에서 무기의 법들이 일어나지 않는가?	gloss: wholesome state; ko: 유익한 법; note: 선(善)한 심리적 상태나 현상을 의미한다.; pali: kusala dhamma | gloss: indeterminate state; ko: 무기의 법; note: 선이나 불선으로 결정되지 않은 상태를 의미한다.; pali: abyākata dhamma | gloss: arise; ko: 일어나다; note: 법(현상)이 발생하는 것을 나타내는 동사이다.; pali: uppajjati	yassa yattha ... tassa tattha ... 구문은 관계대명사/부사와 지시대명사/부사가 호응하여 특정 개인과 장소를 동시에 한정하는 구조이다. | uppajjantīti는 uppajjanti와 인용 또는 질문을 나타내는 불변화사 iti가 연음된 형태이다.	야마까(쌍론)의 전형적인 질문 형식으로, 유익한 법과 무기의 법의 발생 여부를 개인(puggala)과 장소(okāsa)가 결합된 관점에서 묻고 있다.		
78	vri:romn:e0102n.mul:12ebc2fe3207	romn/e0102n.mul.xml	328a7a6910dca3ba11f92bb4c61ece69bcd5729f7797bed201e587980ce5ec1f	mula	prose	medium	hard	glossary_risk	extra	unknown	succeeded	True	False	847. ‘‘Pahānapaññā pariccāgaṭṭhena ñāṇa’’nti (paṭi. ma. mātikā 1.22) evaṃ pana uddisitvā ‘‘ye ye dhammā pahīnā honti, te te dhammā pariccattā hontī’’ti (paṭi. ma. 1.75) evaṃ vitthārato vuttā ‘‘aniccānupassanāya niccasaññaṃ pajahatī’’tiādinayappavattā pahānapariññā. Tassā bhaṅgānupassanato paṭṭhāya yāva maggañāṇā bhūmi, ayaṃ idha adhippetā.	한편 '버림의 통찰지는 포기하는 의미로 앎이다'라고 이와 같이 요약하여 설하고 나서, '어떤 법들이든 버려진 것이 되면, 그 법들은 포기된 것이 된다'라고 이와 같이 상세하게 설해진, '무상을 관찰함에 의해 영원하다는 인식을 버린다'라는 등의 방법으로 진행되는 것이 버림의 철저한 앎이다. 그것의 무너짐을 관찰함으로부터 시작하여 도의 앎에 이르기까지의 단계, 이것이 여기서 의도된 것이다.	한편 '버림의 통찰지는 포기하는 의미에서 앎이다'라고 요약하여 설하고 나서, '어떤 법들이든 버려지면, 그 법들은 포기된 것이다'라고 상세하게 설해진, '무상을 관찰함에 의해 영원하다는 인식을 버린다'라는 등의 방법으로 진행되는 것이 버림의 철저한 앎이다. 무너짐을 관찰함으로부터 시작하여 도의 앎에 이르기까지의 그것의 단계가 여기서 의도된 것이다.	gloss: full understanding as abandoning; ko: 버림의 철저한 앎; note: 세 가지 철저한 앎(pariññā) 중 하나로, 번뇌를 버리는 단계의 앎을 의미한다.; pali: pahānapariññā | gloss: contemplation of impermanence; ko: 무상을 관찰함; note: 현상의 무상함을 지속적으로 관찰하는 수행.; pali: aniccānupassanā | gloss: contemplation of dissolution; ko: 무너짐을 관찰함; note: 현상이 소멸하고 무너지는 측면을 관찰하는 위빠사나 지혜의 한 단계.; pali: bhaṅgānupassanā | gloss: knowledge of the path; ko: 도의 앎; note: 출세간의 도(magga)에 도달했을 때 일어나는 지혜.; pali: maggañāṇa	vuttā는 pahānapariññā를 수식하는 과거분사로, 앞의 인용문들을 통해 상세히 설해졌음을 나타낸다. | bhaṅgānupassanato paṭṭhāya yāva maggañāṇā는 '~부터 ~까지'의 범위를 나타내는 구문으로, paṭṭhāya는 탈격과 함께 쓰이고 yāva도 탈격과 함께 쓰여 범위를 한정한다.	청정도론에서 세 가지 철저한 앎(pariññā) 중 '버림의 철저한 앎(pahānapariññā)'의 범위를 무너짐을 관찰하는 지혜(bhaṅga-ñāṇa)부터 도의 지혜(magga-ñāṇa)까지로 규정하고 있다.		
79	vri:romn:vin02t.tik:f4af162dcc24	romn/vin02t.tik.xml	2dd71f4f0d9c8abea6e5bc83d83fe48be72d96c1b0b507484311a4e5e2dd1cd1	tika	prose	long	hard	glossary_risk	vinaya	Vinayapiṭake	succeeded	True	False	Kalahavasena pavattavācāyeva gocarā etesanti vācāgocarā. Mukhāyāmanti vivadanavasena mukhaṃ āyāmetvā bhāṇino. Na taṃ jānantīti taṃ kalahaṃ na jānanti. Kalahaṃ karonto ca taṃ na jānanto nāma natthi. Yathā pana na jānanti, taṃ dassetuṃ āha ‘‘evaṃ sādīnavo aya’’nti, ayaṃ kalaho nāma attano paresañca atthahāpanato anatthuppādanato diṭṭheva dhamme samparāye ca sādīnavo sadosoti attho. Taṃ na jānantīti taṃ kalahaṃ na jānanti. Kathaṃ na jānantīti āha ‘‘evaṃ sādīnavo aya’’nti, ‘‘evaṃ sādīnavo ayaṃ kalaho’’ti evaṃ taṃ kalahaṃ na jānantīti attho.	다툼으로 인해 일어난 말만이 그들의 영역이므로 '말의 영역(vācāgocarā)'이다. '입을 벌림(mukhāyāma)'이란 논쟁함으로 인해 입을 벌리고서 말하는 자들이다. '그것을 알지 못한다(na taṃ jānanti)'란 그 다툼을 알지 못한다는 것이다. 그리고 다툼을 하는 자가 그것을 알지 못하는 자란 없다. 그러나 어떻게 알지 못하는지, 그것을 보여주기 위해 '이것은 이와 같이 위험이 따른다'라고 말했다. 이 다툼이란 자신과 다른 이들의 이익을 파괴하기 때문에, 불이익을 발생시키기 때문에, 지금 여기에서 그리고 내생에서 위험이 따르는 것, 결점이 있는 것이라는 뜻이다. '그것을 알지 못한다'란 그 다툼을 알지 못한다는 것이다. '어떻게 알지 못하는가'라고 (묻고) '이것은 이와 같이 위험이 따른다'라고 말했다. '이 다툼은 이와 같이 위험이 따른다'라고 이와 같이 그 다툼을 알지 못한다는 뜻이다.	다툼으로 인해 일어난 말만이 그들의 영역이므로 '말의 영역(vācāgocarā)'이라고 한다. '입을 벌림(mukhāyāma)'이란 논쟁으로 인해 입을 벌리고서 말하는 자들을 뜻한다. '그것을 알지 못한다'란 그 다툼을 알지 못한다는 것이다. 다툼을 하면서 그것을 알지 못하는 자란 있을 수 없다. 그러나 어떻게 알지 못하는지 보여주기 위해 '이것은 이와 같이 위험이 따른다'라고 말했다. 이 다툼이란 자신과 다른 이들의 이익을 파괴하고 불이익을 발생시키기 때문에, 현생과 내생에서 위험이 따르고 결점이 있는 것이라는 뜻이다. '그것을 알지 못한다'란 그 다툼을 알지 못한다는 것이다. '어떻게 알지 못하는가'라고 묻고 '이것은 이와 같이 위험이 따른다'라고 말했다. 즉 '이 다툼은 이와 같이 위험이 따른다'라고, 이처럼 그 다툼의 위험성을 알지 못한다는 뜻이다.	gloss: domain of speech; ko: 말의 영역; note: vācā와 gocara의 복합어로, 말이 미치는 범위를 뜻한다.; pali: vācāgocara | gloss: opening the mouth; ko: 입을 벌림; note: mukha와 āyāma의 복합어로, 논쟁을 위해 입을 크게 벌리는 것을 뜻한다.; pali: mukhāyāma | gloss: full of danger; ko: 위험이 따르는; note: sa와 ādīnava의 복합어로, 위험이나 재난을 수반함을 뜻한다.; pali: sādīnava | gloss: destroying welfare; ko: 이익을 파괴함; note: attha와 hāpana의 복합어이다.; pali: atthahāpana | gloss: producing harm; ko: 불이익을 발생시킴; note: anattha와 uppādana의 복합어이다.; pali: anatthuppādana	atthahāpanato와 anatthuppādanato는 이유를 나타내는 탈격(-to)으로 쓰였다. | diṭṭheva dhamme는 diṭṭhe eva dhamme의 연음으로 '지금 여기에서(현생에서)'를 의미하는 처격 구문이다.	다툼을 하면서 다툼 자체를 모를 수는 없으므로, 여기서 '알지 못한다'는 것은 다툼이 현생과 내생에 가져올 위험성과 결점을 알지 못한다는 의미로 주석하고 있다.		
80	vri:romn:s0502m.mul:a61f1e16ed22	romn/s0502m.mul.xml	59f728c453aba68cc63fa30085cdc922a3172c7835ba00335611f9af328c92b3	mula	verse	medium	hard	glossary_risk	sutta	Khuddakanikāye	succeeded	True	False	293. Yesañca susamāraddhā, niccaṃ kāyagatā sati; Akiccaṃ te na sevanti, kicce sātaccakārino; Satānaṃ sampajānānaṃ, atthaṃ gacchanti āsavā.	그리고 누구에게 항상 몸에 향한 마음챙김이 잘 확립되어 있다면, 그들은 해야 하지 않을 것을 행하지 않고, 해야 할 것에 지속적으로 행하는 자들이다. 마음챙기고 알아차리는 자들의 번뇌들은 소멸로 간다.	항상 몸에 향한 마음챙김이 잘 확립된 자들은 해야 하지 않을 일은 행하지 않고, 해야 할 일은 지속적으로 행한다. 마음챙기고 알아차리는 자들의 번뇌는 소멸에 이른다.	gloss: mindfulness directed to the body; ko: 몸에 향한 마음챙김; note: 몸을 대상으로 하는 마음챙김 수행을 의미한다.; pali: kāyagatā sati | gloss: one who acts perseveringly; ko: 지속적으로 행하는 자; note: 꾸준히 실천하는 사람을 의미한다.; pali: sātaccakārin | gloss: taint, canker; ko: 번뇌; note: 마음을 오염시키는 번뇌를 가리킨다.; pali: āsava | gloss: to go to destruction, disappear; ko: 소멸로 가다; note: 번뇌가 사라짐을 나타내는 관용구이다.; pali: atthaṃ gacchati	Yesaṃ과 te는 관계대명사와 지시대명사로 호응하여 '누구에게 ... 그들은'의 구조를 이룬다. | Satānaṃ sampajānānaṃ은 복수 속격으로 뒤의 āsavā(번뇌들)를 수식하여 '마음챙기고 알아차리는 자들의 번뇌들'이라는 의미를 형성한다.	몸에 향한 마음챙김(kāyagatā sati)은 몸의 상태와 동작을 알아차리는 수행으로, 번뇌를 소멸시키는 중요한 토대가 된다. | sata(마음챙김)와 sampajāna(알아차림)는 불교 수행의 핵심적인 두 축인 sati-sampajañña를 나타낸다.		
81	vri:romn:abh01m.mul:e67999fc65b8	romn/abh01m.mul.xml	b27d4177e45018b574d7181c45ac2e581b56c42232b9ade9042e3204e7c982b3	mula	prose	medium	hard	abhidhamma_definition	abhidhamma	Abhidhammapiṭake	succeeded	True	False	1051. Katame dhammā bahiddhā? Ye dhammā tesaṃ tesaṃ parasattānaṃ parapuggalānaṃ ajjhattaṃ paccattaṃ niyatā pāṭipuggalikā upādiṇṇā, rūpaṃ, vedanā, saññā, saṅkhārā, viññāṇaṃ – ime dhammā bahiddhā.	어떤 법들이 외부의 것인가? 어떤 법들이 그들 각각의 다른 중생들, 다른 개인들의 내적인 것이고, 각자의 것이고, 속한 것이고, 개인적인 것이고, 취착된 것인 물질, 느낌, 인식, 심리현상들, 알음알이인지, 이러한 법들이 외부의 것이다.	어떤 법들이 외부의 법인가? 그들 각각의 다른 중생들과 다른 개인들의 내적인 것이고, 각자의 것이고, [그들에게] 속한 것이고, 개인적인 것이고, 취착된 것인 물질, 느낌, 인식, 심리현상들, 알음알이(오온)가 있으니, 이러한 법들이 외부의 법이다.	gloss: external; ko: 외부의; note: 내부(ajjhatta)와 대비되는 외부의 법을 가리킨다.; pali: bahiddhā | gloss: other being; ko: 다른 중생; note: 자신이 아닌 타자를 가리킨다.; pali: parasatta | gloss: grasped, appropriated; ko: 취착된; note: 업에 의해 취착된 상태를 나타낸다.; pali: upādiṇṇa | gloss: mental formations; ko: 심리현상들; note: 오온 문맥이므로 심리현상들로 번역하였다.; pali: saṅkhārā	tesaṃ tesaṃ parasattānaṃ parapuggalānaṃ은 복수 속격으로, '그들 각각의 다른 중생들과 다른 개인들의'라는 소유 및 소속을 나타낸다. | ajjhattaṃ paccattaṃ niyatā pāṭipuggalikā upādiṇṇā는 모두 dhammā를 수식하거나 서술하는 형용사적 표현들이다.	아비담마에서 '외부의 법(bahiddhā dhammā)'은 단순히 물리적 외부 세계만을 의미하는 것이 아니라, 다른 중생들의 오온을 포함한다. | 다른 중생에게는 내적이고 취착된 오온이라 할지라도, 관찰하는 주체에게는 그것이 '외부의 법'으로 분류된다.	niyatā는 보통 '결정된'으로 번역되나, 이 문맥에서는 특정 개인에게 '속한' 또는 '한정된'의 의미로 쓰인 것으로 보아 그렇게 번역하였다.	
82	vri:romn:abh02m.mul:ae392b0ff8c5	romn/abh02m.mul.xml	2089bdd14f0cb98bcb02f5c8948d3e8bcb7c1fdfc7b2b47aa762c4c850396047	mula	prose	medium	hard	abhidhamma_definition	abhidhamma	Abhidhammapiṭake	succeeded	True	False	Katame dhammā arūpāvacarā? Heṭṭhato ākāsānañcāyatanūpage deve pariyantaṃ karitvā, uparito nevasaññānāsaññāyatanūpage deve antokaritvā, yaṃ etasmiṃ antare etthāvacarā ettha pariyāpannā samāpannassa vā upapannassa vā diṭṭhadhammasukhavihārissa vā cittacetasikā dhammā – ime dhammā arūpāvacarā.	어떤 법들이 무색계에 속하는가? 아래로는 공무변처에 태어난 신들을 경계로 삼고, 위로는 비상비비상처에 태어난 신들을 포함하여, 이 사이에, 여기에 속하고 여기에 포함된, 증득한 자나 태어난 자나 지금 여기에서 행복하게 머무는 자의 마음과 마음부수 법들, 이 법들이 무색계에 속한다.	어떤 법들이 무색계에 속하는가? 아래로는 공무변처에 태어난 신들을 경계로 삼고 위로는 비상비비상처에 태어난 신들을 포함하여, 이 사이에 있으면서 여기에 속하고 여기에 포함된, (무색계 선정을) 증득한 자나 (무색계에) 태어난 자나 지금 여기에서 행복하게 머무는 자의 마음과 마음부수 법들, 이 법들이 무색계에 속한다.	gloss: belonging to the formless sphere; ko: 무색계에 속하는; note: 무색계(arūpa)의 영역(avacara)에 속하는 법을 의미한다.; pali: arūpāvacara | gloss: base of infinite space; ko: 공무변처; note: 무색계의 첫 번째 선정 단계이다.; pali: ākāsānañcāyatana | gloss: base of neither-perception-nor-non-perception; ko: 비상비비상처; note: 무색계의 가장 높은 선정 단계이다.; pali: nevasaññānāsaññāyatana | gloss: consciousness and mental factors; ko: 마음과 마음부수; note: 마음(citta)과 그에 수반되는 심리현상들(cetasika)을 가리킨다.; pali: cittacetasika | gloss: one who dwells happily in the present life; ko: 지금 여기에서 행복하게 머무는 자; note: 현법수락주(現法受樂住)로, 주로 아라한의 선정 상태를 가리킨다.; pali: diṭṭhadhammasukhavihārī	yaṃ은 중성 단수 형태이지만, 여기서는 뒤의 복수 명사 dhammā를 이끄는 불변화사적 용법('무릇 ~하는')으로 쓰였다. | samāpannassa, upapannassa, diṭṭhadhammasukhavihārissa는 모두 단수 속격으로, 뒤의 cittacetasikā dhammā를 수식한다.	samāpannassa는 무색계 선정을 증득한 사람을, upapannassa는 무색계에 태어난 존재를, diṭṭhadhammasukhavihārissa는 아라한으로서 현법수락주를 누리는 자를 가리킨다.		
83	vri:romn:abh02m.mul:68dc89995661	romn/abh02m.mul.xml	62b6ebb09aaddd39a03cb83911f7d2c08cd6209b2ef318648fb1bdcb47a1f9c5	mula	prose	long	hard	abhidhamma_definition	abhidhamma	Abhidhammapiṭake	succeeded	True	False	280. Katame dhammā akusalā? Yasmiṃ samaye akusalaṃ cittaṃ uppannaṃ hoti somanassasahagataṃ diṭṭhigatasampayuttaṃ sasaṅkhārena…pe… somanassasahagataṃ diṭṭhigatavippayuttaṃ rūpārammaṇaṃ vā…pe… somanassasahagataṃ diṭṭhigatavippayuttaṃ sasaṅkhārena rūpārammaṇaṃ vā saddārammaṇaṃ vā gandhārammaṇaṃ vā rasārammaṇaṃ vā phoṭṭhabbārammaṇaṃ vā dhammārammaṇaṃ vā yaṃ yaṃ vā panārabbha, tasmiṃ samaye avijjāpaccayā saṅkhāro, saṅkhārapaccayā viññāṇaṃ, viññāṇapaccayā nāmaṃ, nāmapaccayā chaṭṭhāyatanaṃ, chaṭṭhāyatanapaccayā phasso, phassapaccayā vedanā, vedanāpaccayā taṇhā, taṇhāpaccayā adhimokkho, adhimokkhapaccayā bhavo, bhavapaccayā jāti, jātipaccayā jarāmaraṇaṃ. Evametassa kevalassa dukkhakkhandhassa samudayo hoti.	어떤 법들이 해로운가? 어느 때에 기쁨이 함께하고 사견과 결합하고 자극이 있는 해로운 마음이 일어난다. …(생략)… 기쁨이 함께하고 사견과 결합하지 않고 형상을 대상으로 하거나 …(생략)… 기쁨이 함께하고 사견과 결합하지 않고 자극이 있는, 형상을 대상으로 하거나 소리를 대상으로 하거나 냄새를 대상으로 하거나 맛을 대상으로 하거나 감촉을 대상으로 하거나 법을 대상으로 하거나 혹은 그 어떤 것을 반연하여, 그 때에 무명을 조건으로 의도적 행위가, 의도적 행위를 조건으로 알음알이가, 알음알이를 조건으로 정신이, 정신을 조건으로 여섯 번째 감각장소가, 여섯 번째 감각장소를 조건으로 감각접촉이, 감각접촉을 조건으로 느낌이, 느낌을 조건으로 갈애가, 갈애를 조건으로 확신이, 확신을 조건으로 존재가, 존재를 조건으로 태어남이, 태어남을 조건으로 늙음·죽음이 있다. 이와 같이 이 전체 괴로움의 무더기가 일어난다.	어떤 법들이 해로운가? 어느 때에 기쁨이 함께하고 사견과 결합하고 자극이 있는 해로운 마음이 일어난다. …(생략)… 기쁨이 함께하고 사견과 결합하지 않고 형상을 대상으로 하거나 …(생략)… 기쁨이 함께하고 사견과 결합하지 않고 자극이 있는, 형상을 대상으로 하거나 소리를 대상으로 하거나 냄새를 대상으로 하거나 맛을 대상으로 하거나 감촉을 대상으로 하거나 법을 대상으로 하거나 혹은 그 어떤 것을 반연하여 일어날 때, 그 때에 무명을 조건으로 의도적 행위가, 의도적 행위를 조건으로 알음알이가, 알음알이를 조건으로 정신이, 정신을 조건으로 여섯 번째 감각장소가, 여섯 번째 감각장소를 조건으로 감각접촉이, 감각접촉을 조건으로 느낌이, 느낌을 조건으로 갈애가, 갈애를 조건으로 확신이, 확신을 조건으로 존재가, 존재를 조건으로 태어남이, 태어남을 조건으로 늙음·죽음이 있다. 이와 같이 이 전체 괴로움의 무더기가 일어난다.	gloss: prompted; ko: 자극이 있는; note: 아비담마에서 외부의 권유나 스스로의 의도적 자극에 의해 일어나는 마음(유행)을 의미한다.; pali: sasaṅkhāra | gloss: mentality; ko: 정신; note: 찰나연기에서는 물질(rūpa)을 제외한 정신적 요소만을 다루므로 명색(nāmarūpa) 대신 명(nāma)만 쓰였다.; pali: nāma | gloss: sixth sense base; ko: 여섯 번째 감각장소; note: 마노의 감각장소(manāyatana)를 가리키며, 단일 마음 찰나에서는 여섯 감각장소(saḷāyatana) 전체가 아닌 이것만이 조건이 된다.; pali: chaṭṭhāyatana | gloss: decision / resolution; ko: 확신; note: 찰나연기에서는 취착(upādāna) 대신 대상을 확고히 거머쥐는 정신적 요소인 확신(승해)이 조건으로 제시된다.; pali: adhimokkha	yaṃ yaṃ vā panārabbha는 '혹은 그 어떤 것을 반연하여(대상으로 하여)'라는 의미로, 앞서 나열된 여섯 가지 감각 대상 외의 대상을 포괄하는 표현이다.	이 단락은 아비담마의 찰나연기(khaṇika-paṭiccasamuppāda)를 설명하는 대목으로, 단일 마음 순간에 일어나는 연기의 고리를 다룬다. | 일반적인 경장의 12연기와 달리, 명색 대신 정신(nāma), 여섯 감각장소 대신 여섯 번째 감각장소(chaṭṭhāyatana), 취착 대신 확신(adhimokkha)이 조건으로 제시되는 것이 특징이다.		
84	vri:romn:abh02m.mul:9fe95e88c198	romn/abh02m.mul.xml	87059c77a638f9db4d3fc93dfc1448744cf5e3904882cbbee922cb0fe4394085	mula	prose	medium	hard	abhidhamma_definition	abhidhamma	Abhidhammapiṭake	succeeded	True	False	(Kha) tattha katamaṃ anottappaṃ? Yaṃ na ottappati ottappitabbena na ottappati pāpakānaṃ akusalānaṃ dhammānaṃ samāpattiyā – idaṃ vuccati ‘‘anottappaṃ’’.	(나) 거기서 무엇이 두려움 없음인가? 두려워해야 할 것에 대해 두려워하지 않는 것, 악하고 해로운 법들을 갖추는 것에 대해 두려워하지 않는 것 — 이것을 일러 '두려움 없음'이라 한다.	(나) 거기서 무엇이 두려움 없음(무괴)인가? 두려워해야 할 것에 대해 두려워하지 않는 것, 악하고 해로운 법들을 저지르는 것에 대해 두려워하지 않는 것, 이것을 일러 '두려움 없음'이라 한다.	gloss: recklessness, absence of fear of wrongdoing; ko: 두려움 없음; note: 악행의 결과에 대한 두려움이 없는 상태를 의미한다.; pali: anottappa | gloss: to fear, to be afraid of; ko: 두려워하다; note: 악행을 저지르는 것에 대해 두려워하는 것을 의미한다.; pali: ottappati | gloss: attainment, engaging in; ko: 갖춤; note: 일반적으로 '성취'를 뜻하나, 여기서는 악하고 해로운 법들을 '범하는 것'이나 '저지르는 것'의 의미로 쓰였다.; pali: samāpatti	ottappitabbena는 의무수동분사 ottappitabba의 국격(도구격)으로, '두려워해야 할 것에 대해'라는 의미를 나타낸다. | samāpattiyā는 여성명사 samāpatti의 처격 또는 여격/국격 형태로, 여기서는 '~에 대해'라는 의미로 쓰였다.	anottappa(두려움 없음, 무괴)는 악행의 결과에 대한 두려움이 없는 상태를 뜻하며, ahirika(양심 없음, 무참)와 함께 해로운 마음을 일으키는 보편적인 심리현상이다.		
85	vri:romn:abh01m.mul:9ec9e0ef899d	romn/abh01m.mul.xml	240fd287c3efc24c311155d75e17790fc215673f773269156fa3c5bf5b78bf25	mula	prose	medium	hard	abhidhamma_definition	abhidhamma	Abhidhammapiṭake	succeeded	True	False	1321. Tattha katamā vibhavadiṭṭhi? Na bhavissati attā ca loko cāti, yā evarūpā diṭṭhi diṭṭhigataṃ…pe… vipariyāsaggāho – ayaṃ vuccati vibhavadiṭṭhi.	1321. 거기서 무엇이 존재하지 않는다는 견해인가? '자아도 세상도 존재하지 않을 것이다'라고 하는, 이러한 종류의 견해, 견해에 빠짐 …(생략)… 뒤바뀐 취함, 이것을 일러 존재하지 않는다는 견해라 한다.	1321. 여기서 무엇이 단멸견(존재하지 않는다는 견해)인가? '자아도 세상도 존재하지 않을 것이다'라고 하는, 이러한 종류의 견해, 견해에 빠짐 …(생략)… 뒤바뀐 취함, 이것을 일러 단멸견이라 한다.	gloss: annihilation view; ko: 단멸견; note: vibhava(비존재, 단멸)와 diṭṭhi(견해)의 복합어이다.; pali: vibhavadiṭṭhi | gloss: perverted grasp; ko: 뒤바뀐 취함; note: vipariyāsa(뒤바뀜, 전도)와 gāha(취함)의 복합어이다.; pali: vipariyāsaggāho	cāti는 접속사 ca와 인용을 나타내는 불변화사 iti의 연음이다. | pe는 peyyāla의 약어로, 정형구의 중간 생략을 나타낸다.	vibhavadiṭṭhi(단멸견)는 사후에 자아나 세상이 완전히 소멸하여 아무것도 남지 않는다는 잘못된 견해로, 단견(ucchedadiṭṭhi)과 같은 의미로 쓰인다.		
86	vri:romn:abh01m.mul:67155b053dfb	romn/abh01m.mul.xml	2c53505dd8867cc98b3bcca46e2cce686e87eb429d813657557da2e82de735e8	mula	prose	medium	hard	abhidhamma_definition	abhidhamma	Abhidhammapiṭake	succeeded	True	False	1055. Katame dhammā ajjhattabahiddhārammaṇā? Ajjhattabahiddhā dhamme ārabbha ye uppajjanti cittacetasikā dhammā – ime dhammā ajjhattabahiddhārammaṇā.	어떤 법들이 안팎을 대상으로 하는가? 안팎의 법들을 대상으로 하여 일어나는 마음과 마음부수 법들, 이 법들이 안팎을 대상으로 하는 법들이다.	어떤 법들이 안팎을 대상으로 하는 법들인가? 안팎의 법들을 대상으로 하여 일어나는 마음과 마음부수 법들, 이 법들이 안팎을 대상으로 하는 법들이다.	gloss: having internal and external objects; ko: 안팎을 대상으로 하는; note: ajjhatta(안)와 bahiddhā(밖)를 대상(ārammaṇa)으로 취한다는 의미의 복합어이다.; pali: ajjhattabahiddhārammaṇa | gloss: taking as object, referring to; ko: 대상으로 하여; note: 아비담마 문맥에서 대상을 반연하여 일어난다는 의미로 쓰이는 절대분사이다.; pali: ārabbha | gloss: states of consciousness and mental factors; ko: 마음과 마음부수 법들; note: citta(마음)와 cetasika(마음부수)를 함께 묶어 지칭하는 아비담마의 핵심 용어이다.; pali: cittacetasikā dhammā	ārabbha는 절대분사(gerund)로, 아비담마 문맥에서는 대상을 '반연하여' 또는 '대상으로 하여'라는 의미로 자주 쓰인다. | ajjhattabahiddhārammaṇā는 '안팎을 대상으로 하는'이라는 의미의 소유복합어(bahubbīhi)이다.	마음과 마음부수(citta-cetasika)가 내적인 대상과 외적인 대상을 모두 취할 때 이를 안팎을 대상으로 하는 법이라고 분류한다.		
87	vri:romn:abh01m.mul:e451dddb7efc	romn/abh01m.mul.xml	fd42bf03bed2aa6c35a16eb272de9c47fd0b485f6157d3b6cacfc72e401801e3	mula	prose	short	hard	abhidhamma_definition	abhidhamma	Abhidhammapiṭake	succeeded	True	False	673. Katamaṃ taṃ rūpaṃ bāhiraṃ? Rūpāyatanaṃ…pe… kabaḷīkāro āhāro – idaṃ taṃ rūpaṃ bāhiraṃ.	673. 어떤 것이 그 외부의 물질인가? 형색의 감각장소 …(생략)… 덩어리진 음식 — 이것이 그 외부의 물질이다.	673. 어떤 것이 외부의 물질인가? 형색의 감각장소 …(생략)… 덩어리진 음식 — 이것이 외부의 물질이다.	gloss: matter, form; ko: 물질; note: 아비담마 문맥에서 정신(nāma)과 대비되는 물질적 현상을 의미한다.; pali: rūpa | gloss: external; ko: 외부의; note: 자신에게 속한 내부의 물질(ajjhattika rūpa)과 대비되는 외부의 물질을 가리킨다.; pali: bāhira | gloss: visible form base; ko: 형색의 감각장소; note: 시각의 대상이 되는 물질적 형색을 의미한다.; pali: rūpāyatana | gloss: edible food; ko: 덩어리진 음식; note: 물리적으로 섭취하는 물질적인 음식을 가리킨다.; pali: kabaḷīkāra āhāra	Katamaṃ taṃ rūpaṃ bāhiraṃ은 모두 중성 단수 주격으로 성, 수, 격이 일치한다. | kabaḷīkāro āhāro는 남성 단수 주격으로, 앞서 나열된 중성 명사들과 성이 다르지만 동일한 나열 구조에 포함되어 있다.	외부의 물질(bāhira rūpa)은 내부의 물질(ajjhattika rūpa)인 5근(눈, 귀, 코, 혀, 몸)을 제외한 나머지 물질들을 의미한다. | 형색의 감각장소(rūpāyatana)부터 덩어리진 음식(kabaḷīkāra āhāra)까지 나열된 항목들은 모두 외부의 물질에 속한다.		
88	vri:romn:abh03a.att:4d669630764a	romn/abh03a.att.xml	bd1a3700eb3fadf963c15e62e8230426c7f6e0e947ccd22e37094afa14f4d4c6	atthakatha	prose	long	hard	abhidhamma_definition	abhidhamma	Abhidhammapiṭake	succeeded	True	False	45. Dukaniddese kodhanoti kujjhanasīlo mahākodho. Evaṃ puggalaṃ pucchitvāpi dhammena puggalaṃ dassetuṃ tattha katamo kodhotiādimāha. Upanāhīniddesādīsupi eseva nayo. Kodho kujjhanātiādīni heṭṭhā vuttatthāneva. Tathā upanāhīniddesādīsu pubbakālaṃ kodhotiādīni. Ayaṃ kodho appahīnoti ayaṃ ettako kodho vikkhambhanappahānena vā tadaṅgappahānena vā samucchedappahānena vā appahīno. Parato upanāhādīsupi eseva nayo.	둘의 설명에서 '성내는 자'란 성내는 성질을 가진 자, 큰 분노를 가진 자이다. 이와 같이 사람을 묻고 나서도 법으로 사람을 보여주기 위해 '거기서 어떤 것이 분노인가' 등을 말했다. 원한 품는 자의 설명 등에서도 이와 같은 방법이다. '분노, 성냄' 등은 이전에 설해진 의미들이다. 그와 같이 원한 품는 자의 설명 등에서 '이전 시간의 분노' 등도 (마찬가지이다). '이 분노가 버려지지 않았다'란 이 이만큼의 분노가 억압에 의한 버림으로나 그 부분에 의한 버림으로나 근절에 의한 버림으로 버려지지 않은 것이다. 뒤의 원한 등에서도 이와 같은 방법이다.	둘의 설명에서 '성내는 자'란 성내는 성질을 가진 자, 큰 분노를 가진 자를 말한다. 이와 같이 사람에 대해 묻고 나서도 법(현상)을 통해 사람을 보여주기 위해 '거기서 어떤 것이 분노인가' 등을 설한 것이다. 원한 품는 자의 설명 등에서도 이와 같은 방법이 적용된다. '분노, 성냄' 등은 이전에 설해진 의미와 같다. 그와 같이 원한 품는 자의 설명 등에서 '이전 시간의 분노' 등도 마찬가지이다. '이 분노가 버려지지 않았다'란 이만큼의 분노가 억압에 의한 버림으로나 그 부분에 의한 버림으로나 근절에 의한 버림으로 버려지지 않은 것을 뜻한다. 뒤에 나오는 원한 등에서도 이와 같은 방법이 적용된다.	gloss: person; ko: 사람; note: 아비담마에서 개념적으로 시설된 개인을 가리킨다.; pali: puggala | gloss: phenomenon; ko: 법; note: 여기서는 사람을 규정하는 구체적인 심리 현상(분노 등)을 가리킨다.; pali: dhamma | gloss: abandoning by suppression; ko: 억압에 의한 버림; note: 선정 수행 등을 통해 번뇌를 억눌러 버리는 것을 뜻한다.; pali: vikkhambhanappahāna | gloss: abandoning by substitution of opposites; ko: 그 부분에 의한 버림; note: 통찰을 통해 특정 번뇌를 일시적으로 대치하여 버리는 것을 뜻한다.; pali: tadaṅgappahāna | gloss: abandoning by cutting off; ko: 근절에 의한 버림; note: 출세간의 도를 통해 번뇌를 완전히 뿌리 뽑는 것을 뜻한다.; pali: samucchedappahāna	dhammena puggalaṃ dassetuṃ에서 dhammena는 도구격으로, 사람(puggala)을 설명하기 위해 그 근저에 있는 법(dhamma, 심리 현상)을 수단으로 삼음을 나타낸다. | vuttatthāneva는 vutta-atthāni eva의 연음으로, '설해진 의미들이다'로 해석된다.	아비담마의 인시설론(Puggalapaññatti) 주석서로, 사람(puggala)이라는 개념적 존재를 설명할 때 궁극적 실재인 법(dhamma)을 통해 규명하는 방식을 보여준다. | 번뇌를 버리는 세 가지 방식인 억압에 의한 버림(vikkhambhana-pahāna), 그 부분에 의한 버림(tadaṅga-pahāna), 근절에 의한 버림(samuccheda-pahāna)이 명확히 제시되어 있다.		
89	vri:romn:abh02m.mul:6a9bbbfeda7b	romn/abh02m.mul.xml	060fcd297df80b17a61c6d5cc60647dff66302928ccf634abf6a8ac79852953b	mula	prose	medium	hard	abhidhamma_definition	abhidhamma	Abhidhammapiṭake	succeeded	True	False	Tattha katamāni pañca nīvaraṇāni? Kāmacchandanīvaraṇaṃ, byāpādanīvaraṇaṃ, thinamiddhanīvaraṇaṃ, uddhaccakukkuccanīvaraṇaṃ, vicikicchānīvaraṇaṃ – imāni pañca nīvaraṇāni.	거기서 무엇이 다섯 가지 덮개들인가? 감각적 욕망이라는 덮개, 악의라는 덮개, 해태와 혼침이라는 덮개, 들뜸과 후회라는 덮개, 의심이라는 덮개이다. 이것들이 다섯 가지 덮개들이다.	거기서 무엇이 다섯 가지 덮개인가? 감각적 욕망이라는 덮개, 악의라는 덮개, 해태와 혼침이라는 덮개, 들뜸과 후회라는 덮개, 의심이라는 덮개이다. 이것들이 다섯 가지 덮개이다.	gloss: hindrance; ko: 덮개; note: 마음을 덮어 선법을 방해하는 번뇌를 뜻한다.; pali: nīvaraṇa | gloss: sensual desire; ko: 감각적 욕망; note: 다섯 가지 감각적 쾌락에 대한 욕망을 뜻한다.; pali: kāmacchanda | gloss: ill will; ko: 악의; note: 성냄이나 적의를 뜻한다.; pali: byāpāda | gloss: sloth and torpor; ko: 해태와 혼침; note: 마음과 마음부수들의 무기력하고 침체된 상태를 뜻한다.; pali: thinamiddha | gloss: restlessness and remorse; ko: 들뜸과 후회; note: 마음이 산란한 상태와 과거의 잘못을 뉘우치며 불안해하는 상태를 뜻한다.; pali: uddhaccakukkucca	Kāmacchandanīvaraṇaṃ 등은 동격(appositional) 복합어로, '감각적 욕망이라는 덮개'와 같이 해석된다.	다섯 가지 덮개(pañca nīvaraṇāni)는 마음을 덮어 통찰지를 약화시키고 선법의 일어남을 방해하는 대표적인 장애물들이다.		
90	vri:romn:abh01m.mul:1aa169b5c917	romn/abh01m.mul.xml	b3150b8ee9321bcd0e3d6983ca40919d1af3bf30fe519f4fa855c903ffc648bc	mula	prose	medium	hard	abhidhamma_definition	abhidhamma	Abhidhammapiṭake	succeeded	True	False	1537. Katame dhammā cittasahabhuno? Vedanākkhandho, saññākkhandho, saṅkhārakkhandho, kāyaviññatti, vacīviññatti – ime dhammā cittasahabhuno.	어떤 법들이 마음과 함께 생기는가? 느낌의 무더기, 인식의 무더기, 심리현상들의 무더기, 몸의 암시, 말의 암시 - 이 법들이 마음과 함께 생기는 것이다.	어떤 법들이 마음과 함께 생기는가? 느낌의 무더기, 인식의 무더기, 심리현상들의 무더기, 몸의 암시, 말의 암시이다. 이 법들이 마음과 함께 생기는 것이다.	gloss: arising together with mind; ko: 마음과 함께 생기는; note: citta(마음)와 saha(함께), bhu(생기는)의 복합어이다.; pali: cittasahabhu | gloss: aggregate of mental formations; ko: 심리현상들의 무더기; note: 오온 문맥이므로 심리현상들로 번역하였다.; pali: saṅkhārakkhandha | gloss: bodily intimation; ko: 몸의 암시; note: 몸을 통해 의도를 드러내는 물질적 현상(신표업)을 의미한다.; pali: kāyaviññatti | gloss: vocal intimation; ko: 말의 암시; note: 말을 통해 의도를 드러내는 물질적 현상(어표업)을 의미한다.; pali: vacīviññatti	cittasahabhuno는 citta(마음) + saha(함께) + bhu(생기는)의 복합어로, dhammā를 수식하는 주격 복수형이다.	마음과 함께 생기는 법(cittasahabhu dhammā)에는 마음과 동시발생하는 정신적 요소들(수, 상, 행의 무더기)뿐만 아니라, 마음에서 파생되어 의도를 드러내는 물질적 암시(신표, 어표)도 포함된다.		
91	vri:romn:s0401t.tik:a765b2b09bc0	romn/s0401t.tik.xml	f8ebe3d8f51ebabcd8dbacd7e8575562f1ff13c1bee929dd4cf1e0037fa97194	tika	prose	long	hard	commentarial_discussion	sutta	Aṅguttaranikāye	succeeded	True	False	Sabhāvapakatikāti sabhāvabhūtā akittimā pakati. Kāraṇamahantattāti kāraṇānaṃ mahantatāya, mahantehi buddhakaradhammehi pāramisaṅkhātehi kāraṇehi buddhaguṇānaṃ nibbattitoti vuttaṃ hoti. Pathavīādīni mahantāni vatthūni, mahantā cakkavāḷādayo attano attano visaye ekekāva, evaṃ sammāsambuddhopi mahanto attano visaye eko eva. Ko ca tassa visayo? Buddhabhūmi, yāvatakaṃ vā ñeyyaṃ. ‘‘Ākāso viya anantavisayo bhagavā eko eva hotī’’ti vadanto paracakkavāḷesupi dutiyassa buddhassa abhāvaṃ dasseti.	'Sabhāvapakatikā(고유한 본성인)'라는 것은 고유한 성질이 된, 인위적이지 않은 본성이다. 'Kāraṇamahantattā(원인이 크기 때문에)'라는 것은 원인들의 큼에 의해서이니, 바라밀이라 불리는 원인들인 위대한 부처를 만드는 법들에 의해 부처의 공덕들이 생겨나기 때문이라고 설해진 것이다. 땅 등의 거대한 대상들과 거대한 우주 등은 각자 자신의 영역에서 각각 하나뿐이듯이, 이와 같이 정등각자도 위대하여 자신의 영역에서 오직 한 분뿐이다. 그러면 무엇이 그의 영역인가? 부처의 경지이거나, 혹은 알아야 할 것의 범위만큼이다. '허공처럼 무한한 영역을 가진 세존은 오직 한 분뿐이시다'라고 말하면서, 다른 우주들에서도 두 번째 부처가 존재하지 않음을 보여준다.	'고유한 본성인(sabhāvapakatikā)'이라는 것은 고유한 성질이 된, 인위적이지 않은 본성을 뜻한다. '원인이 크기 때문에(kāraṇamahantattā)'라는 것은 원인들이 크기 때문이니, 바라밀이라 불리는 원인들인 위대한 부처를 만드는 법(buddhakaradhamma)들에 의해 부처의 공덕들이 생겨나기 때문이라고 설한 것이다. 땅 등의 거대한 대상들과 거대한 우주(cakkavāḷa) 등은 각자 자신의 영역에서 각각 하나뿐이듯이, 이와 같이 바르게 깨달으신 분(정등각자)도 위대하시어 자신의 영역에서 오직 한 분뿐이시다. 그러면 무엇이 그분의 영역인가? 부처의 경지(buddhabhūmi)이거나, 혹은 알아야 할 것(ñeyya)의 범위 전체이다. '허공처럼 무한한 영역을 가지신 세존은 오직 한 분뿐이시다'라고 말하면서, 다른 우주들에서도 두 번째 부처가 존재하지 않음을 보여준다.	gloss: having a natural state; ko: 고유한 본성인; note: 인위적이지 않은 본연의 성질을 의미한다.; pali: sabhāvapakatikā | gloss: Buddha-making qualities; ko: 부처를 만드는 법; note: 부처가 되기 위해 성취해야 하는 자질을 가리킨다.; pali: buddhakaradhamma | gloss: world-system; ko: 우주; note: 하나의 세계 체계 또는 우주를 의미한다.; pali: cakkavāḷa | gloss: the knowable; ko: 알아야 할 것; note: 부처님의 지혜로 알 수 있는 모든 대상의 범위를 뜻한다.; pali: ñeyya | gloss: Buddha-ground; ko: 부처의 경지; note: 부처님이 도달한 영역이나 상태를 가리킨다.; pali: buddhabhūmi	Sabhāvapakatikāti와 Kāraṇamahantattāti는 주석서의 원문을 인용하여(iti) 그 의미를 해설하는 구조이다. | vadanto는 현재분사로, 주석서의 저자가 이렇게 '말하면서'라는 의미를 나타낸다.	buddhakaradhamma(부처를 만드는 법)는 보살이 부처가 되기 위해 닦아야 하는 십바라밀(pāramī)을 가리킨다. | 부처님의 영역이 무한하며 모든 알아야 할 것(ñeyya)을 포괄하기 때문에, 한 우주 체계뿐만 아니라 다른 우주들(paracakkavāḷa)을 통틀어서도 동시에 두 명의 부처님이 존재할 수 없음을 설명하고 있다.		
92	vri:romn:vin02a2.att:bfbd7f00efd4	romn/vin02a2.att.xml	fb91446dc94bc2a1e3517bda44a9aee6b9b38c0c7c6e13eb961073f82f76d7c5	atthakatha	prose	long	hard	commentarial_discussion	vinaya	Vinayapiṭake	succeeded	True	False	294. Paṭiccakammanti attānaṃ paṭicca katanti attho. Atha vā paṭiccakammanti nimittakammassetaṃ adhivacanaṃ, taṃ paṭiccakammaṃ ettha atthīti maṃsampi paṭiccakammanti vuttaṃ. Yo hi evarūpaṃ maṃsaṃ paribhuñjati, sopi tassa kammassa dāyādo hoti, vadhakassa viya tassāpi pāṇaghātakammaṃ hotīti adhippāyo. Jiridantiti jiranti abbhācikkhantā na jiranti, abbhakkhānassa antaṃ na gacchantīti attho. Tikoṭiparisuddhakathā saṅghabhedasikkhāpadavaṇṇanāyaṃ vuttā.	'paṭiccakamma(연유하여 지은 업)'라는 것은 자신을 연유하여 지은 것이라는 뜻이다. 혹은 'paṭiccakamma'라는 것은 nimittakamma(지정하여 지은 업)의 동의어이다. 그 paṭiccakamma가 여기에 있기 때문에 고기도 'paṭiccakamma'라고 불린다. 참으로 이와 같은 고기를 먹는 자는 그도 그 업의 상속자가 되며, 도살자와 같이 그에게도 살생의 업이 된다는 의도이다. 'Jiridanti'라는 것은, 비방하는 자들은 소멸하지 않는다(na jiranti), 비방의 끝에 도달하지 않는다는 뜻이다. 세 가지 측면에서 청정한 것(삼종청정육)에 대한 이야기는 승가분열 학습계목의 주석에서 설해졌다.	'연유하여 지은 업(paṭiccakamma)'이라는 것은 자신을 연유하여 지은 것이라는 뜻이다. 혹은 '연유하여 지은 업'이라는 것은 '지정하여 지은 업(nimittakamma)'의 동의어이다. 그 연유하여 지은 업이 여기에 있기 때문에 고기도 '연유하여 지은 업'이라고 불린다. 참으로 이와 같은 고기를 먹는 자는 그도 그 업의 상속자가 되며, 도살자와 같이 그에게도 살생의 업이 된다는 의도이다. '소멸한다(jiridanti)'라는 것은, 비방하는 자들은 소멸하지 않는다, 즉 비방의 끝에 도달하지 않는다는 뜻이다. 세 가지 측면에서 청정한 고기(삼종청정육)에 대한 이야기는 승가분열 학습계목의 주석에서 설해졌다.	gloss: action done on account of; ko: 연유하여 지은 업; note: 자신을 위해 도살된 고기를 먹는 것과 관련된 업을 의미한다.; pali: paṭiccakamma | gloss: action done by specification; ko: 지정하여 지은 업; note: 특정인을 지정하여 도살하는 업을 의미한다.; pali: nimittakamma | gloss: pure in three aspects; ko: 세 가지 측면에서 청정한 것; note: 보지 않고, 듣지 않고, 의심하지 않은 삼종청정육을 가리킨다.; pali: tikoṭiparisuddha | gloss: slander; ko: 비방; note: 근거 없이 남을 헐뜯는 행위를 의미한다.; pali: abbhakkhāna	nimittakammassetaṃ은 nimittakammassa와 etaṃ의 연음이다. | Jiridantiti는 Jiridanti와 iti의 결합으로, 인용을 나타낸다.	이 단락은 자신을 위해 죽인 고기를 먹는 것이 왜 살생의 업을 상속받는 것과 같은지 설명하며, 삼종청정육(tikoṭiparisuddha)의 중요성을 강조한다.	Jiridanti의 정확한 어원과 형태가 불확실하나, 문맥상 jīranti(소멸한다)와 관련하여 비방하는 자들의 비방이 끝나지 않음을 설명하는 것으로 해석했다.	grammar_uncertain
93	vri:romn:s0519a.att:926904b81bfc	romn/s0519a.att.xml	141133de42b1103ce2dcecaf9c6e26182ff64867641b22e6a022cf6cf8fca43e	atthakatha	prose	long	hard	commentarial_discussion	sutta	Khuddakanikāye	succeeded	True	False	Cetovimuttiyāti cetoti cittaṃ, tadapadesena cettha samādhi vuccati ‘‘yathā cittaṃ paññañca bhāvaya’’nti (saṃ. ni. 1.23). Paṭippassaddhivasena paṭipakkhato vimuccatīti vimutti, tena vā vimutto, tato vimuccananti vā vimutti, samādhiyeva. Yathā hi lokiyakathāyaṃ saññā cittañca desanāsīsaṃ. Yathāha – ‘‘nānattakāyā nānattasaññino’’ti (dī. ni. 3.332, 341, 357; a. ni. 7.44; 9.24) ‘‘kiṃ citto tvaṃ, bhikkhū’’ti (pārā. 135) ca, evaṃ lokuttarakathāyaṃ paññā samādhi ca. Yathāha – ‘‘pañcañāṇiko sammāsamādhī’’ti (vibha. 804) ca ‘‘samathavipassanaṃ yuganaddhaṃ bhāvetī’’ti ca. Tesu idha rāgassa ujuvipaccanīkato samathapubbaṅgamatāvacanato ca cetoggahaṇena samādhi vutto. Tathā vimuttivacanena. Tena vuttaṃ ‘‘samādhiyevā’’ti. Ceto ca taṃ vimutti cāti cetovimutti. Atha vā vuttappakārasseva cetaso paṭipakkhato vimutti vimokkhoti cetovimutti, cetasi vā phalaviññāṇe vuttappakārāva vimuttīti cetovimutti, cetaso vā phalaviññāṇassa paṭipakkhato vimutti vimokkho etasminti cetovimutti, samādhiyeva. Paññāvimuttiyāti etthāpi ayaṃ nayo yathāsambhavaṃ yojetabbo.	"'마음의 해탈(cetovimuttiyā)'에서 '마음(ceto)'이란 마음(citta)이다. 그리고 여기서는 그 명칭으로 삼매(samādhi)가 설해진다. ""마음과 통찰지를 닦으면서""라는 [말에서처럼]. 가라앉힘의 작용으로 반대되는 것으로부터 해탈한다고 해서 해탈(vimutti)이다. 혹은 그것에 의해 해탈한 것, 혹은 그것으로부터 해탈하는 것이라고 해서 해탈이다. [이것은] 삼매일 뿐이다. 왜냐하면 세간적인 가르침에서는 인식(saññā)과 마음(citta)이 설법의 우두머리이기 때문이다. ""다양한 몸, 다양한 인식을 가진 자들""이라고, 그리고 ""비구여, 너는 어떤 마음인가?""라고 설하신 것처럼. 이와 같이 출세간적인 가르침에서는 통찰지(paññā)와 삼매(samādhi)가 [설법의 우두머리이다]. ""다섯 가지 지혜를 갖춘 바른 삼매""라고, 그리고 ""사마타와 위빠사나를 쌍으로 닦는다""라고 설하신 것처럼. 그것들 중에서 여기서는 탐욕의 직접적인 반대이기 때문에, 그리고 사마타가 선행한다는 말씀 때문에 '마음(ceto)'을 취함으로써 삼매가 설해졌다. 이와 같이 '해탈(vimutti)'이라는 말씀으로도 [삼매가 설해졌다]. 그러므로 ""삼매일 뿐이다""라고 설해졌다. 마음이면서 그것은 해탈이므로 마음의 해탈(cetovimutti)이다. 혹은 설해진 방식의 마음의 반대되는 것으로부터의 해탈, 벗어남이므로 마음의 해탈이다. 혹은 과보의 알음알이(phalaviññāṇa)인 마음에 설해진 방식의 해탈이 있으므로 마음의 해탈이다. 혹은 과보의 알음알이인 마음의 반대되는 것으로부터의 해탈, 벗어남이 이것에 있으므로 마음의 해탈이다. [이것은] 삼매일 뿐이다. '통찰지를 통한 해탈(paññāvimuttiyā)'에서도 이 이치를 가능한 대로 적용해야 한다."	"'마음의 해탈(cetovimuttiyā)'에서 '마음(ceto)'이란 마음(citta)을 뜻한다. 그리고 여기서는 ""마음과 통찰지를 닦으면서""라는 구절에서처럼 그 명칭으로 삼매(samādhi)를 가리킨다. 가라앉힘의 작용을 통해 반대되는 것(번뇌)으로부터 벗어난다고 해서 해탈(vimutti)이라 한다. 혹은 그것에 의해 벗어난 것, 혹은 그것으로부터 벗어나는 것이라고 해서 해탈이라 한다. 이것은 삼매일 뿐이다. 왜냐하면 세간적인 가르침에서는 인식(saññā)과 마음(citta)이 설법의 핵심이기 때문이다. ""다양한 몸, 다양한 인식을 가진 자들""이라고 하신 말씀이나 ""비구여, 그대는 어떤 마음을 가졌는가?""라고 설하신 것처럼 말이다. 이와 같이 출세간적인 가르침에서는 통찰지(paññā)와 삼매(samādhi)가 설법의 핵심이다. ""다섯 가지 지혜를 갖춘 바른 삼매""라고 하신 말씀이나 ""사마타와 위빠사나를 쌍으로 닦는다""라고 설하신 것처럼 말이다. 그것들 중에서 여기서는 탐욕과 정반대되는 것이기 때문에, 그리고 사마타가 선행한다는 말씀에 근거하여 '마음(ceto)'이라는 단어로 삼매를 설한 것이다. '해탈(vimutti)'이라는 단어로도 마찬가지이다. 그러므로 ""삼매일 뿐이다""라고 한 것이다. 마음이면서 동시에 해탈이므로 마음의 해탈(cetovimutti)이다. 혹은 앞서 설한 방식의 마음과 반대되는 것(번뇌)으로부터 해탈하고 벗어나는 것이므로 마음의 해탈이다. 혹은 과보의 알음알이(phalaviññāṇa)인 마음에 앞서 설한 방식의 해탈이 있으므로 마음의 해탈이다. 혹은 과보의 알음알이인 마음과 반대되는 것으로부터 해탈하고 벗어남이 이것에 있으므로 마음의 해탈이다. 이것은 삼매일 뿐이다. '통찰지를 통한 해탈(paññāvimuttiyā)'이라는 말에서도 이와 같은 이치를 상황에 맞게 적용해야 한다."	gloss: deliverance of mind; ko: 마음의 해탈; note: 주석서의 어원 분석에 따라 마음이면서 해탈인 것, 마음의 번뇌로부터의 해탈 등으로 다양하게 풀이된다.; pali: cetovimutti | gloss: deliverance by wisdom; ko: 통찰지를 통한 해탈; note: 마음의 해탈과 짝을 이루어 출세간의 지혜를 나타낸다.; pali: paññāvimutti | gloss: heading of the teaching; ko: 설법의 우두머리; note: 가르침의 핵심 주제나 대표적인 항목을 의미한다.; pali: desanāsīsa | gloss: fruit-consciousness; ko: 과보의 알음알이; note: 출세간의 도(magga)에 뒤따르는 과(phala)의 마음을 가리킨다.; pali: phalaviññāṇa | gloss: tranquilization; ko: 가라앉힘; note: 번뇌나 장애가 진압되고 평온해진 상태를 뜻한다.; pali: paṭippassaddhi	Ceto ca taṃ vimutti cāti cetovimutti는 동격 한정복합어(Kammadhāraya)로 분석한 것이며, cetaso paṭipakkhato vimutti는 속격 한정복합어(Tappurisa)로 분석한 주석서 특유의 어원 풀이 방식이다. | cetasi vā phalaviññāṇe... etasminti cetovimutti는 처격(locative)을 사용하여 소유복합어(Bahubbīhi)의 형태로 단어의 의미를 확장하여 설명하는 구문이다.	이 주석은 출세간의 문맥에서 '마음의 해탈(cetovimutti)'이 곧 '삼매(samādhi)'를 의미하며, 탐욕(rāga)을 직접적으로 대치하는 사마타의 요소임을 명확히 밝히고 있다. | 세간적 가르침에서는 인식(saññā)과 마음(citta)이 중심이 되지만, 출세간적 가르침에서는 통찰지(paññā)와 삼매(samādhi)가 중심이 된다는 교리적 대비를 보여준다.		
94	vri:romn:s0509a.att:038f86a9ee32	romn/s0509a.att.xml	5453774d9a1ca4cd3741f6e4c372fc34beb5a8c65c943e17719de2df0e41c7ca	atthakatha	prose	long	hard	commentarial_discussion	sutta	Khuddakanikāye	succeeded	True	False	Tattha chandajātāti aggaphalatthaṃ jātacchandā. Avasāyīti avasāyo vuccati avasānaṃ niṭṭhānaṃ, tampi kāmesu appaṭibaddhacittatāya ‘‘uddhaṃsotā’’ti vakkhamānattā samaṇakiccassa niṭṭhānaṃ veditabbaṃ, na yassa kassaci, tasmā padadvayenāpi appattamānasā anuttaraṃ yogakkhemaṃ patthayamānāti ayamattho vutto hoti. Manasā ca phuṭā siyāti heṭṭhimehi tīhi maggacittehi nibbānaṃ phuṭā phusitā bhaveyya. Kāmesu appaṭibaddhacittāti anāgāmimaggavasena kāmesu na paṭibaddhacittā. Uddhaṃsotāti uddhameva maggasoto saṃsārasoto ca etissāti uddhaṃsotā. Anāgāmino hi yathā aggamaggo uppajjati, na añño, evaṃ avihādīsu uppannassa yāva akaniṭṭhā uddhameva uppatti hotīti.	거기서 '열의가 생긴 자(chandajātā)'라는 것은 최상의 과를 위해 열의가 생긴 자이다. '끝마친 자(avasāyī)'라는 것은, avasāya는 끝(avasāna), 마침(niṭṭhāna)을 말하는데, 그것도 감각적 욕망들에 얽매이지 않은 마음을 가졌기 때문에 '상류로 거슬러 올라가는 자(uddhaṃsotā)'라고 설해질 것이기 때문에, 사문의 의무의 마침으로 알아야 하며, 아무것의 (마침이) 아니다. 그러므로 이 두 단어로도 '(아직) 도달하지 못한 마음으로 위없는 안온을 바라는 자'라는 이 의미가 설해진 것이다. '그리고 마음으로 닿은 자가 되리라(manasā ca phuṭā siyā)'라는 것은 아래의 세 가지 도의 마음으로 열반에 닿은 자, 접촉한 자가 되는 것이다. '감각적 욕망들에 얽매이지 않은 마음(kāmesu appaṭibaddhacittā)'이라는 것은 불환도의 힘으로 감각적 욕망들에 얽매이지 않은 마음이다. '상류로 거슬러 올라가는 자(uddhaṃsotā)'라는 것은 위로만 이 여인의 도의 흐름과 윤회의 흐름이 (향하기) 때문에 상류로 거슬러 올라가는 자이다. 불환자는 참으로 최상의 도가 일어나는 것처럼, 다른 것이 아니라, 이와 같이 아비하천 등에 태어난 자에게 아까닛타천에 이르기까지 위로만 태어남이 있기 때문이다.	거기서 '열의가 생긴 자'라는 것은 최상의 과(아라한과)를 위해 열의가 생긴 자를 뜻한다. '끝마친 자'라는 것은, avasāya가 끝, 마침을 말하는데, 그것도 감각적 욕망들에 얽매이지 않은 마음을 가졌기 때문에 뒤에서 '상류로 거슬러 올라가는 자'라고 설해질 것이므로, 사문의 의무를 마친 것으로 알아야 하며, 아무것이나 마친 것이 아니다. 그러므로 이 두 단어로도 '(아직) 도달하지 못한 마음으로 위없는 안온을 바라는 자'라는 의미가 설해진 것이다. '그리고 마음으로 닿은 자가 되리라'라는 것은 아래의 세 가지 도의 마음으로 열반에 닿은 자, 접촉한 자가 되는 것이다. '감각적 욕망들에 얽매이지 않은 마음'이라는 것은 불환도의 힘으로 감각적 욕망들에 얽매이지 않은 마음이다. '상류로 거슬러 올라가는 자'라는 것은 이 여인의 도의 흐름과 윤회의 흐름이 위로만 향하기 때문에 상류로 거슬러 올라가는 자이다. 불환자는 참으로 최상의 도가 일어나는 것처럼, 다른 것이 아니라, 이와 같이 아비하천(무번천) 등에 태어난 자에게 아까닛타천(색구경천)에 이르기까지 위로만 태어남이 있기 때문이다.	gloss: one going upstream; ko: 상류로 거슬러 올라가는 자; note: 불환자가 정거천에서 점차 높은 하늘로 태어나는 것을 비유한 표현이다.; pali: uddhaṃsotā | gloss: non-returner; ko: 불환자; note: 세 번째 도과를 성취하여 욕계로 다시 돌아오지 않는 자.; pali: anāgāmin | gloss: Aviha heaven; ko: 아비하천; note: 정거천(Suddhāvāsa)의 다섯 하늘 중 가장 낮은 무번천(無煩天).; pali: avihā | gloss: Akaniṭṭha heaven; ko: 아까닛타천; note: 정거천의 다섯 하늘 중 가장 높은 색구경천(色究竟天).; pali: akaniṭṭhā	vakkhamānattā는 '설해질 것이기 때문에'라는 뜻의 미래 수동 분사 vakkhamāna의 탈격으로, 뒤에 나올 게송 구절을 미리 언급하며 이유를 나타낸다. | etissā는 지시대명사 eta의 여성 단수 속격으로, '이 여인의'라는 뜻이다.	아래의 세 가지 도의 마음(heṭṭhimehi tīhi maggacittehi)은 예류도, 일래도, 불환도의 마음을 가리킨다. | 불환자(anāgāmin)는 욕계에 다시 태어나지 않고 색계의 정거천(Suddhāvāsa)에 태어나며, 무번천(Avihā)에서 시작해 색구경천(Akaniṭṭhā)까지 위로만 거슬러 올라가며 태어난다.		
95	vri:romn:e0104n.att:d2c75f54ab7e	romn/e0104n.att.xml	6aff008fd57a084ee48473694d533e3079fd0b97eab8c37b5c352ee5310ef616	atthakatha	prose	long	hard	commentarial_discussion	extra	unknown	succeeded	True	False	653. Pubbantāharaṇatoti pubbantato atītakoṭṭhāsato paccuppannavipākassa āharaṇato. Vedanāvasānaṃ paricchinnaṃ ekaṃ bhavacakkaṃ hoti. Bhavacakkekadesopi hi bhavacakkanti vuccati. Vedanā vā taṇhāsahāyāya avijjāya paccayo hotīti vedanāto avijjā, avijjāto saṅkhārāti sambajjhanato vedanāvasānaṃ bhavacakkaṃ paripuṇṇamevāti daṭṭhabbaṃ. Avijjāggahaṇena vā taṇhupādānāni tadavinābhāvato. Saṅkhāraggahaṇena bhavo, viññāṇādiggahaṇena jātijarāmaraṇāni, sokādayo ca gahitāti evampi vedanāvasānaṃ bhavacakkanti yuttamevetaṃ. Evaṃ taṇhāmūlake ca yojetabbaṃ. Dvinnampi hi aññamaññānuppaveso hotīti. Avijjā dhammasabhāvaṃ paṭicchādetvā viparītābhinivesaṃ kārentī diṭṭhicarite saṃsāre nayati, tesaṃ vā saṃsāraṃ saṅkhārādipavattiṃ nayati pavattetīti saṃsāranāyikā vuttā. Taṇhāya taṇhācaritānaṃ saṃsāranāyikābhāve vattabbameva natthi.	653. '과거를 가져옴으로부터'라는 것은 과거로부터, 즉 과거의 부분으로부터 현재의 과보를 가져옴으로부터[이다]. 느낌으로 끝나는 것으로 한정된 하나의 존재의 수레바퀴가 있다. 참으로 존재의 수레바퀴의 한 부분도 '존재의 수레바퀴'라고 불리기 때문이다. 혹은 느낌이 갈애를 동반한 무명에 조건이 된다고 하여, 느낌으로부터 무명이, 무명으로부터 의도적 행위들이 연결되기 때문에 느낌으로 끝나는 존재의 수레바퀴는 참으로 원만하게 구족된 것이라고 보아야 한다. 혹은 무명을 취함에 의해 갈애와 취착들이 [취해진다], 그것과 분리되지 않기 때문이다. 의도적 행위들을 취함에 의해 존재가, 알음알이 등을 취함에 의해 태어남·늙음·죽음과 슬픔 등이 취해졌다고 하여, 이와 같이 느낌으로 끝나는 것이 '존재의 수레바퀴'라는 것은 참으로 이치에 맞다. 이와 같이 갈애를 뿌리로 하는 것에도 적용되어야 한다. 참으로 둘 다 서로에게 들어감이 있기 때문이다. 무명은 법의 고유한 성질을 덮어버리고 뒤바뀐 집착을 하게 하여 견해의 기질을 가진 자들을 윤회로 이끌거나, 혹은 그들의 윤회, 즉 의도적 행위 등의 진행을 이끌고 진행시키기 때문에 '윤회의 인도자'라고 불린다. 갈애가 갈애의 기질을 가진 자들에게 윤회의 인도자가 되는 상태에 대해서는 참으로 말할 것도 없다.	653. '과거를 가져옴으로부터'라는 것은 과거로부터, 즉 과거의 부분으로부터 현재의 과보를 가져오기 때문이다. 느낌으로 끝나는 것으로 한정된 하나의 존재의 수레바퀴(연기의 회전)가 있다. 참으로 존재의 수레바퀴의 한 부분도 '존재의 수레바퀴'라고 불리기 때문이다. 혹은 느낌이 갈애를 동반한 무명에 조건이 된다고 하여, 느낌에서 무명이, 무명에서 의도적 행위들이 연결되기 때문에 느낌으로 끝나는 존재의 수레바퀴는 참으로 완전한 것이라고 보아야 한다. 혹은 무명을 취함으로써 갈애와 취착들도 취해진다. 그것들과 분리될 수 없기 때문이다. 의도적 행위들을 취함으로써 존재가, 알음알이 등을 취함으로써 태어남·늙음·죽음과 슬픔 등이 취해졌다고 하여, 이와 같이 느낌으로 끝나는 것을 '존재의 수레바퀴'라고 하는 것은 참으로 이치에 맞다. 이와 같이 갈애를 뿌리로 하는 연기에도 적용해야 한다. 참으로 이 둘은 서로에게 스며들기 때문이다. 무명은 법의 고유한 성질을 덮어버리고 뒤바뀐 집착을 하게 하여 견해의 기질을 가진 자들을 윤회로 이끌거나, 혹은 그들의 윤회, 즉 의도적 행위 등의 진행을 이끌고 진행시키기 때문에 '윤회의 인도자'라고 불린다. 갈애가 갈애의 기질을 가진 자들에게 윤회의 인도자가 된다는 것에 대해서는 두말할 나위가 없다.	gloss: wheel of becoming; ko: 존재의 수레바퀴; note: 연기의 회전을 수레바퀴에 비유한 표현이다.; pali: bhavacakka | gloss: volitional formations; ko: 의도적 행위들; note: 12연기의 문맥이므로 의도적 행위들로 번역하였다.; pali: saṅkhāra | gloss: one of speculative temperament; ko: 견해의 기질을 가진 자; note: 무명에 의해 잘못된 견해에 빠지기 쉬운 성향을 가진 자를 가리킨다.; pali: diṭṭhicarita | gloss: one of craving temperament; ko: 갈애의 기질을 가진 자; note: 갈애에 의해 이끌리기 쉬운 성향을 가진 자를 가리킨다.; pali: taṇhācarita | gloss: leader of saṃsāra; ko: 윤회의 인도자; note: 중생을 윤회로 이끄는 주된 원인으로서의 무명과 갈애를 의인화하여 표현한 것이다.; pali: saṃsāranāyikā	tadavinābhāvato: '그것(tad)과 분리되지 않음(avinābhāva)으로부터(-to)'라는 의미로, 무명과 갈애·취착이 불가분의 관계임을 나타낸다. | aññamaññānuppaveso: aññamañña(서로)와 anuppavesa(들어감, 스며듦)의 복합어로, 무명을 뿌리로 하는 연기와 갈애를 뿌리로 하는 연기가 상호 침투함을 의미한다.	이 단락은 12연기를 설명할 때 무명을 뿌리로 하는 연기와 갈애를 뿌리로 하는 연기가 어떻게 서로 연결되고 상호 포함되는지를 주석적으로 해명하고 있다. | '느낌으로 끝나는 존재의 수레바퀴'는 과거의 원인(무명, 행)으로부터 현재의 과보(식, 명색, 육입, 촉, 수)까지 이르는 연기의 한 부분을 가리킨다.		
96	vri:romn:s0508m.mul:c8320f59eb8e	romn/s0508m.mul.xml	9139235a6bef1b4210b2f0cbf5600e4b2cd329926717321f6aa48ad383e9ca9d	mula	verse	medium	hard	source_text_anomaly_risk	sutta	Khuddakanikāye	succeeded	True	False	1272. ‘‘Pucchāmi satthāramanomapaññaṃ, diṭṭheva dhamme yo vicikicchānaṃ chettā; Aggāḷave kālamakāsi bhikkhu, ñāto yasassī abhinibbutatto.	나는 뛰어난 통찰지를 가진 스승께 묻습니다. (그분은) 지금 여기에서 의심들을 끊는 분이십니다. 악갈라와에서 한 비구가 죽었습니다. (그는) 잘 알려졌고 명성이 있으며 완전히 적멸한 자아를 가졌습니다.	뛰어난 통찰지를 지니셨고 지금 여기에서 의심들을 끊어주시는 스승께 여쭙습니다. 악갈라와에서 한 비구가 세상을 떠났습니다. 그는 잘 알려졌고 명성이 있으며 완전히 적멸에 이른 분이었습니다.	gloss: of supreme wisdom; ko: 뛰어난 통찰지를 가진; note: anoma(결함 없는, 뛰어난)와 paññā(통찰지)의 복합어이다.; pali: anomapañña | gloss: doubt; ko: 의심; note: 다섯 가지 장애(오개) 중 하나인 의심을 가리킨다.; pali: vicikicchā | gloss: having a completely calmed self; ko: 완전히 적멸한 자아를 가진; note: abhinibbuta(완전히 적멸한)와 atta(자아, 자신)의 복합어이다.; pali: abhinibbutatta	satthāramanomapaññaṃ은 satthāraṃ과 anomapaññaṃ의 연음으로, 둘 다 대격 단수이며 Pucchāmi의 목적어이다. | yo vicikicchānaṃ chettā에서 yo는 스승(부처님)을 가리키며, chettā는 행위자 명사(nomen agentis) 주격으로 쓰였다. | abhinibbutatto는 abhinibbuta(완전히 적멸한)와 atta(자아, 자신)의 복합어로, 비구를 수식하는 소유복합어(bahubbīhi)이다.	abhinibbutatta는 번뇌가 완전히 소멸하여 내면이 적멸에 이른 상태를 나타내며, 아라한의 경지를 묘사할 때 자주 쓰인다. | diṭṭheva dhamme(지금 여기에서)는 불교의 가르침이 사후가 아니라 현생에서 즉각적인 효과(의심의 단멸 등)를 가짐을 강조한다.		
97	vri:romn:s0510m1.mul:966609573130	romn/s0510m1.mul.xml	f8396baaa9be0bae64484dea8cfa04188a0c14bee7ed0d94365044e6c4808ad8	mula	verse	short	hard	source_text_anomaly_risk	sutta	Khuddakanikāye	succeeded	True	False	6. ‘‘Tato kaṭṭhaṃ gahetvāna, aggiṃ ujjālayī jino; Na tattha kaṭṭhaṃ pajjhāyi, pāṭiheraṃ mahesino.	그 후 장작을 취하고서, 승리자께서 불을 피우셨다. 거기서 장작이 타지 않았으니, 위대한 선인의 기적(이었다).	그 후 승리자께서 장작을 가져다 불을 피우셨다. 하지만 위대한 선인의 기적으로 인해 그 장작은 타지 않았다.	gloss: conqueror, victor; ko: 승리자; note: 번뇌를 이겨낸 부처님을 가리키는 호칭이다.; pali: jina | gloss: great sage; ko: 위대한 선인; note: 부처님을 가리키는 존칭이다.; pali: mahesi | gloss: miracle, marvel; ko: 기적; note: pāṭihāriya의 이형태로 신통이나 기적을 의미한다.; pali: pāṭihera	pajjhāyi는 pa + jhāyati(타다)의 아오리스트 형태로 '타올랐다'를 의미한다. | pāṭiheraṃ mahesino는 명사문으로 '(이것은) 위대한 선인의 기적(이었다)'로 해석하거나, 앞 문장의 원인을 나타내는 부사적 대격으로 볼 수 있다.	부처님의 신통력(pāṭihāriya)으로 인해 자연 법칙을 거슬러 불 속에서도 장작이 타지 않는 기적을 묘사하고 있다.	pāṭiheraṃ이 주격으로서 독립된 명사문인지, 아니면 부사적 대격으로 쓰여 '기적으로 인해'를 뜻하는지 문법적으로 확정하기 어려우나, 문맥상 기적으로 인해 타지 않았다는 의미로 자연스럽게 번역하였다.	
98	vri:romn:s0508a1.att:8187a7fbde93	romn/s0508a1.att.xml	f4f5c57abf1f512c515e80b677c9dfd582c01ec58931388718a10afcbe1b3e1f	atthakatha	prose	long	hard	source_text_anomaly_risk	sutta	Khuddakanikāye	succeeded	True	False	Tassattho – bālaputhujjanassa piyāyitabbasabhāvatāya piyarūpe manuññasabhāvatāya manorame rūpādike pañca kāmaguṇe kāmakoṭṭhāse hitvā pahāya pariccajitvā kammaphalasaddhāya ratanattayasaddhāya ca vasena gharā gharabandhanato nikkhamma nikkhamitvā pabbajjaṃ upagato viññujātiko pabbajitakālato paṭṭhāya ghaṭento vāyamanto vaṭṭadukkhassa antakaro bhave bhaveyyāti. Evaṃ te bhikkhū ovaditvā ‘‘ayaṃ pare eva saññāpento viharati, ‘‘sayaṃ pana akārako’ti mā cintayitthā’’ti tesaṃ attano paṭipannabhāvaṃ pakāsento –	"그것의 의미는 다음과 같다 – ""어리석은 범부에게 사랑해야 할 본성이기 때문에 사랑스러운 형태이고, 마음에 드는 본성이기 때문에 마음에 드는 형색 등의 다섯 가지 감각적 욕망의 가닥들, 감각적 욕망의 무리들을 버리고, 포기하고, 완전히 버리고서, 업과 그 결실에 대한 믿음과 삼보에 대한 믿음의 힘으로 집에서, 집의 얽매임에서 떠나, 떠나서 출가에 이른 지혜로운 자는 출가한 때로부터 시작하여 노력하고 정진하여 윤회의 괴로움의 끝을 내는 자가 되어야 한다, 되어야 할 것이다""라는 것이다. 이와 같이 그 비구들을 훈계하고서, ""'이 사람은 다른 사람들만을 납득시키며 머물고, 그러나 자신은 행하지 않는 자이다'라고 생각하지 말라""라고 그들에게 자신이 도를 닦은 상태임을 밝히면서 –"	"그 의미는 다음과 같다. ""어리석은 범부에게는 사랑해야 할 본성이기 때문에 사랑스럽고, 마음에 드는 본성이기 때문에 마음에 드는 형색 등의 다섯 가지 감각적 욕망의 가닥들, 즉 감각적 욕망의 무리들을 버리고 포기하고 완전히 버리고서, 업과 그 결실에 대한 믿음과 삼보에 대한 믿음의 힘으로 집에서, 집의 얽매임에서 떠나 출가한 지혜로운 자는 출가한 때부터 노력하고 정진하여 윤회의 괴로움을 끝내는 자가 되어야 할 것이다."" 이와 같이 그 비구들을 훈계하고서, ""'이 사람은 다른 사람들만 가르치며 지내고, 정작 자신은 실천하지 않는 자이다'라고 생각하지 말라""라며 그들에게 자신이 실천하고 있음을 밝히면서 (다음 게송을 설했다) –"	gloss: strands of sensual pleasure; ko: 감각적 욕망의 가닥; note: pañca kāmaguṇe는 다섯 가지 감각적 욕망의 가닥들로 번역된다.; pali: kāmaguṇa | gloss: suffering of the round of rebirths; ko: 윤회의 괴로움; note: 윤회(vaṭṭa)와 괴로움(dukkha)의 복합어이다.; pali: vaṭṭadukkha | gloss: state of having practiced; ko: 도를 닦은 상태; note: paṭipanna(도를 닦은, 실천하는)와 bhāva(상태)의 복합어이다.; pali: paṭipannabhāva	bhave bhaveyyāti에서 앞의 bhave는 게송 원문의 단어이고, 뒤의 bhaveyya는 그것을 설명하는 주석어이다. 둘 다 '되어야 한다'는 의미의 희구법 동사이다. | hitvā pahāya pariccajitvā 등은 게송의 단어를 동의어로 풀이하는 전형적인 주석서의 어휘 해설 방식이다.	kammaphalasaddhāya ratanattayasaddhāya ca vasena는 바른 출가의 동기가 업과 그 결실에 대한 믿음, 그리고 불법승 삼보에 대한 믿음에 근거해야 함을 보여준다.	bhave가 처소격 명사(존재에, 윤회에)로 해석될 여지도 있으나, 주석서가 bhaveyyāti로 풀이한 것으로 보아 희구법 동사로 보는 것이 타당하다.	
99	vri:romn:abh03m7.mul:5170f36ced6f	romn/abh03m7.mul.xml	8c32a89c1a7ac1e1d45dcf29eaaa96d9bd6bdcb28e5256284e0e67f674fa56f6	mula	prose	long	hard	long_compound_or_dense_prose	abhidhamma	Abhidhammapiṭake	succeeded	True	False	Abyākato dhammo abyākatassa dhammassa vippayuttapaccayena paccayo – sahajātaṃ, purejātaṃ, pacchājātaṃ. Sahajātā – vipākābyākatā kiriyābyākatā khandhā cittasamuṭṭhānānaṃ rūpānaṃ vippayuttapaccayena paccayo. Paṭisandhikkhaṇe vipākābyākatā khandhā kaṭattārūpānaṃ vippayuttapaccayena paccayo. Khandhā vatthussa vippayuttapaccayena paccayo. Vatthu khandhānaṃ vippayuttapaccayena paccayo. Purejātaṃ – cakkhāyatanaṃ cakkhuviññāṇassa vippayuttapaccayena paccayo. Sotāyatanaṃ sotaviññāṇassa vippayuttapaccayena paccayo. Ghānāyatanaṃ ghānaviññāṇassa vippayuttapaccayena paccayo. Jivhāyatanaṃ jivhāviññāṇassa vippayuttapaccayena paccayo. Kāyāyatanaṃ kāyaviññāṇassa vippayuttapaccayena paccayo. Vatthu vipākābyākatānaṃ kiriyābyākatānaṃ khandhānaṃ vippayuttapaccayena paccayo. Pacchājātā – vipākābyākatā kiriyābyākatā khandhā purejātassa imassa kāyassa vippayuttapaccayena paccayo. (1)	무기법은 무기법에게 불상응연으로 조건이 된다. 함께 생긴 것, 이전에 생긴 것, 이후에 생긴 것이다. 함께 생긴 것 - 과보인 무기, 작용만 하는 무기인 무더기들은 마음에서 생긴 물질들에게 불상응연으로 조건이 된다. 재생연결의 찰나에 과보인 무기인 무더기들은 업에서 생긴 물질들에게 불상응연으로 조건이 된다. 무더기들은 토대에게 불상응연으로 조건이 된다. 토대는 무더기들에게 불상응연으로 조건이 된다. 이전에 생긴 것 - 눈의 감각장소는 눈의 알음알이에게 불상응연으로 조건이 된다. 귀의 감각장소는 귀의 알음알이에게 불상응연으로 조건이 된다. 코의 감각장소는 코의 알음알이에게 불상응연으로 조건이 된다. 혀의 감각장소는 혀의 알음알이에게 불상응연으로 조건이 된다. 몸의 감각장소는 몸의 알음알이에게 불상응연으로 조건이 된다. 토대는 과보인 무기, 작용만 하는 무기인 무더기들에게 불상응연으로 조건이 된다. 이후에 생긴 것 - 과보인 무기, 작용만 하는 무기인 무더기들은 이전에 생긴 이 몸에게 불상응연으로 조건이 된다. (1)	무기법은 무기법에게 불상응연(不相應緣)으로 조건이 된다. 여기에는 함께 생긴 것, 이전에 생긴 것, 이후에 생긴 것이 있다. 함께 생긴 것 - 과보인 무기, 작용만 하는 무기인 무더기(오온)들은 마음에서 생긴 물질들에게 불상응연으로 조건이 된다. 재생연결의 찰나에 과보인 무기인 무더기들은 업에서 생긴 물질들에게 불상응연으로 조건이 된다. 무더기들은 토대에게 불상응연으로 조건이 된다. 토대는 무더기들에게 불상응연으로 조건이 된다. 이전에 생긴 것 - 눈의 감각장소는 눈의 알음알이에게 불상응연으로 조건이 된다. 귀의 감각장소는 귀의 알음알이에게 불상응연으로 조건이 된다. 코의 감각장소는 코의 알음알이에게 불상응연으로 조건이 된다. 혀의 감각장소는 혀의 알음알이에게 불상응연으로 조건이 된다. 몸의 감각장소는 몸의 알음알이에게 불상응연으로 조건이 된다. 토대는 과보인 무기, 작용만 하는 무기인 무더기들에게 불상응연으로 조건이 된다. 이후에 생긴 것 - 과보인 무기, 작용만 하는 무기인 무더기들은 이전에 생긴 이 몸에게 불상응연으로 조건이 된다. (1)	gloss: dissociation condition; ko: 불상응연; note: 정신과 물질이 서로 섞이지 않고 조건이 되는 관계를 뜻한다.; pali: vippayuttapaccaya | gloss: conascent; ko: 함께 생긴 것; note: 동시에 발생하여 조건이 되는 구생(俱生)을 의미한다.; pali: sahajāta | gloss: prenascent; ko: 이전에 생긴 것; note: 먼저 발생하여 조건이 되는 전생(前生)을 의미한다.; pali: purejāta | gloss: postnascent; ko: 이후에 생긴 것; note: 나중에 발생하여 조건이 되는 후생(後生)을 의미한다.; pali: pacchājāta | gloss: kamma-born materiality; ko: 업에서 생긴 물질; note: 행해진 업에 의해 생성된 물질을 가리킨다.; pali: kaṭattārūpa	'sahajātaṃ, purejātaṃ, pacchājātaṃ'은 불상응연이 일어나는 세 가지 방식을 중성 단수 주격으로 나열한 것이다. | 'kaṭattārūpānaṃ'은 '행해진 것(업)의 상태'를 뜻하는 kaṭattā와 물질(rūpa)의 합성어로, 업에서 생긴 물질을 의미하며 엮격 복수로 쓰였다.	불상응연(vippayutta-paccaya)은 정신과 물질이 서로 섞이지 않고 각각의 고유한 특성을 유지하면서 조건이 되는 관계를 말한다. | 재생연결의 찰나에는 과보인 무기 무더기(정신)와 심장토대(업에서 생긴 물질)가 서로 불상응연으로 조건이 된다.		
100	vri:romn:s0508a2.att:e035091fe0dd	romn/s0508a2.att.xml	8f4a62d9f03d3675bb9fb3a14a040e796df271318436aae92c11ecd16dfeea27	atthakatha	prose	long	hard	long_compound_or_dense_prose	sutta	Khuddakanikāye	succeeded	True	False	Kiṃ pana tanti āha ‘‘mittaṃ idha ca kalyāṇa’’ntiādi. Imasmiṃ sāsane kalyāṇamittaṃ seviyamānaṃ samaṇassa patirūpanti yojanā. Esa nayo itaresupi. Kalyāṇamittañhi nissāya akusalaṃ pajahati, kusalaṃ bhāveti, suddhamattānaṃ pariharati. Sikkhā vipulaṃ samādānanti vipulaṃ sikkhāsamādānaṃ, mahatiyā nibbānāvahāya adhisīlādisikkhāya anuṭṭhānanti attho. Sussūsā ca garūnanti garūnaṃ ācariyupajjhāyādīnaṃ kalyāṇamittānaṃ ovādassa sotukamyatā pāricariyā ca. Etanti kalyāṇamittasevanādi.	"그런데 그것은 무엇인가? ""여기서 좋은 친구를"" 등이라고 말했다. 이 교법에서 좋은 친구를 사귀는 것은 사문에게 어울린다고 연결한다. 다른 것들에서도 이 방법이다. 참으로 좋은 친구를 의지하여 해로운 것을 버리고, 유익한 것을 닦고, 자신을 청정하게 유지한다. ""학습의 광대한 수지""라는 것은 광대한 학습의 수지이니, 열반을 가져오는 큰 증상계 등의 학습을 실행하는 것이라는 뜻이다. ""그리고 스승들에 대한 경청""이라는 것은 스승들인 아짜리야와 우빠자야 등인 좋은 친구들의 교계를 듣고자 함과 시중듦이다. ""이것""이라는 것은 좋은 친구를 사귀는 것 등이다."	"그런데 그것은 무엇인가? ""여기서 좋은 친구를"" 등이라고 말했다. 이 교법에서 좋은 친구를 사귀는 것은 사문에게 어울린다고 해석한다. 다른 것들에서도 이와 같은 방법이다. 참으로 좋은 친구를 의지하여 해로운 것을 버리고, 유익한 것을 닦고, 자신을 청정하게 유지한다. ""학습의 광대한 수지""라는 것은 광대한 학습의 수지이니, 열반을 가져오는 큰 증상계(더 높은 계행) 등의 학습을 실행하는 것이라는 뜻이다. ""그리고 스승들에 대한 경청""이라는 것은 스승들인 아짜리야(스승)와 우빠자야(은사) 등인 좋은 친구들의 교계를 듣고자 함과 시중듦이다. ""이것""이라는 것은 좋은 친구를 사귀는 것 등이다."	gloss: good friend; ko: 좋은 친구; note: 수행을 바른 길로 이끌어주는 스승이나 도반을 의미한다.; pali: kalyāṇamitta | gloss: higher morality; ko: 증상계; note: 더 높은 계행을 의미하며 삼학 중 하나이다.; pali: adhisīla | gloss: teacher; ko: 아짜리야; note: 가르침을 주는 스승을 가리킨다.; pali: ācariya | gloss: preceptor; ko: 우빠자야; note: 출가를 주관하고 지도하는 은사를 가리킨다.; pali: upajjhāya | gloss: advice, instruction; ko: 교계; note: 스승이 제자에게 내리는 가르침이나 훈계를 의미한다.; pali: ovāda	Sikkhā vipulaṃ samādānaṃ은 원문의 구절을 인용하여 vipulaṃ sikkhāsamādānaṃ이라는 복합어로 풀어 설명하고 있다. | Sussūsā는 듣고자 함을 나타내는 의욕명사(desiderative noun)로, 주석서에서는 sotukamyatā(듣고자 함)와 pāricariyā(시중듦)로 풀이하였다.	adhisīlādisikkhā(증상계 등의 학습)는 계(sīla), 정(samādhi), 혜(paññā)의 삼학(tisso sikkhā)을 가리킨다. | kalyāṇamitta(좋은 친구)는 불교 수행에서 바른 길로 이끌어주는 스승이나 도반을 의미하며, 여기서는 아짜리야와 우빠자야를 포함하는 넓은 의미로 쓰였다.	seviyamānaṃ은 sevati의 수동 현재분사형이나, 문맥상 '사귀는 것'이라는 동명사적 의미로 해석하였다.	
101	vri:romn:abh03m10.mul:4a04b4789026	romn/abh03m10.mul.xml	038a2c957b7d1a5c48c339e96eaa47953e72a29ae3b545d562ca14dc2f83b6ce	mula	prose	short	representative	heading_title_probe	abhidhamma	Abhidhammapiṭake	succeeded	True	False	Hetupaccayā naārammaṇe tīṇi (saṃkhittaṃ).	원인 조건을 조건으로 대상 조건이 아닌 것에 셋이다 (생략됨).	원인 조건을 조건으로 대상 조건이 아닌 것에 3가지가 있다 (생략됨).	gloss: root condition; ko: 원인 조건; note: 빳타나의 24연 중 첫 번째 조건.; pali: hetupaccaya | gloss: not object condition; ko: 대상 조건이 아닌 것; note: 부정 조건(paccanīya) 중 대상 조건의 부정.; pali: naārammaṇa | gloss: abbreviated; ko: 생략됨; note: 반복되는 내용을 생략할 때 쓰임.; pali: saṃkhitta	Hetupaccayā는 탈격으로 원인이나 조건을 나타낸다. | naārammaṇe는 처격으로 조건이 적용되는 영역을 나타낸다.	빳타나(발취론)에서 긍정 조건(원인 조건)과 부정 조건(대상 조건이 아님)이 결합될 때 도출되는 경우의 수가 3가지임을 나타낸다.		
102	vri:romn:abh03m6.mul:7e4af1163385	romn/abh03m6.mul.xml	562d74ae23c711398c52f08093ce7e625e009c7ae34a305bb64f3cd30a3a339a	mula	prose	short	representative	heading_title_probe	abhidhamma	Abhidhammapiṭake	succeeded	True	False	(Ka) cakkhu indriyanti? Āmantā.	(가) 눈은 기능인가? 그렇다.	(가) 눈은 기능인가? 그렇다.	gloss: eye; ko: 눈; note: 시각 기관을 의미한다.; pali: cakkhu | gloss: faculty; ko: 기능; note: 감각 기관의 지배적 역할을 나타내는 용어이다.; pali: indriya | gloss: yes; ko: 그렇다; note: 질문에 대한 긍정의 대답이다.; pali: āmantā	indriyanti는 indriyaṃ과 인용 불변화사 iti의 연음이다.	아비담마에서 눈(cakkhu)이 기능(indriya)의 하나인 안근(眼根)에 해당함을 확인하는 문답이다.		
103	vri:romn:s0502a.att:5dc82ba6d0cf	romn/s0502a.att.xml	1894a6ecb3afa98102888f62b9e7baffa51eacdf59ac42dbf075df7c1d6ce4ee	atthakatha	prose	short	representative	heading_title_probe	sutta	Khuddakanikāye	succeeded	True	False	Desanāvasāne bahū sotāpattiphalādīni pāpuṇiṃsūti.	설법의 끝에 많은 이들이 예류과 등을 얻었다.	설법이 끝났을 때 많은 이들이 예류과 등을 얻었다.	gloss: discourse, teaching; ko: 설법; note: 부처님의 가르침이나 설법을 의미한다.; pali: desanā | gloss: fruit of stream-entry; ko: 예류과; note: 성자의 흐름에 든 첫 번째 단계의 과보.; pali: sotāpattiphala	Desanāvasāne는 desanā와 avasāna의 처격 복합어로 시간적 배경을 나타낸다. | pāpuṇiṃsūti는 pāpuṇiṃsu(도달했다)와 종결 불변화사 iti가 연음된 형태이다.	sotāpattiphalādīni(예류과 등)는 예류과를 비롯하여 일래과, 불환과, 아라한과 등 출세간의 과보들을 의미한다.		
104	vri:romn:s0514a2.att:fcc9f0426481	romn/s0514a2.att.xml	6ea52b04eff011801e007586dd1a09e19f2ca96bd26206b39d8877169c1994b9	atthakatha	prose	short	representative	heading_title_probe	sutta	Khuddakanikāye	succeeded	True	False	Tato senako gāthamāha –	그러자 세나까가 게송을 말했다 –	그러자 세나까가 게송을 읊었다.	gloss: Senaka; ko: 세나까; note: 자따까에 등장하는 인물 이름이다.; pali: Senaka | gloss: verse; ko: 게송; note: 운문 형태의 시구를 의미한다.; pali: gāthā	gāthamāha는 gāthaṃ(게송을)과 āha(말했다)의 연음이다.			
105	vri:romn:abh03m10.mul:4d1189870043	romn/abh03m10.mul.xml	038a2c957b7d1a5c48c339e96eaa47953e72a29ae3b545d562ca14dc2f83b6ce	mula	prose	short	representative	heading_title_probe	abhidhamma	Abhidhammapiṭake	succeeded	True	False	Hetupaccayā naārammaṇe tīṇi (saṃkhittaṃ).	원인 조건에 의해 대상이 아닌 것에 셋이다 (요약됨).	원인 조건에 의해 대상이 아닌 것에 세 가지가 있다 (요약됨).	gloss: root condition; ko: 원인 조건; note: 빳타나의 24연 중 첫 번째 조건.; pali: hetupaccaya | gloss: object; ko: 대상; note: 인식의 대상이 되는 조건.; pali: ārammaṇa | gloss: abbreviated; ko: 요약됨; note: 반복되는 내용을 생략할 때 쓰이는 표현.; pali: saṃkhitta	Hetupaccayā는 탈격 형태로 '~조건에 의해'라는 원인이나 이유를 나타낸다. | naārammaṇe는 부정 접두사 na와 ārammaṇa(대상)가 결합한 처격 형태이다.	빳타나(발취론)의 역순(paccanīya) 문맥으로, 원인 조건(hetupaccaya)이 대상 조건이 아닌 것(na-ārammaṇa)과 결합하는 경우의 수가 3가지임을 나타낸다.		
106	vri:romn:s0510m2.mul:884f758baa32	romn/s0510m2.mul.xml	8499e31c1fde2c98e0e31c068e74439d3032ea32a12832be7f291f4d91a60bb5	mula	verse	short	representative	representative_stratified	sutta	Khuddakanikāye	succeeded	True	False	328. ‘‘Bimbisāro tadā rājā, mamānuggahabuddhiyā; Vaṇṇayitvā veḷuvanaṃ, gāyake gāpayī mamaṃ.	그때 빔비사라 왕은 나를 도우려는 마음으로, 죽림정사를 찬탄하여, 가수들로 하여금 나에게 노래하게 했다.	그때 빔비사라 왕은 나를 이끌어 주려는 마음으로, 죽림정사를 찬탄하는 노래를 가수들에게 부르게 하여 나에게 들려주었다.	gloss: Bimbisara; ko: 빔비사라; note: 마가다국의 왕 이름.; pali: Bimbisāra | gloss: favor, help, compassion; ko: 도움; note: 여기서는 케마 왕비를 부처님께 인도하려는 이끌어 줌의 의미로 쓰였다.; pali: anuggaha | gloss: Bamboo Grove; ko: 죽림정사; note: 부처님이 머무시던 사원 이름.; pali: veḷuvana | gloss: singer; ko: 가수; note: 노래하는 사람을 뜻한다.; pali: gāyaka	mamānuggahabuddhiyā는 mama(나를) + anuggaha(도움) + buddhiyā(마음으로, 도구격)가 결합된 복합어이다. | gāpayī는 gāyati(노래하다)의 사역동사 아오리스트 형태로 '노래하게 했다'는 의미이다. | gāyake gāpayī mamaṃ은 사역동사 구문으로, gāyake(가수들을)와 mamaṃ(나를/나에게)이 모두 대격으로 쓰여 '가수들로 하여금 나에게 노래하게 했다'로 해석된다.	부처님을 뵙기 꺼려하는 케마 왕비를 죽림정사로 이끌기 위해 빔비사라 왕이 방편을 써서 죽림정사의 아름다움을 찬양하는 노래를 들려준 일화를 배경으로 한다.	mamaṃ은 형태상 대격(나를)이지만, 문맥상 사역 구문에서 노래를 듣는 대상이므로 '나에게'로 해석하는 것이 자연스럽다.	
107	vri:romn:s0508m.mul:7b5ff7c26571	romn/s0508m.mul.xml	e67e6ff44cc58eede1df78da34d168842aa099711dc89074b1bf2b4d5cd36140	mula	verse	short	representative	representative_stratified	sutta	Khuddakanikāye	succeeded	True	False	806. ‘‘Na so rajjati rūpesu, rūpaṃ disvā patissato; Virattacitto vedeti, tañca nājjhossa tiṭṭhati.	형색을 보고서 마음챙김을 확립한 자, 그는 형색들에 탐착하지 않는다. 탐욕이 빛바랜 마음으로 경험하고, 그리고 그것에 집착하여 머물지 않는다.	형색을 보고서 마음챙김을 확립한 자는 형색들에 탐착하지 않는다. 탐욕이 빛바랜 마음으로 경험하며, 그것에 집착하여 머물지 않는다.	gloss: form; ko: 형색; note: 시각의 대상이 되는 물질적 형태를 의미한다.; pali: rūpa | gloss: mindful; ko: 마음챙김을 확립한 자; note: sati(마음챙김)를 유지하고 있는 상태를 나타낸다.; pali: patissato | gloss: detached mind; ko: 탐욕이 빛바랜 마음; note: viratta(탐욕이 빛바랜)와 citta(마음)의 복합어이다.; pali: virattacitto | gloss: having clung to; ko: 집착하여; note: ajjhosati(집착하다)의 절대분사형으로 쓰였다.; pali: ajjhossa	nājjhossa는 부정 불변화사 na와 절대분사 ajjhosāya의 시적 변형인 ajjhossa가 결합된 연음 형태로 '집착하지 않고'를 뜻한다. | patissato는 주격 단수 남성형으로, 문장의 주어인 so(그)를 수식하여 '마음챙김을 확립한 자'라는 의미를 더한다.	감각 대상인 형색을 인식할 때 마음챙김을 유지함으로써, 느낌(vedanā)이 갈애와 집착으로 증폭되는 연기의 고리를 끊는 수행의 핵심을 묘사한다.		
108	vri:romn:s0514m.mul:92dcad01d3b3	romn/s0514m.mul.xml	06bcdc382c992fc6330318893100327cf05f907fa8514fcffa4891bc7bf1cfdc	mula	verse	short	representative	representative_stratified	sutta	Khuddakanikāye	succeeded	True	False	116. ‘‘Avinicchayaññu atthesu, mandova paṭibhāsi maṃ; Kiccākiccaṃ na jānāsi, sampatto kālapariyāyaṃ.	일들에 있어서 분별할 줄 모르는 자여, 너는 나에게 어리석은 자처럼 보인다. 때가 이르렀는데도, 너는 해야 할 일과 해서는 안 될 일을 알지 못한다.	일의 이치를 분별하지 못하니, 내게는 네가 어리석은 자로 보인다. 때가 이르렀는데도, 너는 해야 할 일과 해서는 안 될 일을 알지 못하는구나.	gloss: not knowing how to judge; ko: 분별할 줄 모르는 자; note: vinicchaya(판단, 분별)를 알지 못한다는 의미이다.; pali: avinicchayaññu | gloss: matter, affair, benefit; ko: 일; note: 문맥상 처리해야 할 일이나 이치를 의미한다.; pali: attha | gloss: fool, stupid; ko: 어리석은 자; note: 지혜가 둔하거나 어리석은 상태를 가리킨다.; pali: manda | gloss: what should be done and what should not be done; ko: 해야 할 일과 해서는 안 될 일; note: kicca(해야 할 일)와 akicca(해서는 안 될 일)의 복합어이다.; pali: kiccākicca | gloss: course of time, proper time; ko: 때의 경과; note: 시간의 흐름이나 적절한 때가 도래했음을 나타낸다.; pali: kālapariyāya	mandova는 mando와 iva(처럼)의 연음으로, '어리석은 자처럼'이라는 뜻이다. | paṭibhāsi maṃ은 paṭibhāti(보이다)의 2인칭 단수형과 1인칭 대명사 대격이 결합하여 '나에게 (너는) ~처럼 보인다'는 구문을 이룬다. | sampatto kālapariyāyaṃ은 '때의 경과에 도달하여' 즉 '때가 이르렀는데도'의 의미로 해석된다.	해야 할 일과 해서는 안 될 일(kiccākicca)을 아는 것은 지혜로운 자의 특징이며, 이를 모르는 것은 어리석음(manda)으로 간주된다.	kālapariyāyaṃ의 정확한 격과 구문적 역할이 다소 불확실하나, 문맥상 '때가 이르렀을 때' 또는 '시간이 지났음에도'로 해석하는 것이 가장 개연성이 높다.	
109	vri:romn:abh03m4.mul:9ebe16b9fcb8	romn/abh03m4.mul.xml	b0fd9d3e83d1273a15ad01d765384c964387a8a066c167137be947af3d587a38	mula	prose	short	representative	representative_stratified	abhidhamma	Abhidhammapiṭake	succeeded	True	False	(Kha) na saccā na samudayasaccaṃ?	(Kha) 진리들이 아닌 것은 일어남의 진리가 아닌가?	(Kha) 진리가 아닌 것은 일어남의 진리가 아닌가?	gloss: truth; ko: 진리; note: 사성제 문맥에서 진리를 의미한다.; pali: sacca | gloss: truth of origination; ko: 일어남의 진리; note: 사성제 중 집성제(集聖諦)를 가리킨다.; pali: samudayasacca	na saccā na samudayasaccaṃ은 쌍론(Yamakapāḷi)의 전형적인 부정(paccanīka) 질문 구조로, 'A가 아닌 것은 B가 아닌가?'라는 의미를 나타낸다.	진리(sacca)라는 일반 개념과 일어남의 진리(samudayasacca, 집성제)라는 구체적 개념 간의 외연을 비교하여 개념을 명확히 하는 질문이다.		
110	vri:romn:s0511m.mul:12a26ccde18f	romn/s0511m.mul.xml	45f55bebcd0eb0b0891d8340799867eae95fdc3019c3ded7227c2cc82a7c5a3b	mula	verse	short	representative	representative_stratified	sutta	Khuddakanikāye	succeeded	True	False	12. Yamhi kāle mahāvīro, sudassanasiluccaye; Navakoṭisahassehi, pavāresi mahāmuni.	어느 때에 위대한 영웅이시며 위대한 성자께서 수닷사나 산에서 900억의 [아라한들]과 함께 자자를 행하셨다.	위대한 영웅이시며 위대한 성자께서 수닷사나 산에서 900억 명의 아라한들과 함께 자자를 행하셨을 때,	gloss: great hero; ko: 위대한 영웅; note: 부처님을 칭송하는 표현으로 쓰였다.; pali: mahāvīra | gloss: great sage; ko: 위대한 성자; note: 부처님을 가리키는 호칭이다.; pali: mahāmuni | gloss: Mount Sudassana; ko: 수닷사나 산; note: sudassana(잘 보이는, 아름다운)와 siluccaya(산)의 복합어이다.; pali: sudassanasiluccaya | gloss: held the pavāraṇā; ko: 자자를 행하셨다; note: 안거를 마칠 때 행하는 자자(pavāraṇā) 의식을 의미한다.; pali: pavāresi | gloss: ten billion; ko: 100억; note: koṭi(천만)와 sahassa(천)의 결합으로, nava(9)가 붙어 900억을 나타낸다.; pali: koṭisahassa	Navakoṭisahassehi는 기기격 복수형으로, 여기서는 동반격(saddhiṃ 생략)의 의미로 쓰여 '900억 명의 (대중들)과 함께'로 해석된다. | Yamhi kāle는 처격으로 시간을 나타내며, 관계대명사 yamhi가 쓰여 이어지는 사건의 배경이 되는 시간을 설정한다.	pavāresi는 우기 안거(vassa)를 마칠 때 비구들이 서로에게 자신의 허물을 지적해 달라고 요청하는 자자(pavāraṇā) 의식을 행했음을 의미한다. | 붓다왕사(Buddhavaṃsa)에서 과거불들의 대중 집회 규모를 묘사할 때 이와 같은 막대한 숫자가 자주 등장한다.	Navakoṭisahassehi에 생략된 명사가 비구들인지 아라한들인지 명시되어 있지 않으나, 문맥상 아라한 대중을 가리키는 것으로 추정하여 번역에 반영했다.	
111	vri:romn:abh01m.mul:9ed5e5ee2c05	romn/abh01m.mul.xml	9a328857bdc871e659ce3b7ff0e51f1f9f933982c95162bd20ca235a677facb6	mula	prose	short	representative	representative_stratified	abhidhamma	Abhidhammapiṭake	succeeded	True	False	Atthi rūpaṃ rūpassa jaratā, atthi rūpaṃ rūpassa na jaratā.	물질의 늙음인 물질이 있고, 물질의 늙음이 아닌 물질이 있다.	물질의 늙음인 물질이 있고, 물질의 늙음이 아닌 물질이 있다.	gloss: form, matter; ko: 물질; note: 아비담마에서 정신(nāma)과 대비되는 물질적 현상을 가리킨다.; pali: rūpa | gloss: aging, decay; ko: 늙음; note: 물질이나 정신적 현상이 쇠퇴하는 과정을 의미한다.; pali: jaratā	'rūpaṃ rūpassa jaratā'는 'rūpassa jaratā(물질의 늙음)'와 동격인 'rūpaṃ(물질)'을 나타내는 구조이다.	아비담마에서 물질의 늙음(rūpassa jaratā)은 파생된 물질(upādā-rūpa) 중 하나로 분류되며, 그 자체로 물질의 범주에 포함된다.		
112	vri:romn:s0510m2.mul:b36e28c7e485	romn/s0510m2.mul.xml	ed3142a177f97320b2cf2536efd8940318a15c0242878493795f0069de854d88	mula	verse	short	representative	representative_stratified	sutta	Khuddakanikāye	succeeded	True	False	16. ‘‘Padumuttaro nāma jino, sabbadhammāna pāragū; Tamandhakāraṃ nāsetvā, uppajji lokanāyako.	빠두뭇따라라는 이름의 승리자, 모든 법들의 피안에 도달한 자, 세상의 지도자께서 짙은 어둠을 없애고 출현하셨다.	모든 법에 통달하신 분, 세상의 지도자이신 빠두뭇따라라는 이름의 승리자께서 짙은 어둠을 걷어내고 세상에 출현하셨다.	gloss: Padumuttara Buddha; ko: 빠두뭇따라; note: 과거불의 이름이다.; pali: Padumuttara | gloss: conqueror; ko: 승리자; note: 번뇌를 이겨낸 부처님을 가리키는 호칭이다.; pali: jina | gloss: one who has gone beyond; ko: 피안에 도달한 자; note: 모든 법에 통달하여 깨달음을 이룬 상태를 의미한다.; pali: pāragū | gloss: thick darkness; ko: 짙은 어둠; note: tama(어둠)와 andhakāra(어둠)의 복합어이다.; pali: tamandhakāra | gloss: leader of the world; ko: 세상의 지도자; note: 부처님을 가리키는 호칭이다.; pali: lokanāyaka	sabbadhammāna는 운율을 위해 sabbadhammānaṃ(복수 속격)의 끝 자음이 생략된 형태이다. | Tamandhakāraṃ은 tama(어둠)와 andhakāra(어둠)가 결합된 복합어로, 어둠을 강조하는 표현이다.	sabbadhammāna pāragū는 부처님께서 모든 법(현상과 진리)을 완전히 꿰뚫어 알고 피안(열반)에 도달하셨음을 의미한다. | Tamandhakāraṃ은 물리적인 어둠뿐만 아니라 중생들의 마음을 덮고 있는 무명(avijjā)의 어둠을 비유적으로 나타낸다.		
113	vri:romn:s0510m2.mul:26ccde43d0a4	romn/s0510m2.mul.xml	be63fc5b178908c928fdcb411765d1992b062983b9fe456c521a6455c293cfe6	mula	verse	short	representative	representative_stratified	sutta	Khuddakanikāye	succeeded	True	False	432. ‘‘‘Thīnaṃ satasahassānaṃ, navutīnaṃ chaduttari; Agāre te mayaṃ vīra, pāmokkhā sabbā issarā.	영웅이시여, 당신의 집에 [있을 때] 우리들은 구백육십만 명의 여인들 중에서 모두 우두머리였고 지배자였습니다.	영웅이시여, 당신이 재가에 계실 때 저희는 구백육십만 명의 여인들 중에서 모두 우두머리였고 주도권을 가졌습니다.	gloss: hero; ko: 영웅; note: 부처님을 부르는 호칭으로 쓰였다.; pali: vīra | gloss: chief, leader; ko: 우두머리; note: 무리의 우두머리를 의미한다.; pali: pāmokkha | gloss: lord, master; ko: 지배자; note: 주도권이나 지배력을 가진 자를 의미한다.; pali: issara	navutīnaṃ chaduttari satasahassānaṃ thīnaṃ은 '960만 명의 여인들 중에서'라는 의미의 부분 속격이다. | te agāre는 '당신의 집에'라는 뜻으로, 부처님이 출가하기 전 재가에 있던 시절을 가리킨다.	야소다라와 함께 출가한 비구니들이 과거 보살이 재가에 있을 때 그의 궁전에 있던 수많은 여인들 중 자신들이 우두머리였음을 회상하는 게송이다.		
114	vri:romn:vin02m4.mul:d49c727cc20c	romn/vin02m4.mul.xml	d5b365cf1b15d364999334a40a9f5f8b18f5ab54775a8e3dd7bd1539bb96f992	mula	verse	short	representative	representative_stratified	vinaya	Vinayapiṭake	succeeded	True	False	Visārado kāḷasumano, thero ca dīghanāmako; Dīghasumano ca paṇḍito.	자신감 있는 깔라수마나, 그리고 디가라는 이름의 장로, 그리고 현자인 디가수마나.	자신감 있는 깔라수마나, 디가라는 이름의 장로, 그리고 현자인 디가수마나.	gloss: elder; ko: 장로; note: 비구들 중 연장자나 덕이 높은 이를 가리킨다.; pali: thera | gloss: wise person; ko: 현자; note: 지혜로운 사람을 가리키는 수식어로 쓰였다.; pali: paṇḍita | gloss: confident, fearless; ko: 자신감 있는; note: 두려움이 없고 자신감 있는 상태를 나타낸다.; pali: visārada	Visārado, thero, paṇḍito는 각각 Kāḷasumano, dīghanāmako, Dīghasumano를 수식하는 주격 단수 남성 명사 또는 형용사이다. | dīghanāmako는 'Dīgha'라는 이름을 가진 자를 뜻하는 복합어이다.	이 게송은 율장의 전승 계보(ācariyaparamparā)에 등장하는 스승들의 이름을 나열하고 있다.	Visārado가 고유명사인지 Kāḷasumano를 수식하는 형용사인지 명확하지 않으나, 문맥상 수식어로 해석하는 것이 일반적이다.	
115	vri:romn:s0510m1.mul:562e71d1c338	romn/s0510m1.mul.xml	52f682ee9b00efe81c32b5c69b5c8bdc3aba0e978d759d07a403b37ece94298b	mula	prose	short	representative	representative_stratified	sutta	Khuddakanikāye	succeeded	True	False	Itthaṃ sudaṃ āyasmā pāpanivāriyo thero imā gāthāyo abhāsitthāti.	이와 같이 참으로 존자 빠빠니와리야 장로는 이 게송들을 읊었다.	이와 같이 존자 빠빠니와리야 장로는 이 게송들을 읊었다.	gloss: Pāpanivāriya; ko: 빠빠니와리야; note: 장로의 이름인 고유명사이다.; pali: Pāpanivāriya | gloss: elder; ko: 장로; note: 비구들 중 연장자나 덕이 높은 이를 가리키는 호칭이다.; pali: thera | gloss: verse; ko: 게송; note: 운문 형태의 시구를 의미한다.; pali: gāthā	abhāsitthāti는 '읊었다'는 의미의 단순과거형(aorist) 동사 abhāsittha와 종결을 나타내는 불변화사 iti가 결합된 연음이다.	아빠다나(Apadāna) 문헌에서 각 장로의 게송이 끝날 때 공통적으로 나타나는 정형구이다.		
116	vri:romn:s0510m1.mul:4c99cd5ec346	romn/s0510m1.mul.xml	bb0dbdbce9e29286c16665a52d4a81f219d41f748f112186fc8da4599a5c19a9	mula	verse	short	representative	representative_stratified	sutta	Khuddakanikāye	succeeded	True	False	572. ‘‘Idaṃ vatvāna sambuddho, pariḷāhaṃ vinodayaṃ; Mahājanassa purato, nabhaṃ abbhuggami tadā.	이것을 말씀하시고 나서 정등각자께서는, 열기를 제거하시면서, 대중의 앞에서, 그때 허공으로 솟아오르셨다.	그때 정등각자께서는 이 말씀을 하시고 나서, 열기를 제거하시며 대중 앞에서 허공으로 솟아오르셨다.	gloss: perfectly enlightened one; ko: 정등각자; note: 완전한 깨달음을 얻으신 부처님을 가리킨다.; pali: sambuddha | gloss: fever, burning, distress; ko: 열기; note: 신체적 열기 또는 번뇌로 인한 정신적 고통을 의미한다.; pali: pariḷāha | gloss: sky, air; ko: 허공; note: 하늘 또는 허공을 의미한다.; pali: nabha | gloss: rose up, ascended; ko: 솟아오르셨다; note: abbhuggacchati의 아오리스트 형태이다.; pali: abbhuggami	vatvāna는 vadati(말하다)의 연속체(gerund)로 '~하고 나서'라는 선후 관계를 나타낸다. | vinodayaṃ은 vinodeti(제거하다)의 현재분사 주격 단수 남성형으로, 주어인 sambuddho를 수식하며 동시 동작을 나타낸다.	pariḷāha(열기)는 신체적인 열기뿐만 아니라 탐·진·치로 인한 정신적인 고통이나 번뇌의 불길을 의미하며, 부처님께서 설법을 통해 대중의 이러한 고통을 가라앉히셨음을 나타낸다.	pariḷāhaṃ vinodayaṃ에서 제거하는 대상인 '열기'가 구체적으로 누구의 것인지 명시되어 있지 않으나, 문맥상 대중(mahājana)의 열기로 보는 것이 타당하다.	
117	vri:romn:s0514m.mul:88650af1ca41	romn/s0514m.mul.xml	f5a33c57e8d1351e5c6a3409aaa5be65af9ee12b8847e674da3a64b470fed25e	mula	verse	short	representative	representative_stratified	sutta	Khuddakanikāye	succeeded	True	False	1866. ‘‘Tato vessantaro rājā, oropetvā sakaṃ janaṃ; Assāsayi assarathaṃ, brāhmaṇassa dhanesino’’.	그 후 웨산따라 왕은 자신의 가족을 내리게 하고, 재물을 구하는 바라문에게 말과 마차를 주었다.	그 후 웨산따라 왕은 자신의 가족을 내리게 하고, 재물을 구하는 바라문에게 말과 마차를 주었다.	gloss: Vessantara; ko: 웨산따라; note: 이 자따까의 주인공인 웨산따라 왕.; pali: vessantaro | gloss: having made to descend; ko: 내리게 하고; note: oropeti의 절대분사.; pali: oropetvā | gloss: horse-chariot; ko: 말과 마차; note: assa(말)와 ratha(마차)의 복합어.; pali: assarathaṃ	Assāsayi는 문맥상 '위로했다'는 뜻의 assāseti의 아오리스트형으로 보이나, 마차를 보시하는 장면이므로 '주었다'는 의미로 해석하는 것이 자연스럽다. 혹은 assāsayi가 아니라 adāsi의 오기일 가능성도 있다.	웨산따라 왕이 자신의 마차를 바라문에게 보시하는 장면으로, 보시바라밀의 극치를 보여주는 대목이다.	Assāsayi를 '위로했다'로 직역할 경우 '말과 마차를 위로했다'가 되어 어색하다. 문맥상 마차를 보시하는 장면이므로 '주었다'로 의역하거나, 다른 판본의 독법을 참고해야 할 수 있다.	grammar_uncertain
118	vri:romn:abh03m11.mul:4ab6e93ef3c3	romn/abh03m11.mul.xml	7b570424938d1d6468cb0918adfa78b1227278b5ef8e67b5dce288050f780782	mula	prose	short	representative	representative_stratified	abhidhamma	Abhidhammapiṭake	succeeded	True	False	Nasaraṇaṃ nanabhāvanāya pahātabbahetukaṃ dhammaṃ paṭicca….	유쟁이 아니고 수습에 의해 버려져야 할 원인을 가지지 않은 법을 조건으로….	유쟁이 아니고 수습에 의해 버려져야 할 원인을 가지지 않은 법을 조건으로….	gloss: accompanied by defilements; ko: 유쟁; note: 번뇌와 함께하는 것을 의미하는 아비담마 용어이다.; pali: saraṇa | gloss: having a cause to be abandoned by development; ko: 수습에 의해 버려져야 할 원인을 가진 것; note: 수행(수습)을 통해 제거되어야 할 원인을 가진 법을 가리킨다.; pali: bhāvanāya pahātabbahetuka | gloss: dependent on; ko: 조건으로; note: 연기 및 발지론 문맥에서 조건 관계를 나타낸다.; pali: paṭicca	Nasaraṇaṃ은 부정 불변화사 na와 saraṇaṃ이 결합하여 '유쟁이 아닌'을 의미한다. | nanabhāvanāya는 문맥상 na와 bhāvanāya의 결합으로 보이며, '수습에 의해 버려져야 할 원인을 가지지 않은'으로 해석된다.	유쟁(saraṇa)은 번뇌와 함께하는 법을 의미하며, 수습에 의해 버려져야 할 원인을 가진 것(bhāvanāya pahātabbahetuka)은 수행을 통해 제거되어야 할 번뇌의 원인을 뜻한다.	nanabhāvanāya가 na + bhāvanāya의 오기인지, 아니면 na + na-bhāvanāya(이중부정)인지 불확실하나, 발지론의 부정(paccanīya) 문맥을 고려하여 na + bhāvanāya로 해석하여 번역했다.	grammar_uncertain
119	vri:romn:s0513m.mul:0912f8797c04	romn/s0513m.mul.xml	14c0fd0c335e6987947ec13e9817f4ef372d694bea1cc098c8b98fbb5408ff3a	mula	verse	short	representative	representative_stratified	sutta	Khuddakanikāye	succeeded	True	False	90. Paridevayamāno ce, kiñcidatthaṃ udabbahe; Sammūḷho hiṃsamattānaṃ, kayirā taṃ vicakkhaṇo.	만약 비탄해하는 자가 어떤 이익이라도 끌어낼 수 있다면, 어리석은 자가 자신을 해치면서 (하듯이), 현명한 자도 그것을 할 것이다.	만약 슬퍼하는 자가 어떤 이익이라도 얻을 수 있다면, 어리석은 자가 자신을 해치며 슬퍼하듯 현명한 자도 그렇게 할 것입니다.	gloss: lamenting; ko: 비탄해하는 자; note: paridevati(비탄해하다)의 현재분사형이다.; pali: paridevayamāna | gloss: could pull out, could obtain; ko: 끌어낼 수 있다면; note: udabbahati(끌어내다)의 소망법 형태로, 이익을 얻는다는 의미로 쓰였다.; pali: udabbahe | gloss: infatuated, foolish; ko: 어리석은 자; note: 미혹된 자, 어리석은 자를 뜻한다.; pali: sammūḷha | gloss: wise; ko: 현명한 자; note: 지혜로운 자, 현명한 자를 뜻한다.; pali: vicakkhaṇa	hiṃsamattānaṃ은 hiṃsaṃ(해치면서, 현재분사)과 attānaṃ(자신을, 목적격)의 연음이다. | udabbahe는 udabbahati(끌어내다, 얻다)의 3인칭 단수 소망법으로, 조건절 ce(만약)와 함께 쓰여 가정의 의미를 나타낸다.	이 게송은 죽은 자를 위해 슬퍼하고 비탄해하는 것이 아무런 이익이 없으며 오히려 자신을 해칠 뿐이라는 초기불교의 실용적이고 지혜로운 태도를 보여준다.	Sammūḷho hiṃsamattānaṃ 구문이 조건절에 속하는지 주절에 속하는지 모호할 수 있으나, 주석서의 맥락을 참고하여 '어리석은 자가 자신을 해치면서 (하듯이)'라는 의미로 해석하였다.	
120	vri:romn:s0510m1.mul:7a3644385caa	romn/s0510m1.mul.xml	81ac197ce68501a5b4bdc22eaa1a1235ab9fb51f1f5fa21d5a51d90512190a6d	mula	verse	short	representative	representative_stratified	sutta	Khuddakanikāye	succeeded	True	False	63. ‘‘Paṭisambhidā catasso…pe… kataṃ buddhassa sāsanaṃ’’.	네 가지 무애해 …생략… 부처님의 가르침이 행해졌다.	네 가지 무애해와 …(생략)… 부처님의 가르침을 모두 실천하였습니다.	gloss: analytical knowledge; ko: 무애해; note: 네 가지 분석적 지혜를 뜻한다.; pali: paṭisambhidā | gloss: teaching, dispensation; ko: 가르침; note: 부처님의 교법을 의미한다.; pali: sāsana	kataṃ buddhassa sāsanaṃ은 수동태 구문으로 직역하면 '부처님의 가르침이 행해졌다'가 된다.	아빠다나(Apadāna)에서 아라한과를 성취하고 수행을 완성했음을 선언하는 전형적인 정형구이다. | 생략된 부분(pe)에는 보통 여덟 가지 해탈(vimokkha)과 여섯 가지 신통(abhiññā)을 실현했다는 내용이 들어간다.		
121	vri:romn:abh03m4.mul:b5d0d957892b	romn/abh03m4.mul.xml	4c06dbd8bbfb9509e58981cd59ab05e3863765c6d0bcab53bb505b0863be571f	mula	prose	short	representative	representative_stratified	abhidhamma	Abhidhammapiṭake	succeeded	True	False	(Kha) na saccā na nirodhasaccaṃ?	(나) 진리가 아닌 것은 멸성제가 아닌가?	(나) 진리가 아닌 것은 멸성제가 아닌가?	gloss: truth; ko: 진리; note: 사성제 문맥에서 진리를 의미한다.; pali: sacca | gloss: truth of cessation; ko: 멸성제; note: 사성제 중 세 번째인 괴로움의 소멸의 진리를 가리킨다.; pali: nirodhasacca	na saccā는 '진리가 아닌 것'을 의미하며, Yamaka(쌍론)의 paccanīka(부정) 질문 형식에서 주어 역할을 한다. | na nirodhasaccaṃ은 '멸성제가 아니다'라는 부정 서술어 역할을 한다.	Yamaka(쌍론)의 단어 정립(Padasodhana)에서 개념의 외연을 묻는 전형적인 부정(paccanīka) 질문이다. 진리가 아닌 것은 멸성제도 아니라는 논리적 관계를 다룬다.		
122	vri:romn:s0510m1.mul:ce375093ec45	romn/s0510m1.mul.xml	1a483b0b9063b642216f288212911ea5d1c99b575e0aad2390e1e68c6c31cfb2	mula	verse	short	representative	representative_stratified	sutta	Khuddakanikāye	succeeded	True	False	87. ‘‘‘Ahampi kāraṃ kassāmi, lokanāthassa tādino; Tassa dhammesu dāyādo, bhavissāmi anāgate’.	나도 그러하신 세상의 보호자에게 공양을 할 것이다. 미래에 그의 법들에서 상속자가 될 것이다.	나도 그러하신 세상의 보호자께 공양을 올리리라. 미래에 그분의 가르침을 잇는 상속자가 되리라.	gloss: Lord of the World; ko: 세상의 보호자; note: 부처님을 지칭하는 표현이다.; pali: lokanātha | gloss: such a one; ko: 그러하신 분; note: 여여하신 분, 즉 부처님이나 아라한을 가리키는 수식어이다.; pali: tādin | gloss: heir; ko: 상속자; note: 가르침을 이어받는 자를 의미한다.; pali: dāyāda | gloss: service, homage; ko: 공양; note: 문맥상 부처님께 올리는 봉사나 공양을 의미한다.; pali: kāra	lokanāthassa tādino는 여격으로 쓰여 '세상의 보호자에게'라는 대상의 의미를 나타낸다. | kassāmi와 bhavissāmi는 각각 어근 kar와 bhū의 1인칭 단수 미래형 동사이다.	법의 상속자(dhamma-dāyāda)는 물질적인 재물이 아니라 부처님의 가르침을 이어받아 실천하고 깨달음을 얻는 진정한 제자를 의미한다.		
123	vri:romn:s0510m2.mul:ab2edba7c0ba	romn/s0510m2.mul.xml	d6cb1f38e01a70958abfbf766a73763aaf9bc9a5e7ae04b06e668b6f8b9c7d25	mula	verse	short	representative	representative_stratified	sutta	Khuddakanikāye	succeeded	True	False	132. ‘‘‘Muhuttaṃ taṇhāsamaṇaṃ, khīraṃ tvaṃ pāyito mayā; Tayāhaṃ santamaccantaṃ, dhammakhīrañhi pāyitā.	잠시 갈증을 가라앉히는 젖을 당신은 나에 의해 마시게 되었습니다. 당신에 의해 나는 참으로 평온하고 궁극적인 법의 젖을 마시게 되었습니다.	제가 당신에게 잠시 갈증을 달래주는 젖을 먹였습니다. 당신은 제게 참으로 평온하고 궁극적인 법의 젖을 먹이셨습니다.	gloss: quenching thirst; ko: 갈증을 가라앉히는; note: taṇhā(갈증/갈애)와 samaṇa(가라앉힘)의 복합어. 여기서는 육체적 갈증을 의미한다.; pali: taṇhāsamaṇa | gloss: milk of Dhamma; ko: 법의 젖; note: 육신의 젖(khīra)과 대비되는 부처님의 가르침을 비유한 표현.; pali: dhammakhīra | gloss: made to drink; ko: 마시게 된; note: 사역동사 pāyeti(마시게 하다, 젖을 먹이다)의 과거분사.; pali: pāyita	'tvaṃ pāyito mayā'와 'Tayāhaṃ ... pāyitā'는 모두 사역동사의 과거분사를 사용한 수동 구문으로, 직역하면 '당신은 나에 의해 마시게 되었다', '나는 당신에 의해 마시게 되었다'이다. | santamaccantaṃ은 santaṃ(평온한)과 accantaṃ(궁극적인)의 연음이다.	마하빠자빠띠 고따미가 부처님의 양모로서 육신의 젖을 먹인 것과, 부처님이 그녀에게 법을 설하여 해탈(법의 젖)로 이끈 것을 대비하여 은혜의 갚음을 표현한 게송이다. | taṇhā는 일반적으로 '갈애'를 뜻하지만, 여기서는 육체적 '갈증'을 의미하며 세속적 욕구의 일시적 해소와 궁극적 해탈을 대비시키는 중의적 효과를 가진다.		
124	vri:romn:s0508m.mul:f5c5b453a834	romn/s0508m.mul.xml	03d08aec25e6e7ca096181086fd7107cada2dbe49016a57766a636067182080e	mula	verse	short	representative	representative_stratified	sutta	Khuddakanikāye	succeeded	True	False	30. ‘‘Ābādhe me samuppanne, sati me udapajjatha; Ābādho me samuppanno, kālo me nappamajjitu’’nti.	나에게 질병이 일어났을 때, 나에게 마음챙김이 일어났다. '나에게 질병이 일어났다, 내가 방일하지 않을 때이다'라고.	나에게 병이 생겼을 때, 나에게 마음챙김이 일어났다. '나에게 병이 생겼으니, 이제 내가 방일하지 않아야 할 때이다'라고.	gloss: illness; ko: 질병; note: 육체적인 병이나 고통을 의미한다.; pali: ābādha | gloss: mindfulness; ko: 마음챙김; note: 수행의 핵심 요소로 쓰였다.; pali: sati | gloss: to be negligent; ko: 방일하다; note: 부정사 형태로 쓰여 방일하지 않아야 함을 나타낸다.; pali: pamajjati	Ābādhe me samuppanne는 처격 절대구문으로 '나에게 질병이 일어났을 때'를 의미한다. | nappamajjitu''nti는 부정사 pamajjituṃ에 부정어 na가 결합하고, 인용 불변화사 iti가 연음된 형태이다.	질병이라는 육체적 위기를 겪을 때 오히려 방일하지 않고 수행에 매진해야 한다는 수행자의 결의를 보여준다.		
125	vri:romn:s0510m1.mul:9075917beb73	romn/s0510m1.mul.xml	4c50275dd6c4e98239ee7705627872e5c65c48a77c90d5e7b6668ee5de901bb0	mula	verse	short	representative	representative_stratified	sutta	Khuddakanikāye	succeeded	True	False	522. ‘‘Niruttiyā sukusalo, atthānatthe ca kovido; Anaññātaṃ mayā natthi, ekaggo satthu sāsane.	어원에 매우 능숙하고, 이익과 불이익에 능통하다. 나에 의해 알지 못한 것은 없으며, 스승의 가르침에 전일하다.	어원에 매우 능숙하고, 이익과 불이익에 능통합니다. 제가 알지 못한 것은 없으며, 스승의 가르침에 온전히 집중합니다.	gloss: etymology, language; ko: 어원; note: 언어 표현이나 어원에 대한 지식을 의미하며, 무애해(paṭisambhidā)의 문맥과 연결된다.; pali: nirutti | gloss: benefit and harm, meaning and non-meaning; ko: 이익과 불이익; note: attha(이익)와 anattha(불이익)의 복합어이다.; pali: atthānattha | gloss: one-pointed, concentrated; ko: 전일한; note: 마음이 한 곳에 집중된 상태를 나타낸다.; pali: ekagga	atthānatthe는 attha(이익)와 anattha(불이익)가 결합된 복합어의 처격 형태이다. | Anaññātaṃ mayā natthi는 '나에 의해(mayā) 알지 못한 것(anaññātaṃ)은 없다(natthi)'라는 수동 구조이다.	nirutti는 네 가지 무애해(paṭisambhidā) 중 하나인 어원 무애해(nirutti-paṭisambhidā)와 관련이 깊으며, 율장에 정통한 우빨리 장로의 능력을 보여준다.	atthānatthe를 '이익과 불이익'으로 번역했으나, 문맥에 따라 '의미와 무의미'로도 해석될 수 있다.	
126	vri:romn:s0201m.mul:616218862450	romn/s0201m.mul.xml	a9c8ede8714f78b89b1b5f6af62db57cf395677b69caebec9a8faf665e5e420e	mula	prose	short	representative	representative_stratified	sutta	Majjhimanikāyo	succeeded	True	False	‘‘Avijjāya kho, āvuso visākha, vijjā paṭibhāgo’’ti.	"""도반 위사카여, 참으로 무명에 대응하는 것은 명(明)입니다.""라고."	"""도반 위사카여, 무명에 대응하는 것은 명(明)입니다."""	gloss: ignorance; ko: 무명; note: 진리에 대한 무지를 뜻하는 핵심 교리 용어.; pali: avijjā | gloss: true knowledge; ko: 명(明); note: 무명(avijjā)의 반대 개념으로 참된 앎을 의미한다.; pali: vijjā | gloss: counterpart; ko: 대응하는 것; note: 서로 짝이 되거나 반대되는 개념을 나타낼 때 쓰인다.; pali: paṭibhāga	Avijjāya는 여성 명사 avijjā의 여격 또는 속격 단수 형태로, '~에 대응하는 것'의 대상을 나타낸다. | paṭibhāgo는 남성 명사 paṭibhāga의 주격 단수 형태로, vijjā와 동격으로 쓰여 서술어 역할을 한다.	무명(avijjā)과 명(vijjā)은 서로 반대되는 개념으로, 무명이 소멸할 때 명이 일어남을 나타낸다.		
127	vri:romn:vin01m.mul:4ac66ef7e85c	romn/vin01m.mul.xml	35a2d0864b0a97a66259608d747112bae9551c47022f43d63b457067aff5b7c6	mula	verse	short	representative	representative_stratified	vinaya	Vinayapiṭake	succeeded	True	False	Sāvatthiyā caturo muṭṭhī, dve vighāsā duve tiṇā; Saṅghassa bhājayuṃ satta, satta ceva assāmikā.	사왓티에서 네 줌, 두 가지 남은 음식, 두 가지 풀, 승가의 것을 나눈 일곱 가지, 그리고 주인이 없는 일곱 가지.	사왓티에서의 네 줌, 두 가지 남은 음식, 두 가지 풀, 승가의 것을 나눈 일곱 가지, 그리고 주인이 없는 일곱 가지 [판례들이다].	gloss: handful; ko: 줌; note: 손으로 쥔 분량을 나타내는 단위로 쓰였다.; pali: muṭṭhi | gloss: leftover food; ko: 남은 음식; note: 먹다 남은 음식이나 찌꺼기를 의미한다.; pali: vighāsa | gloss: ownerless; ko: 주인이 없는; note: 소유자가 없는 물건을 가리킨다.; pali: assāmika	Sāvatthiyā는 처격으로 '사왓티에서 일어난 사건'을 의미한다. | bhājayuṃ은 아오리스트 동사(나누었다)이지만, 요약 게송에서는 사건을 지칭하는 명사구의 일부처럼 쓰였다.	이 게송은 율장 제2 바라이죄(도둑질)와 관련된 여러 판례(Vinītavatthu)들을 기억하기 위해 핵심어와 숫자를 나열한 요약 게송(Uddāna)이다.	요약 게송의 특성상 각 단어가 구체적으로 어떤 사건을 가리키는지는 본문을 대조해야 정확히 알 수 있으나, 여기서는 게송 자체의 문자적 의미에 충실하게 번역하였다.	
128	vri:romn:abh03m6.mul:7cb47ca1ad21	romn/abh03m6.mul.xml	00d1e8a598c0a15a0aabf019b4efbb739287cc518169996784f95701b4b5e6b1	mula	prose	short	representative	representative_stratified	abhidhamma	Abhidhammapiṭake	succeeded	True	False	Yassa vā pana yattha manindriyaṃ uppajjissati tassa tattha saddhindriyaṃ uppajjatīti?	혹은 반면에 누구에게 어디에서 마노의 기능이 일어날 것인가, 그에게 거기에서 믿음의 기능이 일어나는가?	혹은 반면에 누구에게 어떤 장소에서 마노의 기능이 일어날 것인가, 그에게 그 장소에서 믿음의 기능이 일어나는가?	gloss: mind faculty; ko: 마노의 기능; note: mano(마노)와 indriya(기능)의 복합어.; pali: manindriya | gloss: faculty of faith; ko: 믿음의 기능; note: saddhā(믿음)와 indriya(기능)의 복합어.; pali: saddhindriya | gloss: will arise; ko: 일어날 것이다; note: uppajjati의 미래형.; pali: uppajjissati | gloss: arises; ko: 일어난다; note: 현재 시제 동사.; pali: uppajjati	Yassa ... tassa와 yattha ... tattha 구조가 결합되어 개인(puggala)과 장소(okāsa)를 동시에 묻고 있다. | uppajjissati(미래)와 uppajjati(현재) 시제가 대비되어 현재-미래의 발생 여부를 묻는다.	기능 쌍론(Indriyayamaka)에서 현재-미래 장의 순로(anuloma) 질문으로, 특정 개인과 장소에서 마노의 기능이 미래에 일어날 것인지와 믿음의 기능이 현재 일어나고 있는지를 묻고 있다.		
129	vri:romn:s0507m.mul:702e8ccd7a3d	romn/s0507m.mul.xml	fe5308471c2707b89230d2a5e093bc63b2629213553b1e2d386e90797889df12	mula	verse	medium	representative	representative_stratified	sutta	Khuddakanikāye	succeeded	True	False	529. ‘‘Yaṃ kiñcahaṃ cakkhunā passissāmi , sabbampi tāhaṃ abhisaddaheyyaṃ; Disvāva taṃ nopi ce saddaheyyaṃ, kareyyāsi me yakkha niyassakamma’’nti.	내가 눈으로 볼 어떤 것이든, 그 모든 것을 나는 믿을 것입니다. 그것을 보고서도 만약 내가 믿지 않는다면, 야차여, 당신은 나에게 징벌을 내리십시오.'라고.	제가 눈으로 보는 것은 무엇이든 그 모든 것을 믿겠습니다. 그것을 보고서도 만약 제가 믿지 않는다면, 야차여, 저에게 벌을 내리십시오.	gloss: yakkha; ko: 야차; note: 초자연적 존재를 가리키며, 여기서는 대화 상대를 부르는 호격으로 쓰였다.; pali: yakkha | gloss: punishment; ko: 징벌; note: 굴복시키는 행위나 벌을 의미한다.; pali: niyassakamma	Yaṃ kiñcahaṃ은 yaṃ kiñci ahaṃ의 연음이고, tāhaṃ은 taṃ ahaṃ의 연음이다. | Disvāva는 disvā eva의 연음으로 '보고서도'라는 강조의 의미를 나타낸다. | abhisaddaheyyaṃ과 saddaheyyaṃ은 원망법 1인칭 단수형으로 화자의 의지나 가정을 나타내며, kareyyāsi는 원망법 2인칭 단수형으로 상대방에 대한 요구를 나타낸다.		niyassakammaṃ의 정확한 어원 분석(예: ni+yassa)은 학자들 사이에서 이견이 있을 수 있으나, 문맥상 '징벌'이나 '굴복시키는 행위'로 해석하는 것이 일반적이다.	
130	vri:romn:s0404m2.mul:36fed5828158	romn/s0404m2.mul.xml	95933f69a062ed1da5e9b4e4a32caf5a77567c3e0b1401c91323ed279e785edb	mula	prose	medium	representative	representative_stratified	sutta	Aṅguttaranikāyo	succeeded	True	False	‘‘Katamāni pañca bhayāni verāni vūpasantāni honti? Yaṃ, bhikkhave, pāṇātipātī pāṇātipātapaccayā diṭṭhadhammikampi bhayaṃ veraṃ pasavati, samparāyikampi bhayaṃ veraṃ pasavati, cetasikampi dukkhaṃ domanassaṃ paṭisaṃvedeti, pāṇātipātā paṭivirato…pe… evaṃ taṃ bhayaṃ veraṃ vūpasantaṃ hoti.	"""어떤 다섯 가지 두려움과 원한이 가라앉은 것입니까? 비구들이여, 생명을 죽이는 자는 생명을 죽이는 것을 조건으로 지금 여기에서의 두려움과 원한도 생산하고, 내세에서의 두려움과 원한도 생산하고, 마음의 괴로움과 슬픔도 경험하지만, 생명을 죽이는 것에서 삼가는 자는 …(생략)… 이와 같이 그 두려움과 원한이 가라앉은 것입니다."""	"""어떤 다섯 가지 두려움과 원한이 가라앉은 것입니까? 비구들이여, 생명을 죽이는 자는 생명을 죽이는 것을 조건으로 현세의 두려움과 원한도 만들어내고, 내세의 두려움과 원한도 만들어내며, 마음의 괴로움과 슬픔도 겪습니다. 그러나 생명을 죽이는 것을 삼가는 자는 …(생략)… 이와 같이 그 두려움과 원한이 가라앉게 됩니다."""	gloss: fear; ko: 두려움; note: 악행으로 인해 발생하는 두려움을 의미한다.; pali: bhaya | gloss: enmity, hostility; ko: 원한; note: 타인과의 관계나 내면에서 발생하는 적대감이나 원한을 의미한다.; pali: vera | gloss: allayed, calmed; ko: 가라앉은; note: 계율을 지킴으로써 부정적인 상태가 소멸하거나 평정된 상태를 나타낸다.; pali: vūpasanta | gloss: belonging to the present life; ko: 지금 여기의; note: 현세에서 겪는 과보를 가리킨다.; pali: diṭṭhadhammika | gloss: belonging to the next life; ko: 내세의; note: 죽은 뒤 다음 생에서 겪는 과보를 가리킨다.; pali: samparāyika	Yaṃ ... pasavati ... paṭivirato ... evaṃ taṃ ... vūpasantaṃ hoti: Yaṃ은 관계대명사로 뒤의 taṃ과 호응하며, 살생하는 자가 겪는 두려움과 원한을 가리킨다. 살생을 삼가는 자에게는 '그(taṃ)' 두려움과 원한이 가라앉는다는 구조이다. | diṭṭhadhammikampi ... samparāyikampi ... cetasikampi: 불변화사 -pi(api)가 반복되어 현세, 내세, 마음의 세 가지 측면 모두에서 고통이 발생함을 강조한다.	오계(pañcasīla)를 어기는 행위가 현세와 내세, 그리고 심리적으로 어떤 고통(두려움과 원한)을 낳는지, 그리고 계를 지킬 때 그것이 어떻게 소멸하는지를 보여주는 정형구이다.	…pe… (peyyāla) 부분은 정형구에 따라 '현세의 두려움과 원한을 생산하지 않고, 내세의 두려움과 원한을 생산하지 않고, 마음의 괴로움과 슬픔을 경험하지 않는다'는 내용이 생략된 것이다.	
131	vri:romn:s0513m.mul:d74ff2c7090b	romn/s0513m.mul.xml	2fec1e04ed45319967a350adc3137ca171adf3dc3ec46cff6e1c4ae262439174	mula	verse	medium	representative	representative_stratified	sutta	Khuddakanikāye	succeeded	True	False	103. Dhammo have rakkhati dhammacāriṃ, chattaṃ mahantaṃ viya vassakāle; Dhammena gutto mama dhammapālo, aññassa aṭṭhīni sukhī kumāroti.	법은 참으로 법을 행하는 자를 보호한다, 비 오는 때에 큰 우산처럼. 법에 의해 보호받는 나의 담마빨라. 다른 이의 뼈들이다. 소년은 행복하다라고.	법은 참으로 법을 행하는 자를 보호한다. 우기에 큰 우산이 비를 막아주듯. 법에 의해 보호받는 나의 담마빨라는 무사하다. 이것은 다른 사람의 뼈다. 내 아들은 잘 있다고.	gloss: Dhamma; ko: 법; note: 여기서는 진리, 올바른 행위, 도덕적 법칙을 의미한다.; pali: dhamma | gloss: one who practices the Dhamma; ko: 법을 행하는 자; note: 올바른 행위를 실천하는 사람을 뜻한다.; pali: dhammacārin | gloss: Dhammapāla; ko: 담마빨라; note: 본생담에 등장하는 아들의 이름이자 '법을 수호하는 자'라는 의미를 지닌다.; pali: dhammapāla	chattaṃ mahantaṃ viya vassakāle는 '비 오는 때에 큰 우산(이 보호하는 것)처럼'으로 해석되며, 동사 rakkhati가 생략된 채 연결된다. | kumāroti는 kumāro와 인용 불변화사 iti가 결합된 연음 형태이다.	이 게송은 올바른 법의 실천이 그 실천자를 보호한다는 불교의 인과응보적 세계관을 잘 보여준다.	Dhammena gutto mama dhammapālo 뒤에 동사가 명시되지 않아 문맥상 '무사하다' 또는 '안전하다'로 보충하여 해석했다.	
132	vri:romn:abh03m4.mul:e97c0f62fae8	romn/abh03m4.mul.xml	fb753d179801c63b449c7064ae16fc0488a191cafb7c3e7c6666c3b1cb47892b	mula	prose	medium	representative	representative_stratified	abhidhamma	Abhidhammapiṭake	succeeded	True	False	Kāmāvacarā cavantānaṃ aghānakānaṃ kāmāvacaraṃ upapajjantānaṃ rūpāvacarānaṃ tesaṃ tattha ghānāyatanaṃ nuppajjati, no ca tesaṃ tattha rūpāyatanaṃ nuppajjittha. Suddhāvāsānaṃ arūpānaṃ tesaṃ tattha ghānāyatanañca nuppajjati rūpāyatanañca nuppajjittha.	욕계에서 죽어가는 자들, 코가 없이 욕계에 태어나는 자들, 색계에 있는 자들, 그들에게 거기서 코의 감각장소가 일어나지 않는다. 그러나 그들에게 거기서 형상의 감각장소가 일어나지 않았던 것은 아니다. 정거천에 있는 자들, 무색계에 있는 자들, 그들에게 거기서 코의 감각장소도 일어나지 않고 형상의 감각장소도 일어나지 않았다.	욕계에서 죽어가는 자들, 코가 없이 욕계에 태어나는 자들, 색계에 있는 자들, 그들에게 거기서 코의 감각장소는 일어나지 않는다. 그러나 그들에게 거기서 형상의 감각장소가 일어나지 않았던 것은 아니다. 정거천에 있는 자들, 무색계에 있는 자들, 그들에게 거기서 코의 감각장소도 일어나지 않고 형상의 감각장소도 일어나지 않았다.	gloss: nose base; ko: 코의 감각장소; note: 여섯 감각장소 중 후각 기관을 가리킨다.; pali: ghānāyatana | gloss: form base; ko: 형상의 감각장소; note: 시각의 대상이 되는 감각장소를 가리킨다.; pali: rūpāyatana | gloss: Pure Abodes; ko: 정거천; note: 불환과를 얻은 성자들만이 태어나는 색계의 높은 하늘이다.; pali: Suddhāvāsa | gloss: one without a nose; ko: 코가 없는 자; note: 업의 결과로 후각 기관 없이 태어나는 중생을 가리킨다.; pali: aghānaka	no ca ... nuppajjittha는 이중 부정 구문으로 '일어나지 않았던 것은 아니다'라는 의미를 나타낸다. | cavantānaṃ, upapajjantānaṃ 등은 복수 여격/속격으로, 여기서는 '~에게'라는 의미로 쓰였다.	정거천(Suddhāvāsa)은 불환과를 얻은 성자만 태어나는 곳으로, 그곳에 다시 태어나는 일이 없으므로 과거에 그 장소에서 형상의 감각장소가 일어난 적이 없다.		
133	vri:romn:abh03m3.mul:48b099a84ea6	romn/abh03m3.mul.xml	641ef2a704b2dcbac1afa354a5729d3401bff6d0e52dcb74572158bf0fdc8c71	mula	prose	medium	representative	representative_stratified	abhidhamma	Abhidhammapiṭake	succeeded	True	False	Sabbe saṅkhārā anodhiṃ katvā kukkuḷāti? Āmantā. Dānaṃ aniṭṭhaphalaṃ akantaphalaṃ amanuññaphalaṃ secanakaphalaṃ dukkhudrayaṃ dukkhavipākanti? Na hevaṃ vattabbe.	"""모든 형성된 것들은 예외를 두지 않고 잿더미인가?"" ""그렇다."" ""보시는 원치 않는 결과를 가지고, 좋아하지 않는 결과를 가지고, 마음에 들지 않는 결과를 가지고, 눈물을 흘리게 하는 결과를 가지고, 괴로움을 낳고, 괴로운 과보를 가지는가?"" ""그렇게 말해서는 안 된다."""	"""모든 형성된 것들은 예외 없이 잿더미인가?"" ""그렇다."" ""보시는 원치 않는 결과를 가져오고, 좋아하지 않는 결과를 가져오고, 마음에 들지 않는 결과를 가져오고, 눈물을 흘리게 하는 결과를 가져오며, 괴로움을 낳고, 괴로운 과보를 가지는가?"" ""그렇게 말해서는 안 된다."""	gloss: conditioned things; ko: 형성된 것들; note: 이 문맥에서는 조건 지어진 모든 현상(제행)을 가리킨다.; pali: saṅkhāra | gloss: hot ashes; ko: 잿더미; note: 모든 형성된 것을 불타는 잿더미에 비유한 논쟁의 핵심 용어이다.; pali: kukkuḷa | gloss: without exception; ko: 예외 없이; note: 한계(odhi)를 두지 않는다는 의미로 쓰였다.; pali: anodhiṃ katvā | gloss: result; ko: 과보; note: 행위(업)에 따른 결과를 의미한다.; pali: vipāka	anodhiṃ katvā는 '한계(odhi)를 두지(katvā) 않고(an-)'라는 구조로 '예외 없이'라는 부사적 의미를 나타낸다. | dukkhudrayaṃ은 dukkha(괴로움)와 udraya(낳는, 산출하는)가 결합된 복합어이다.	이 대목은 모든 형성된 것(제행)을 불타는 잿더미처럼 오직 괴로움으로만 보는 특정 부파의 주장을 논파하는 부분이다. | 논자는 상대방의 주장을 받아들일 경우, 선업인 보시(dāna)조차도 괴로운 과보를 낳는다는 모순에 빠지게 됨을 지적하고 있다.	secanakaphalaṃ은 '뿌리는 결과를 가지는'이라는 뜻이나, 문맥상 '눈물을 흘리게 하는'으로 해석하거나 socanakaphalaṃ(슬픔의 결과를 가지는)의 이독으로 볼 수 있다. 여기서는 눈물을 흘리게 하는 결과로 번역하였다.	
134	vri:romn:s0516m.mul:993137d4b8b0	romn/s0516m.mul.xml	78646c60713c6c00caee7ad6c6afe6d4e3ceb056f2d29646e5607497ce26ff39	mula	prose	medium	representative	representative_stratified	sutta	Khuddakanikāye	succeeded	True	False	Vimokkho tassa kīdisoti vimokkho tassa kīdiso kiṃsaṇṭhito kiṃpakāro kiṃpaṭibhāgo icchitabboti vimokkhaṃ pucchatīti – vimokkho tassa kīdiso. Tenāha so brāhmaṇo –	'그의 해탈은 어떠합니까'라는 것은, 그의 해탈은 어떠합니까, 어떤 형태입니까, 어떤 종류입니까, 어떤 비유입니까, [어떻게] 바래져야 합니까라고 해탈을 묻는 것이다. 이런 이유로 '그의 해탈은 어떠합니까'라고 한 것이다. 그러므로 그 바라문은 말했다.	'그의 해탈은 어떠합니까?'라는 구절은, 그의 해탈은 어떠한지, 어떤 형태인지, 어떤 종류인지, 어떤 비유로 설명되는지, 어떻게 원해야 하는지 해탈에 대해 묻는 것이다. 그래서 '그의 해탈은 어떠합니까?'라고 한 것이다. 그러므로 그 바라문은 다음과 같이 말했다.	gloss: liberation; ko: 해탈; note: 번뇌로부터 벗어남을 의미하는 핵심 교리 용어이다.; pali: vimokkha | gloss: shape, form; ko: 형태; note: 어떤 상태나 모습을 묻는 문맥에서 사용되었다.; pali: saṇṭhita | gloss: kind, sort; ko: 종류; note: 방식이나 종류를 나타낸다.; pali: pakāra | gloss: counterpart, resemblance; ko: 비유; note: 대응되는 것이나 비유를 묻는 표현이다.; pali: paṭibhāga	'kiṃsaṇṭhito kiṃpakāro kiṃpaṭibhāgo icchitabbo'는 'kīdiso(어떠한가)'라는 의문사를 구체적으로 풀어 설명하는 소의석(Cūḷaniddesa) 특유의 주석 방식이다. | 'Tenāha so brāhmaṇo'는 'Tena āha so brāhmaṇo'의 연음으로, '그러므로 그 바라문은 말했다'라는 뜻이며 다음 게송을 도입하는 정형구이다.	해탈(vimokkha)의 성질과 상태를 묻는 토데야 학도의 질문에 대해, 소의석은 다양한 의문사를 동원하여 그 질문의 의미를 상세히 풀이하고 있다.	'icchitabbo'를 '[어떻게] 바래져야 합니까'로 번역하였으나, 문맥상 '어떤 것으로 원해져야 합니까'로도 해석될 수 있다.	
135	vri:romn:s0506m.mul:aeb50818f8b7	romn/s0506m.mul.xml	6d2ff4b5ea179fba09fabbaf3fc404f7d5c9f00a3789c8fa8adab599173478f3	mula	verse	medium	representative	representative_stratified	sutta	Khuddakanikāye	succeeded	True	False	14. ‘‘Akkhāmi te bhikkhu mahānubhāva, manussabhūtā yamakāsi puññaṃ; Tenamhi evaṃ jalitānubhāvā, vaṇṇo ca me sabbadisā pabhāsatī’’ti.	「큰 위력을 지니신 비구시여, 인간이었을 때 제가 지은 공덕을 당신에게 말씀드립니다. 그것으로 인해 저는 이처럼 빛나는 위력을 가졌고, 저의 용색은 모든 방향으로 빛납니다.」라고.	「큰 위력을 지니신 비구시여, 제가 인간이었을 때 지은 공덕을 당신께 말씀드리겠습니다. 그 공덕으로 인해 저는 이처럼 빛나는 위력을 지니게 되었고, 저의 용색은 모든 방향으로 빛납니다.」	gloss: of great power; ko: 큰 위력을 지닌 자; note: 비구를 부르는 호격으로 쓰였다.; pali: mahānubhāva | gloss: merit; ko: 공덕; note: 선행을 통해 쌓은 과보의 원인을 의미한다.; pali: puñña | gloss: appearance, beauty; ko: 용색; note: 천신들의 빛나는 외모나 피부색을 의미한다.; pali: vaṇṇa	yamakāsi는 관계대명사 yaṃ과 1인칭 단수 과거형 akāsiṃ이 결합하는 과정에서 운율을 위해 니가히따(ṃ)가 생략된 형태이다. | Tenamhi는 원인을 나타내는 지시대명사 국격 Tena와 1인칭 단수 동사 amhi가 결합된 형태이다.	천궁사(Vimānavatthu)에서 천신들이 자신의 과거 공덕을 설명하고 그로 인해 얻은 빛나는 외모와 위력을 찬탄하는 전형적인 구절이다.		
136	vri:romn:s0507m.mul:46c3c639e11e	romn/s0507m.mul.xml	ac53aed551ca68ebf564f9c8a50ec52a6188822ee49014a6b0d3a78444c20556	mula	verse	medium	representative	representative_stratified	sutta	Khuddakanikāye	succeeded	True	False	796. ‘‘Ayañca te pokkharaṇī surammā, samā sutitthā ca mahodakā ca; Supupphitā bhamaragaṇānukiṇṇā, kathaṃ tayā laddhā ayaṃ manuññā.	그리고 너의 이 연못은 매우 아름답고, 평탄하고 좋은 나루터가 있고 물이 많으며, 꽃이 잘 피어 있고 벌 떼로 뒤덮여 있는데, 어떻게 너에 의해 이 마음에 드는 것이 얻어졌는가?	그리고 그대의 이 연못은 매우 아름답고, 평탄하고 좋은 나루터가 있고 물이 많으며, 꽃이 만발하고 벌 떼로 뒤덮여 있는데, 어떻게 그대는 이 마음에 드는 연못을 얻었는가?	gloss: lotus pond; ko: 연못; note: 연꽃이 피는 연못을 가리킨다.; pali: pokkharaṇī | gloss: covered with swarms of bees; ko: 벌 떼로 뒤덮인; note: bhamara(벌), gaṇa(무리), anukiṇṇā(뒤덮인)의 복합어이다.; pali: bhamaragaṇānukiṇṇā | gloss: delightful; ko: 마음에 드는; note: 감각적으로 즐겁고 매혹적인 상태를 나타낸다.; pali: manuññā	pokkharaṇī를 수식하는 형용사들(surammā, samā, sutitthā, mahodakā, supupphitā, bhamaragaṇānukiṇṇā, manuññā)이 모두 여성 주격 단수로 일치한다. | tayā laddhā는 수동태 구문으로 '너에 의해 얻어졌다'는 의미이나, 자연역에서는 능동태로 번역하였다.	뻬따왓투(아귀사)에서 아귀가 전생의 선업으로 인해 얻은 과보(아름다운 연못 등)에 대해 묻는 장면이다.		
137	vri:romn:s0403m1.mul:ecdeacc57dca	romn/s0403m1.mul.xml	4378eb45231731c57edd5dfdc67e30de5a85ebe31f38d9e1a69f70fd48744b61	mula	prose	medium	representative	representative_stratified	sutta	Aṅguttaranikāyo	succeeded	True	False	106. Ekaṃ samayaṃ bhagavā kosambiyaṃ viharati ghositārāme. Atha kho āyasmā ānando yena bhagavā tenupasaṅkami; upasaṅkamitvā bhagavantaṃ abhivādetvā ekamantaṃ nisīdi. Ekamantaṃ nisinno kho āyasmā ānando bhagavantaṃ etadavoca –	106. 한때 세존께서는 꼬삼비에, 고시따 원에 머무신다. 그때 참으로 존자 아난다는 세존께서 계신 곳으로, 거기로 다가갔다. 다가가서 세존께 절을 올리고 한곁에 앉았다. 한곁에 앉은 참으로 존자 아난다는 세존께 이것을 말했다.	106. 한때 세존께서는 꼬삼비의 고시따 원에 머무셨다. 그때 아난다 존자는 세존께서 계신 곳으로 다가갔다. 다가가서 세존께 절을 올리고 한곁에 앉았다. 한곁에 앉은 아난다 존자는 세존께 이렇게 말씀드렸다.	gloss: Blessed One; ko: 세존; note: 부처님을 지칭하는 대표적인 호칭이다.; pali: bhagavā | gloss: venerable; ko: 존자; note: 비구를 높여 부르는 호칭이다.; pali: āyasmā | gloss: to one side; ko: 한곁에; note: 부처님이나 존경하는 이에게 다가가 예의를 갖추어 앉는 위치를 나타낸다.; pali: ekamantaṃ	yena ... tena ...는 관계부사 구문으로 '~가 있는 곳으로, 거기로'라는 의미를 나타낸다. | etadavoca는 etad(이것을)와 avoca(말했다)의 연음이다.			
138	vri:romn:s0404m1.mul:370c63d8466c	romn/s0404m1.mul.xml	a1798b8a3337d82cf6082ccf78fef1e678c8ad6dcdc801bb751a91c2e9cc5957	mula	prose	medium	representative	representative_stratified	sutta	Aṅguttaranikāyo	succeeded	True	False	‘‘Ye te bhattu abbhantarā kammantā – uṇṇāti vā kappāsāti vā – tattha dakkhā hoti analasā tatrupāyāya vīmaṃsāya samannāgatā alaṃ kātuṃ alaṃ saṃvidhātuṃ.	남편의 집안 일들이 어떤 것이든 — 양털이든 목화이든 — 거기에 능숙하고 게으르지 않으며, 거기에 적합한 수단에 대한 궁리를 갖추어, 하기에 충분하고 처리하기에 충분하다.	남편의 집안일이 양털을 다루는 것이든 목화를 다루는 것이든, 그 일에 능숙하고 게으르지 않으며, 그에 알맞은 방법을 궁리하여 일을 해내고 잘 처리할 능력을 갖춥니다.	gloss: husband's; ko: 남편의; note: bhattar의 속격 형태로 쓰였다.; pali: bhattu | gloss: work, business; ko: 일; note: 여기서는 집안의 가사 노동이나 수공업을 가리킨다.; pali: kammanta | gloss: skillful, clever; ko: 능숙한; note: 여성 단수 주격 형태로 쓰였다.; pali: dakkha | gloss: investigation, consideration; ko: 궁리; note: 일을 처리하기 위한 적절한 방법이나 수단을 숙고하는 것을 의미한다.; pali: vīmaṃsā | gloss: to arrange, to manage; ko: 처리하기에; note: saṃvidahati의 부정사 형태로, 일을 배열하고 관리하는 능력을 나타낸다.; pali: saṃvidhātuṃ	uṇṇāti vā kappāsāti vā는 uṇṇā + iti vā kappāsa + iti vā의 연음으로, 양털이나 목화와 관련된 가사 노동을 예시로 든다. | tatrupāyāya vīmaṃsāya samannāgatā는 구격 명사구와 과거분사가 결합하여 '그에 알맞은 수단에 대한 궁리를 갖춘'이라는 의미를 나타낸다. | alaṃ + 부정사(kātuṃ, saṃvidhātuṃ) 구문은 '~하기에 충분하다' 또는 '~할 능력이 있다'는 뜻이다.	재가 여성(아내)이 갖추어야 할 덕목 중 하나로, 가사 노동(특히 방적이나 직조 같은 수공업)에 능숙하고 부지런해야 함을 강조하는 대목이다.		
139	vri:romn:e0101n.mul:1c6cd91e9a2a	romn/e0101n.mul.xml	535bb095caaba3d6c1041a88b9de2821816ec65921d1ab6709bb3fc6622dd1ff	mula	prose	medium	representative	representative_stratified	extra	unknown	succeeded	True	False	Ettha ca ye maggaṭṭhā, te sammāpaṭipattisamaṅgitāya suppaṭipannā. Ye phalaṭṭhā, te sammāpaṭipadāya adhigantabbassa adhigatattā atītaṃ paṭipadaṃ sandhāya suppaṭipannāti veditabbā.	그리고 여기서 도에 머무는 자들, 그들은 바른 도닦음을 갖추었기 때문에 잘 도닦는 자들이다. 과에 머무는 자들, 그들은 바른 도닦음에 의해 성취되어야 할 것을 성취했기 때문에 과거의 도닦음을 가리켜서 잘 도닦는 자들이라고 알아야 한다.	그리고 여기서 도에 든 자들은 바른 도닦음을 갖추었기 때문에 잘 도닦는 자들이다. 과에 든 자들은 바른 도닦음에 의해 성취해야 할 것을 이미 성취했기 때문에, 과거의 도닦음을 가리켜서 잘 도닦는 자들이라고 알아야 한다.	gloss: those who stand on the path; ko: 도에 머무는 자들; note: 사쌍팔배 중 도(magga)에 든 자들을 가리킨다.; pali: maggaṭṭhā | gloss: those who stand in the fruit; ko: 과에 머무는 자들; note: 사쌍팔배 중 과(phala)에 든 자들을 가리킨다.; pali: phalaṭṭhā | gloss: practicing well; ko: 잘 도닦는 자들; note: 승가의 덕목 중 하나인 선도행자(善道行者)를 의미한다.; pali: suppaṭipannā | gloss: right practice; ko: 바른 도닦음; note: 올바른 수행과 실천을 의미한다.; pali: sammāpaṭipatti | gloss: referring to; ko: 가리켜서; note: sandahati의 연속체(gerund)로 '~을 참조하여', '~을 가리켜서'라는 의미로 쓰였다.; pali: sandhāya	sammāpaṭipattisamaṅgitāya는 samaṅgitā(갖춤)의 탈격 형태로 원인(~때문에)을 나타낸다. | adhigantabbassa adhigatattā에서 adhigantabba(성취되어야 할 것)의 속격이 adhigatattā(성취했기 때문에)의 목적어 역할을 한다.	승가수념(Saṅghānussati)에서 승가의 덕목 중 하나인 '잘 도닦는 자들(suppaṭipannā)'이 사쌍팔배(四雙八輩) 중 도(magga)에 든 자들과 과(phala)에 든 자들에게 각각 어떻게 적용되는지 설명하는 대목이다. | 과에 든 자들은 이미 성취를 이루었으므로, 현재의 닦음이 아니라 과거에 닦았던 바른 도닦음을 근거로 '잘 도닦는 자들'이라 불린다는 점을 명확히 하고 있다.		
140	vri:romn:abh03m10.mul:cf9f1a15cc86	romn/abh03m10.mul.xml	da57b77172fe5963290366d647df7c2fb33c723749d132f241d9edb8f3308e7c	mula	prose	medium	representative	representative_stratified	abhidhamma	Abhidhammapiṭake	succeeded	True	False	143. Hetuyā nava, ārammaṇe nava, adhipatiyā nava…pe… purejāte cha…pe… kamme nava, vipāke nava…pe… avigate nava.	143. 원인에 9, 대상에 9, 지배에 9, ...생략..., 이전에 생겨난 것에 6, ...생략..., 업에 9, 과보에 9, ...생략..., 떠나지 않은 것에 9.	143. 원인 조건에 9가지, 대상 조건에 9가지, 지배 조건에 9가지, ...생략..., 이전에 생겨난 조건에 6가지, ...생략..., 업 조건에 9가지, 과보 조건에 9가지, ...생략..., 떠나지 않은 조건에 9가지가 있다.	gloss: root/cause; ko: 원인; note: 24연(paccaya) 중 원인 조건(hetu-paccaya)을 가리킨다.; pali: hetu | gloss: object; ko: 대상; note: 24연 중 대상 조건(ārammaṇa-paccaya)을 가리킨다.; pali: ārammaṇa | gloss: predominance; ko: 지배; note: 24연 중 지배 조건(adhipati-paccaya)을 가리킨다.; pali: adhipati | gloss: prenascence; ko: 이전에 생겨난 것; note: 24연 중 이전에 생겨난 조건(purejāta-paccaya)을 가리킨다.; pali: purejāta | gloss: non-disappearance; ko: 떠나지 않은 것; note: 24연 중 떠나지 않은 조건(avigata-paccaya)을 가리킨다.; pali: avigata	Hetuyā, ārammaṇe 등은 24연(paccaya)의 각 조건을 나타내며, 처격 또는 구격 형태로 쓰여 해당 조건에서의 경우의 수를 나타낸다.	빳타나(발취론)의 숫자 부분(Saṅkhyāvāra)으로, 각 조건(paccaya)에 따라 성립하는 경우의 수를 나열하고 있다.		
141	vri:romn:abh03m6.mul:cd98d09085dc	romn/abh03m6.mul.xml	c53307a22d2d95ec848222b9c80733105cce03f2b599593f3cf66eaa16ec7476	mula	prose	medium	representative	representative_stratified	abhidhamma	Abhidhammapiṭake	succeeded	True	False	Akusalānaṃ bhaṅgakkhaṇe tesaṃ tattha kusalā dhammā na nirujjhanti, no ca tesaṃ tattha akusalā dhammā na nirujjhanti. Sabbesaṃ cittassa uppādakkhaṇe kusalavippayuttaakusalavippayuttacittassa bhaṅgakkhaṇe asaññasattānaṃ tesaṃ tattha kusalā ca dhammā na nirujjhanti akusalā ca dhammā na nirujjhanti.	불선법들의 멸하는 찰나에 그들에게 그곳에서 선법들은 멸하지 않는다. 그러나 그들에게 그곳에서 불선법들이 멸하지 않는 것은 아니다. 모든 이들의 마음이 일어나는 찰나에, 선과 불상응하고 불선과 불상응하는 마음이 멸하는 찰나에, 무상유정들에게, 그들에게 그곳에서 선법들도 멸하지 않고 불선법들도 멸하지 않는다.	불선법들이 멸하는 찰나에 그들에게 그곳에서 선법들은 멸하지 않지만, 불선법들이 멸하지 않는 것은 아닙니다. 모든 존재들의 마음이 일어나는 찰나에, 선과 불상응하고 불선과 불상응하는 마음이 멸하는 찰나에, 그리고 무상유정들에게, 그들에게 그곳에서 선법들도 멸하지 않고 불선법들도 멸하지 않습니다.	gloss: moment of dissolution; ko: 멸하는 찰나; note: 마음이나 법이 소멸하는 순간을 가리킨다.; pali: bhaṅgakkhaṇa | gloss: moment of arising; ko: 일어나는 찰나; note: 마음이나 법이 발생하는 순간을 가리킨다.; pali: uppādakkhaṇa | gloss: dissociated; ko: 불상응하는; note: 특정 법과 결합하지 않은 상태를 의미한다.; pali: vippayutta | gloss: non-percipient being; ko: 무상유정; note: 인식이 없는 중생을 가리킨다.; pali: asaññasatta	'no ca ... na nirujjhanti'는 이중부정 구문으로, 실제로는 멸한다는 긍정의 의미를 논리적으로 강조한다. | 'Sabbesaṃ cittassa uppādakkhaṇe', '...cittassa bhaṅgakkhaṇe', 'asaññasattānaṃ'은 뒤따르는 결론의 세 가지 조건적 상황을 나열한 것이다.	선과 불상응하고 불선과 불상응하는 마음(kusalavippayutta-akusalavippayutta-citta)은 선도 불선도 아닌 무기(abyākata)의 마음을 가리킨다. | 야마까(쌍론)의 전형적인 논리 구조로, 특정 법의 생멸 찰나와 존재 상태에 따른 상호 관계를 엄밀하게 규명한다.		
142	vri:romn:s0515m.mul:fff509c88127	romn/s0515m.mul.xml	515da22651bed41f79237651f815f51fdc4d24a442afd684ccb07071479c3fb6	mula	prose	medium	representative	representative_stratified	sutta	Khuddakanikāye	succeeded	True	False	Etaṃ me pabrūhi yatonidānanti. Etanti yaṃ pucchāmi yaṃ yācāmi yaṃ ajjhesāmi yaṃ pasādemi. Pabrūhīti brūhi vadehi ācikkha desehi paññapehi paṭṭhapehi vivara vibhaja uttānīkarohi pakāsehīti – etaṃ me pabrūhi. Yatonidānanti yaṃnidānaṃ yaṃsamudayaṃ yaṃjātikaṃ yaṃpabhavanti – etaṃ me pabrūhi yatonidānaṃ.	'이것이 무엇을 원인으로 하는지 나에게 말해주십시오'라는 것은. '이것'이란 내가 묻는 것, 내가 간청하는 것, 내가 청하는 것, 내가 명확히 하려는 것이다. '말해주십시오'란 말하십시오, 이르십시오, 알려주십시오, 가르쳐주십시오, 천명하십시오, 확립하십시오, 드러내십시오, 분석하십시오, 명백히 하십시오, 밝히십시오라는 뜻이니, '이것을 나에게 말해주십시오'라는 것이다. '무엇을 원인으로 하는지'란 어떤 원인인지, 어떤 일어남인지, 어떤 태어남인지, 어떤 발생인지라는 뜻이니, '이것이 무엇을 원인으로 하는지 나에게 말해주십시오'라는 것이다.	'이것이 무엇을 원인으로 하는지 나에게 말해주십시오.'라는 구절에서, '이것'이란 내가 묻는 것, 내가 간청하는 것, 내가 청하는 것, 내가 명확히 하려는 것을 말한다. '말해주십시오'란 말하십시오, 이르십시오, 알려주십시오, 가르쳐주십시오, 천명하십시오, 확립하십시오, 드러내십시오, 분석하십시오, 명백히 하십시오, 밝히십시오라는 뜻이니, 곧 '이것을 나에게 말해주십시오.'라는 것이다. '무엇을 원인으로 하는지'란 어떤 원인인지, 어떤 일어남인지, 어떤 태어남인지, 어떤 발생인지라는 뜻이니, 곧 '이것이 무엇을 원인으로 하는지 나에게 말해주십시오.'라는 것이다.	gloss: from what cause; ko: 무엇을 원인으로 하는지; note: yato(무엇으로부터)와 nidāna(원인)의 복합어이다.; pali: yatonidāna | gloss: tell, explain; ko: 말해주십시오; note: pa+brūhi 형태의 2인칭 단수 명령법 동사이다.; pali: pabrūhi | gloss: make clear, propitiate; ko: 명확히 하려는 것; note: 질문을 통해 뜻을 명확히 하거나 스승을 기쁘게 하려는 행위를 나타낸다.; pali: pasādemi | gloss: arising; ko: 일어남; note: 원인에 의해 결과가 발생하는 것을 의미한다.; pali: samudaya | gloss: origin, source; ko: 발생; note: 사물이 비롯되는 근원이나 발생을 뜻한다.; pali: pabhava	Etaṃ me pabrūhi yatonidānanti는 인용 조사 'ti'로 묶여 해설의 대상이 되는 구절을 나타낸다. | brūhi, vadehi, ācikkha 등은 모두 2인칭 단수 명령법 동사들로, 'pabrūhi'의 의미를 동의어들로 풀이한 것이다.	마하니데사(Mahāniddesa) 특유의 주석 방식으로, 하나의 단어나 구절을 수많은 동의어를 나열하여 그 의미를 명확히 하고 있다.	pasādemi는 '기쁘게 하다', '맑게 하다', '명확히 하다' 등의 의미가 있으며, 여기서는 질문을 통해 뜻을 명확히 하려는 행위로 해석하였다.	
143	vri:romn:s0301m.mul:e1b09a2f8367	romn/s0301m.mul.xml	b18b77e23e8ec1bab0b1cccb453bf4b0b091a70dcf873f4d1de9794f700e4678	mula	prose	medium	representative	representative_stratified	sutta	Saṃyuttanikāyo	succeeded	True	False	191. Sāvatthinidānaṃ. Atha kho ahiṃsakabhāradvājo brāhmaṇo yena bhagavā tenupasaṅkami; upasaṅkamitvā bhagavatā saddhiṃ sammodi. Sammodanīyaṃ kathaṃ sāraṇīyaṃ vītisāretvā ekamantaṃ nisīdi. Ekamantaṃ nisinno kho ahiṃsakabhāradvājo brāhmaṇo bhagavantaṃ etadavoca – ‘‘ahiṃsakāhaṃ, bho gotama, ahiṃsakāhaṃ, bho gotamā’’ti.	191. 사왓티가 인연이다. 그때 참으로 아힝사까바라드와자 바라문이 세존이 계신 곳으로 다가갔다. 다가가서 세존과 함께 환담을 나누었다. 기쁘고 기억할 만한 이야기를 나눈 뒤 한곁에 앉았다. 한곁에 앉은 참으로 아힝사까바라드와자 바라문은 세존께 이것을 말했다. '고따마시여, 나는 아힝사까입니다. 고따마시여, 나는 아힝사까입니다.'라고.	191. 사왓티가 배경이다. 그때 아힝사까바라드와자 바라문이 세존께서 계신 곳으로 다가갔다. 다가가서 세존과 함께 환담을 나누었다. 안부를 묻고 기억할 만한 이야기를 나눈 뒤 한곁에 앉았다. 한곁에 앉은 아힝사까바라드와자 바라문은 세존께 이와 같이 말했다. '고따마시여, 저는 아힝사까(해치지 않는 자)입니다. 고따마시여, 저는 아힝사까입니다.'	gloss: harmless, non-injuring; ko: 아힝사까; note: 바라문의 이름이자 '해치지 않는 자'라는 의미를 동시에 가진다.; pali: ahiṃsaka | gloss: originating in Savatthi; ko: 사왓티가 인연이다; note: 경전의 배경이 사왓티임을 나타내는 정형구이다.; pali: Sāvatthinidānaṃ	ahiṃsakāhaṃ은 ahiṃsako와 ahaṃ이 결합된 연음 형태이다. | yena bhagavā tenupasaṅkami는 '세존이 계신 곳으로 다가갔다'는 의미의 장소 관계 대명사 구문이다.	바라문은 자신의 이름인 '아힝사까(해치지 않는 자)'를 언급하며 자신을 소개하고 있다.		
144	vri:romn:s0516m.mul:7eefaba18cae	romn/s0516m.mul.xml	a618214e2641413de75c768d17511708706417b3f9ddd7a80d9a40ff67befdd7	mula	verse	medium	representative	representative_stratified	sutta	Khuddakanikāye	succeeded	True	False	26. Etābhinandāmi vaco mahesino, sukittitaṃ gotamanūpadhīkaṃ; Addhā hi bhagavā pahāsi dukkhaṃ, tathā hi te vidito esa dhammo.	나는 위대한 성자의 이 말씀을 크게 기뻐합니다. 고따마시여, 잘 설해졌고 재생의 근거가 없는 (말씀을). 참으로 세존께서는 괴로움을 버리셨습니다. 왜냐하면 그와 같이 당신에 의해 이 법이 알려졌기 때문입니다.	나는 위대한 성자의 이 말씀을 크게 기뻐합니다. 고따마시여, 참으로 잘 설해졌고 재생의 근거가 없는 말씀입니다. 참으로 세존께서는 괴로움을 버리셨습니다. 그와 같이 당신께서 이 법을 아셨기 때문입니다.	gloss: great sage; ko: 위대한 성자; note: 부처님을 가리키는 존칭으로 쓰였다.; pali: mahesi | gloss: substratum of rebirth; ko: 재생의 근거; note: anūpadhīkaṃ(재생의 근거가 없는)의 어근으로 쓰였다.; pali: upadhi | gloss: to rejoice; ko: 크게 기뻐하다; note: Etābhinandāmi(Etaṃ + abhinandāmi)의 동사 원형이다.; pali: abhinandati	Etābhinandāmi는 지시대명사 Etaṃ과 동사 abhinandāmi의 연음이다. | gotamanūpadhīkaṃ은 호격 gotama와 대격 anūpadhīkaṃ이 결합된 형태로, anūpadhīkaṃ은 목적어 vaco(말씀)를 수식한다. | te vidito는 '당신에 의해 알려진'이라는 수동 구조이며, 문맥상 '당신께서 아신'으로 자연스럽게 해석된다.	upadhi(재생의 근거)는 오온, 번뇌, 업 등 윤회를 지속하게 하는 근원적인 집착의 대상을 의미하며, 여기서는 부처님의 말씀이 그러한 얽매임에서 벗어나 있음을 찬탄하고 있다.		
145	vri:romn:abh03m10.mul:2d60180db41a	romn/abh03m10.mul.xml	2bd1dd5d96e2f4fc2a737c126f96bb273192380b81678a5f78b935c36b9c7ede	mula	prose	medium	representative	representative_stratified	abhidhamma	Abhidhammapiṭake	succeeded	True	False	523. Hetu bahiddhā dhammo hetussa bahiddhā dhammassa ārammaṇapaccayena paccayo… sahajātapaccayena paccayo… upanissayapaccayena paccayo (saṃkhittaṃ).	원인인 외적인 법은 원인인 외적인 법에게 대상 조건으로 조건이다… 함께 생긴 조건으로 조건이다… 강력한 의지 조건으로 조건이다. (줄임)	원인인 외적인 법은 원인인 외적인 법에게 대상 조건으로 조건이 된다… 함께 생긴 조건으로 조건이 된다… 강력한 의지 조건으로 조건이 된다. (줄임)	gloss: root cause; ko: 원인; note: 빳타나에서 조건 관계의 주체 또는 객체로서의 원인을 의미한다.; pali: hetu | gloss: external; ko: 외적인; note: 내적인(ajjhatta) 것에 대비되는 외적인 것을 의미한다.; pali: bahiddhā | gloss: object condition; ko: 대상 조건; note: 소연연(所緣緣)을 의미한다.; pali: ārammaṇapaccaya | gloss: conascence condition; ko: 함께 생긴 조건; note: 구생연(俱生緣)을 의미한다.; pali: sahajātapaccaya | gloss: decisive support condition; ko: 강력한 의지 조건; note: 친의지연(親依止緣)을 의미한다.; pali: upanissayapaccaya	주격 'Hetu bahiddhā dhammo'는 조건이 되는 법을, 여격 'hetussa bahiddhā dhammassa'는 조건 지어지는 법을 나타낸다.	빳타나(발취론)에서 외적인 법들 사이의 조건 관계를 대상 조건, 함께 생긴 조건, 강력한 의지 조건 등으로 설명하는 대목이다.		
146	vri:romn:abh03m3.mul:a8d463b1205c	romn/abh03m3.mul.xml	68bba8b9e0ff2f70731d7cc2fdd8463eebc8bd597bea160e310b731d58dcd954	mula	prose	medium	representative	representative_stratified	abhidhamma	Abhidhammapiṭake	succeeded	True	False	Hañci atthi devā ajaḷā anelamūgā viññū na hatthasaṃvācikā paṭibalā subhāsitadubbhāsitānaṃ atthamaññātuṃ…pe… atthi devā buddhe pasannā…pe… sammādiṭṭhikā, no ca vata re vattabbe – ‘‘natthi devesu brahmacariyavāso’’ti.	"만약 참으로 어리석지 않고, 벙어리가 아니고, 지혜롭고, 손짓으로 말하지 않고, 잘 설해진 것과 잘못 설해진 것의 의미를 알 능력이 있는 신들이 존재한다면 …(생략)… 부처님께 청정한 믿음을 가진 신들이 존재한다면 …(생략)… 바른 견해를 가진 [신들이 존재한다면], 참으로 그대여 ""신들 가운데에는 청정범행을 머묾이 없다""라고 말해서는 안 된다."	"만약 참으로 어리석지 않고, 벙어리가 아니며, 지혜롭고, 손짓으로 소통하지 않으며, 잘 설해진 것과 잘못 설해진 것의 의미를 이해할 능력이 있는 신들이 존재한다면, …(생략)… 부처님께 청정한 믿음을 가진 신들이 존재한다면, …(생략)… 바른 견해를 가진 신들이 존재한다면, 참으로 그대여 ""신들 가운데에는 청정범행을 닦는 일이 없다""라고 주장해서는 안 된다."	gloss: living the holy life; ko: 청정범행을 머묾; note: brahmacariya(청정범행)와 vāsa(머묾, 삶)의 복합어이다.; pali: brahmacariyavāsa | gloss: not deaf and dumb; ko: 벙어리가 아님; note: 전통적으로 벙어리가 아닌 상태를 뜻하며, 지적 능력이 온전함을 나타낸다.; pali: anelamūga | gloss: communicating by hand gestures; ko: 손짓으로 말함; note: hattha(손)와 saṃvācika(말하는)의 복합어로 수화를 의미한다.; pali: hatthasaṃvācika	Hañci는 yadi와 같은 조건 접속사로 '만약 참으로'라는 의미를 가진다. | vattabbe는 논서의 논쟁 문맥에서 자주 쓰이는 마가디(Māgadhī)어 형태의 주격으로, '말해져야 한다'는 의미의 미래수동분사이다. | re는 상대를 부르는 호격 불변화사로 논쟁에서 상대를 지칭할 때 쓰인다.	이 단락은 신(deva)들 중에도 지혜가 있고 부처님께 믿음을 가지며 바른 견해를 지닌 이들이 있으므로, 천계에서도 청정범행(brahmacariya)을 닦는 것이 가능하다는 상좌부의 입장을 보여준다.	anelamūga는 전통적으로 '벙어리'로 번역되나, 어원적으로는 '침을 흘리는 바보'를 의미할 수도 있다. 여기서는 전통적인 번역을 따랐다.	
147	vri:romn:vin02m2.mul:8ee1c940143b	romn/vin02m2.mul.xml	43f9208845f55e24254939c53eba06ab717c853563403dde3b484096f444655b	mula	prose	medium	representative	representative_stratified	vinaya	Vinayapiṭake	succeeded	True	False	Idha pana, bhikkhave, bhikkhunā vassāvāso paṭissuto hoti pacchimikāya. So taṃ āvāsaṃ gantvā uposathaṃ karoti, pāṭipade vihāraṃ upeti, senāsanaṃ paññapeti, pānīyaṃ paribhojanīyaṃ upaṭṭhāpeti, pariveṇaṃ sammajjati. So tadaheva akaraṇīyo pakkamati. Tassa, bhikkhave, bhikkhuno pacchimikā ca na paññāyati, paṭissave ca āpatti dukkaṭassa.	비구들이여, 그런데 여기 비구에 의해 나중 안거로 안거가 약속되었다. 그는 그 처소로 가서 포살을 하고, 초하루에 승원에 들어가고, 침구를 마련하고, 마실 물과 쓸 물을 준비하고, 주변을 쓴다. 그는 바로 그날 할 일이 없는데도 떠난다. 비구들이여, 그 비구에게 나중 안거는 알려지지 않고, 약속에 대해서는 악작죄가 있다.	비구들이여, 그런데 여기 어떤 비구가 나중 안거(후안거)를 지내겠다고 약속했다. 그는 그 처소로 가서 포살을 하고, 초하루에 승원에 들어가서, 침구를 마련하고, 마실 물과 쓸 물을 준비하고, 주변을 청소한다. 그는 바로 그날 합당한 이유 없이 떠나버린다. 비구들이여, 그 비구에게 나중 안거는 성립하지 않고, 약속한 것에 대해서는 악작죄가 성립한다.	gloss: rains retreat; ko: 안거; note: 우기 동안 한곳에 머무는 수행 기간.; pali: vassāvāsa | gloss: later rains retreat; ko: 나중 안거; note: 후안거. 두 번째 달에 시작하는 안거.; pali: pacchimikā | gloss: first day of the lunar fortnight; ko: 초하루; note: 포살 다음 날인 초하루를 가리킨다.; pali: pāṭipada | gloss: offense of wrong-doing; ko: 악작죄; note: 율장 규정을 어겼을 때 주어지는 가벼운 죄.; pali: dukkaṭa | gloss: promise; ko: 약속; note: 동의하거나 약속함.; pali: paṭissava	pacchimikāya는 pacchimikā(나중 안거)의 구격 또는 처격 형태로, 여기서는 '나중 안거로'라는 의미로 쓰였다. | akaraṇīyo는 '해야 할 일이 없는'이라는 뜻으로, 안거를 떠날 만한 합당한 이유가 없음을 나타낸다. | na paññāyati는 직역하면 '알려지지 않는다'이나, 율장 문맥에서는 안거가 '성립하지 않는다'는 의미로 쓰인다.	비구가 특정 처소에서 안거를 지내겠다고 약속한 뒤, 합당한 이유 없이 떠나면 안거는 깨지고 약속을 어긴 것에 대한 악작죄(dukkaṭa)를 짓게 된다.	pacchimikāya의 정확한 격 해석이 문맥상 구격(나중 안거로)인지 처격(나중 안거에)인지 다소 모호하나, 의미상 큰 차이는 없다.	
148	vri:romn:abh03m9.mul:cd2928cb3fb3	romn/abh03m9.mul.xml	d715bc97b7ddc7860ad5d12d057428d2c639ff72a95653bec41cc66797d9a6c5	mula	prose	medium	representative	representative_stratified	abhidhamma	Abhidhammapiṭake	succeeded	True	False	Hetu ceva sahetuko ca sahetuko ceva na ca hetu ca dhammā hetussa ceva sahetukassa ca sahetukassa ceva na ca hetussa ca dhammassa adhipatipaccayena paccayo. Ārammaṇādhipati – hetuñca sampayuttake ca khandhe garuṃ katvā hetū ca sampayuttakā ca khandhā uppajjanti. (3)	원인이면서 원인과 함께하고, 원인과 함께하면서 원인은 아닌 법들은 원인이면서 원인과 함께하고, 원인과 함께하면서 원인은 아닌 법에게 증상연으로 조건이 된다. 대상 증상연 - 원인과 결합된 무더기들을 무겁게 하여 원인들과 결합된 무더기들이 일어난다. (3)	원인이면서 원인을 가지는 법과, 원인을 가지면서 원인은 아닌 법은 원인이면서 원인을 가지는 법과, 원인을 가지면서 원인은 아닌 법에게 증상연(증장하는 조건)으로 조건이 된다. 대상 증상연 - 원인과 그에 상응하는 무더기들을 중요하게 여겨 원인들과 그에 상응하는 무더기들이 일어난다. (3)	gloss: root/cause; ko: 원인; note: 아비담마에서 탐·진·치 등의 뿌리(원인)를 의미한다.; pali: hetu | gloss: with root; ko: 원인과 함께하는; note: 원인을 가지는(유인) 법을 가리킨다.; pali: sahetuka | gloss: predominance condition; ko: 증상연; note: 빳타나의 24연 중 하나로, 지배적으로 작용하는 조건이다.; pali: adhipatipaccaya | gloss: object predominance; ko: 대상 증상연; note: 대상을 중요하게 여겨 지배적인 조건이 되는 것을 말한다.; pali: ārammaṇādhipati | gloss: associated; ko: 상응하는; note: 마음과 함께 결합되어 일어나는 마음부수 등을 가리킨다.; pali: sampayuttaka	garuṃ katvā는 '무겁게 하여'라는 뜻으로, 대상을 중요하게 여기거나 존중하여 마음을 기울이는 상태를 나타내는 관용적 표현이다. | hetuñca sampayuttake ca khandhe는 대격 복수형으로 garuṃ katvā의 목적어 역할을 한다.	빳타나(발취론)의 증상연(adhipatipaccaya) 중 대상 증상연(ārammaṇādhipati)을 설명하는 구절이다. | 대상 증상연은 특정한 대상을 매우 중요하게 여겨 그것을 조건으로 마음과 마음부수(상응하는 무더기들)가 일어나는 관계를 말한다.	hetu ceva sahetuko ca sahetuko ceva na ca hetu ca dhammā에서 두 부류의 법이 주어로 묶여 있는데, 이를 'A와 B인 법들은'으로 번역할지 'A인 법과 B인 법은'으로 번역할지 문맥상 미묘한 차이가 있을 수 있다.	
149	vri:romn:abh03m10.mul:8dc4ae512712	romn/abh03m10.mul.xml	6a4887ec4a9a8a1349be5472a8582da3fc86b5542438279b17684c4589b43e83	mula	prose	medium	representative	representative_stratified	abhidhamma	Abhidhammapiṭake	succeeded	True	False	(Yathā kusalattike pañhāvārassa anulomampi paccanīyampi anulomapaccanīyampi paccanīyānulomampi gaṇitaṃ, evaṃ gaṇetabbaṃ.)	(유익함 삼원에서 질문의 장의 순종도, 역종도, 순역종도, 역순종도 산정된 것처럼, 이와 같이 산정되어야 한다.)	(유익함 삼원에서 질문의 장의 순종, 역종, 순역종, 역순종이 산정된 것처럼, 이와 같이 산정되어야 한다.)	gloss: the wholesome triad; ko: 유익함 삼원; note: 선(kusala), 불선(akusala), 무기(abyākata)로 이루어진 세 가지 법의 묶음을 가리킨다.; pali: kusalattika | gloss: question chapter; ko: 질문의 장; note: 팟타나(발취론)에서 조건 관계를 묻고 답하는 형식을 다루는 부분이다.; pali: pañhāvāra | gloss: forward direction; ko: 순종; note: 조건 관계를 순방향으로 분석하는 방식을 의미한다.; pali: anuloma | gloss: reverse direction; ko: 역종; note: 조건 관계를 역방향으로 분석하는 방식을 의미한다.; pali: paccanīya | gloss: should be calculated; ko: 산정되어야 한다; note: 경우의 수를 세거나 계산해야 함을 나타내는 미래수동분사이다.; pali: gaṇetabba	Yathā ... evaṃ ... 구문은 '~한 것처럼 이와 같이 ~하다'라는 상관 접속 구조를 이룬다. | gaṇitaṃ과 gaṇetabbaṃ은 각각 과거분사와 미래수동분사로, 중성 단수 주격 형태로 쓰여 수동의 의미를 나타낸다.	아비담마 팟타나(발취론)에서 조건 관계를 분석할 때 순방향(anuloma), 역방향(paccanīya), 그리고 이들의 결합 방식에 따라 경우의 수를 산정하는 방식을 지시하는 문장이다.		
150	vri:romn:s0302m.mul:3c9e69b33d7f	romn/s0302m.mul.xml	23cdff3ef16288db24887c329f38c3de65a38eddee05ec68a65e7a4efb7ee25a	mula	prose	medium	representative	representative_stratified	sutta	Saṃyuttanikāyo	succeeded	True	False	‘‘Kiṃ nu kho, bho gotama, so karoti so paṭisaṃvedayatī’’ti? ‘‘‘So karoti so paṭisaṃvedayatī’ti kho, brāhmaṇa, ayameko anto’’.	"""고따마시여, 참으로 그가 행하고 그가 경험합니까?"" ""바라문이여, '그가 행하고 그가 경험한다'라는 것은 참으로 이것은 하나의 극단이다."""	"""고따마시여, 행한 그 사람이 그 과보를 경험합니까?"" ""바라문이여, '행한 그 사람이 그 과보를 경험한다'라는 것은 하나의 극단이다."""	gloss: does, acts; ko: 행하다; note: 업을 짓는 행위를 의미한다.; pali: karoti | gloss: experiences, feels; ko: 경험하다; note: 행위에 대한 과보를 겪는 것을 의미한다.; pali: paṭisaṃvedayati | gloss: extreme; ko: 극단; note: 중도(majjhimā paṭipadā)에 어긋나는 치우친 견해를 가리킨다.; pali: anta	"""so karoti so paṭisaṃvedayati""는 주어 'so(그가)'가 행위와 경험의 주체로 동일하게 반복되어, 행위자와 과보의 수용자가 같다는 견해를 나타낸다."	'행한 그 사람이 그 과보를 경험한다'는 견해는 자아가 영원히 존속한다는 상견(sassatavāda)에 해당하며, 붓다는 이를 하나의 극단(anta)으로 규정하고 연기라는 중도를 설한다.		
151	vri:romn:s0519m.mul:b17ff037694e	romn/s0519m.mul.xml	61903f7a45674de8257fbf703c99a232fe5b04c8c789d07f43bf2077f738190a	mula	prose	medium	representative	representative_stratified	sutta	Khuddakanikāye	succeeded	True	False	‘‘Nissitassa calita’’nti nissayo nāma duvidho taṇhānissayo ca diṭṭhinissayo ca. Tattha yā rattassa cetanā, ayaṃ taṇhānissayo; yā mūḷhassa cetanā, ayaṃ diṭṭhinissayo. Cetanā pana saṅkhārā, saṅkhārapaccayā viññāṇaṃ, viññāṇapaccayā nāmarūpaṃ, evaṃ sabbo paṭiccasamuppādo. Ayaṃ paṭiccasamuppādehi otaraṇā.	'의지하는 자에게 동요가 있다'라는 것에서, 의지라는 것은 두 가지이니, 갈애의 의지와 견해의 의지이다. 거기서 탐착하는 자의 의도, 이것이 갈애의 의지이다. 어리석은 자의 의도, 이것이 견해의 의지이다. 그런데 의도는 의도적 행위들이고, 의도적 행위들을 조건으로 알음알이가, 알음알이를 조건으로 정신·물질이 [일어난다]. 이와 같이 모든 연기가 [일어난다]. 이것이 연기들로 포섭함이다.	'의지하는 자에게 동요가 있다'라는 구절에서, 의지라는 것은 갈애의 의지와 견해의 의지 두 가지입니다. 거기서 탐착하는 자의 의도가 갈애의 의지이고, 어리석은 자의 의도가 견해의 의지입니다. 그런데 의도는 의도적 행위들이고, 의도적 행위들을 조건으로 알음알이가, 알음알이를 조건으로 정신·물질이 일어납니다. 이와 같이 모든 연기가 일어납니다. 이것이 연기로 포섭하는 방식입니다.	gloss: dependence; ko: 의지; note: 무언가에 의존하거나 바탕을 두는 것을 의미한다.; pali: nissaya | gloss: volition; ko: 의도; note: 행위를 일으키는 마음의 작용을 의미한다.; pali: cetanā | gloss: volitional formations; ko: 의도적 행위들; note: 12연기 문맥이므로 의도적 행위들로 번역하였다.; pali: saṅkhārā | gloss: dependent origination; ko: 연기; note: 조건에 따라 일어나는 법칙을 의미한다.; pali: paṭiccasamuppāda | gloss: inclusion; ko: 포섭함; note: 넫띠빠까라나의 해석 방법론 중 하나로, 특정 교설을 연기나 오온 등에 편입시키는 것을 의미한다.; pali: otaraṇā	'Nissitassa calitaṃ'은 우다나(Ud 8.3) 등에 등장하는 구절로, 속격 nissitassa는 '~에게'라는 소유 또는 주체의 의미를 나타낸다. | 'Cetanā pana saṅkhārā'에서 단수 주어(cetanā)와 복수 보어(saṅkhārā)가 동격으로 연결되어 있다.	넫띠빠까라나(Nettippakaraṇa)의 16가지 해석 방식(hāra) 중 하나인 '포섭의 하라(otaraṇahāra)'를 설명하는 대목이다. | 의도(cetanā)를 연기의 두 번째 지분인 의도적 행위들(saṅkhārā)과 동일시하여, 경전의 구절을 12연기의 흐름으로 포섭하여 해석하고 있다.		
152	vri:romn:s0513m.mul:545a4ef14103	romn/s0513m.mul.xml	bf841b299a9bbf12ee70121427bc45a7ea78c534c58d9695d5970433432ee0f9	mula	verse	medium	representative	representative_stratified	sutta	Khuddakanikāye	succeeded	True	False	Suva kinnara mukka kharājinaso, bhisajāta mahesi kapotavaro; Atha mora satacchaka vāṇijako, atha rāja sabrāhmaṇa bhikkhaparanti.	앵무새, 낀나라, 매, 거친 가죽옷을 입은 자, 연근 자따까, 왕비, 훌륭한 비둘기, 그리고 공작, 목수 멧돼지, 상인, 그리고 왕, 브라만과 함께, 탁발 음식의 차례라고 한다.	(이 장에는) 앵무새, 낀나라, 매, 거친 가죽옷을 입은 자, 연근, 왕비, 훌륭한 비둘기, 그리고 공작, 목수 멧돼지, 상인, 그리고 왕, 브라만, 탁발 음식의 차례 (자따까가 있다).	gloss: parrot; ko: 앵무새; note: Sālikedāra-jātaka를 가리킨다.; pali: suva | gloss: kinnara; ko: 낀나라; note: Candakinnara-jātaka를 가리킨다.; pali: kinnara | gloss: lotus root jātaka; ko: 연근 자따까; note: Bhisa-jātaka를 가리킨다.; pali: bhisajāta | gloss: excellent pigeon; ko: 훌륭한 비둘기; note: Pañcūposatha-jātaka를 가리킨다.; pali: kapotavaro | gloss: succession of alms; ko: 탁발 음식의 차례; note: Bhikkhāparampara-jātaka를 가리킨다.; pali: bhikkhaparaṃ	이 게송은 Pakiṇṇakanipāta(제14장)에 수록된 13개의 자따까 제목이나 핵심 소재를 나열한 요약 게송(Uddāna)이다. | bhikkhaparanti는 bhikkhaparaṃ과 인용 불변화사 iti가 결합된 형태이다.	자따까의 각 장(nipāta) 끝에는 해당 장에 포함된 이야기들을 기억하기 쉽게 나열한 요약 게송이 배치된다.	mukka는 문맥상 Mahā-ukkusa-jātaka의 매(ukkusa)를 가리키는 것으로 보이나, 정확한 형태학적 도출은 불확실하다. | satacchaka는 Tacchasūkara-jātaka를 가리키며, '목수(taccha)와 함께(sa)' 또는 '목수 멧돼지'를 의미하는 것으로 추정된다.	grammar_uncertain
153	vri:romn:s0102m.mul:d54ec428fbe3	romn/s0102m.mul.xml	5c180856e1c9d21f0de7ef31d7b2721d2a9b21e40ec2dfd6f1100ebe3692211c	mula	prose	medium	representative	representative_stratified	sutta	Dīghanikāyo	succeeded	True	False	‘‘Svākkhāto kho pana tena bhagavatā dhammo sandiṭṭhiko akāliko ehipassiko opaneyyiko paccattaṃ veditabbo viññūhi. Evaṃ opaneyyikassa dhammassa desetāraṃ imināpaṅgena samannāgataṃ satthāraṃ neva atītaṃse samanupassāma, na panetarahi, aññatra tena bhagavatā.	참으로 그 세존에 의해 법은 잘 설해졌고, 스스로 보아 알 수 있고, 시간이 걸리지 않고, 와서 보라고 할 만하고, 향상으로 인도하고, 지자들에 의해 각자 알아야 하는 것이다. 이와 같이 향상으로 인도하는 법의 설법자이며 이러한 요소도 갖춘 스승을 우리는 과거에도 결코 본 적이 없고, 현재에도 없다, 그 세존을 제외하고는.	참으로 그 세존께서 설하신 법은 잘 설해졌고, 스스로 보아 알 수 있고, 시간이 걸리지 않고, 와서 보라고 할 만하고, 향상으로 인도하고, 지혜로운 이들이 각자 알아야 하는 것입니다. 이와 같이 향상으로 인도하는 법을 설하시며 이러한 특징을 갖춘 스승을 우리는 과거에도 결코 본 적이 없고 현재에도 뵙지 못했습니다. 오직 그 세존을 제외하고는 말입니다.	gloss: visible here and now; ko: 스스로 보아 알 수 있는; note: 법의 6가지 덕목 중 하나이다.; pali: sandiṭṭhika | gloss: timeless, immediate; ko: 시간이 걸리지 않는; note: 법의 6가지 덕목 중 하나이다.; pali: akālika | gloss: inviting to come and see; ko: 와서 보라고 할 만한; note: 법의 6가지 덕목 중 하나이다.; pali: ehipassika | gloss: leading onward; ko: 향상으로 인도하는; note: 법의 6가지 덕목 중 하나이다.; pali: opaneyyika | gloss: wise person; ko: 지자; note: 지혜로운 사람을 뜻한다.; pali: viññū	imināpaṅgena는 iminā api aṅgena의 연음으로, '이러한 요소로도'라는 의미를 가진다. | aññatra tena bhagavatā에서 aññatra는 도구격(tena bhagavatā)을 취하여 '~을 제외하고'라는 의미를 나타낸다.	이 구절은 불교에서 법(Dhamma)의 6가지 덕목을 찬탄하는 정형구이다.		
154	vri:romn:s0302m.mul:1c0c911c420a	romn/s0302m.mul.xml	2c664d1a2ddc9b13a03ace3743a870962d8d820acb5b58fd3fd2ae9ecfdc9a88	mula	prose	medium	representative	representative_stratified	sutta	Saṃyuttanikāyo	succeeded	True	False	204. ‘‘Idhāhaṃ, āvuso, gijjhakūṭā pabbatā orohanto addasaṃ maṃsapiṇḍaṃ vehāsaṃ gacchantaṃ. Tamenaṃ gijjhāpi kākāpi kulalāpi anupatitvā anupatitvā vitacchenti virājenti. Sā sudaṃ aṭṭassaraṃ karoti…pe… eso, bhikkhave, satto imasmiṃyeva rājagahe sākuṇiko ahosi…pe…. Tatiyaṃ.	도반이여, 여기서 나는 깃자꾸따 산에서 내려오면서 허공으로 가는 고깃덩이를 보았습니다. 독수리들도 까마귀들도 매들도 그것을 계속 따라다니며 쪼아대고 찢어발깁니다. 그것은 참으로 고통스러운 비명을 지릅니다... (생략) ... 비구들이여, 이 중생은 바로 이 라자가하에서 새 잡는 자였습니다... (생략) ... 세 번째.	도반이여, 나는 깃자꾸따 산에서 내려오면서 허공을 떠가는 고깃덩이를 보았습니다. 독수리와 까마귀와 매들이 그것을 계속 따라다니며 쪼아대고 찢어발겼습니다. 그것은 참으로 고통스러운 비명을 질렀습니다. ... (생략) ... 비구들이여, 이 중생은 바로 이 라자가하에서 새를 잡는 자였습니다. ... (생략) ... 세 번째 경이 끝났다.	gloss: Vulture Peak; ko: 깃자꾸따; note: 라자가하에 있는 산 이름으로 영취산이라고도 한다.; pali: gijjhakūṭa | gloss: lump of meat; ko: 고깃덩이; note: maṃsa(고기)와 piṇḍa(덩어리)의 복합어.; pali: maṃsapiṇḍa | gloss: fowler; ko: 새 잡는 자; note: 새를 사냥하는 직업을 가진 사람을 뜻한다.; pali: sākuṇika | gloss: cry of distress; ko: 고통스러운 비명; note: aṭṭa(고통받는)와 sara(소리)의 복합어.; pali: aṭṭassara	anupatitvā anupatitvā는 절대분사의 반복으로 동작의 계속성('계속 따라다니며')을 나타낸다. | Tamenaṃ은 대명사 taṃ과 enaṃ의 결합으로, 목적어를 강조하는 역할을 한다.	이 경은 전생에 새를 잡아 죽이는 악행을 저지른 과보로 아귀계에 태어나 고통받는 중생의 모습을 묘사하고 있다.	virājenti의 정확한 어원적 의미는 다소 불분명하나, 문맥과 주석서에 따라 '찢어발기다' 또는 '할퀴다'로 해석하였다.	
155	vri:romn:s0203m.mul:2f41fe3a6b19	romn/s0203m.mul.xml	b3f61c5e08531bb70b501e88180b98722113ae558b9ad977c1a6aceb0efc2cd1	mula	prose	long	representative	representative_stratified	sutta	Majjhimanikāye	succeeded	True	False	Atha kho āyasmā ca sāriputto āyasmā ca mahācundo yenāyasmā channo tenupasaṅkamiṃsu; upasaṅkamitvā āyasmatā channena saddhiṃ sammodiṃsu. Sammodanīyaṃ kathaṃ sāraṇīyaṃ vītisāretvā ekamantaṃ nisīdiṃsu. Ekamantaṃ nisinno kho āyasmā sāriputto āyasmantaṃ channaṃ etadavoca – ‘‘kacci te, āvuso channa, khamanīyaṃ, kacci yāpanīyaṃ? Kacci te dukkhā vedanā paṭikkamanti, no abhikkamanti; paṭikkamosānaṃ paññāyati, no abhikkamo’’ti?	"그때 존자 사리뿟따와 존자 마하쭌다가 존자 찬나가 있는 곳으로 다가갔다. 다가가서 존자 찬나와 함께 환담을 나누었다. 기쁘고 기억할 만한 이야기를 나눈 뒤 한곁에 앉았다. 한곁에 앉은 존자 사리뿟따는 존자 찬나에게 이렇게 말했다. ""도반 찬나여, 당신에게 견딜 만합니까, 지낼 만합니까? 당신에게 괴로운 느낌들이 물러나고, 다가오지 않습니까? 그것들의 물러남이 알려지고, 다가옴이 [알려지지] 않습니까?"""	"그때 사리뿟따 존자와 마하쭌다 존자가 찬나 존자가 있는 곳으로 다가갔다. 다가가서 찬나 존자와 함께 환담을 나누었다. 기쁘고 기억할 만한 안부 인사를 나눈 뒤 한곁에 앉았다. 한곁에 앉은 사리뿟따 존자는 찬나 존자에게 이렇게 물었다. ""도반 찬나여, 병은 견딜 만합니까? 지낼 만합니까? 괴로운 느낌들은 가라앉고 심해지지 않습니까? 가라앉는 것만 알려지고 심해지는 것은 알려지지 않습니까?"""	gloss: having exchanged polite and friendly greetings; ko: 기쁘고 기억할 만한 이야기를 나눈 뒤; note: 만났을 때 나누는 전형적인 환담 관용구이다.; pali: sammodanīyaṃ kathaṃ sāraṇīyaṃ vītisāretvā | gloss: bearable; ko: 견딜 만한지; note: 병이나 고통을 인내할 수 있는지 묻는 표현이다.; pali: khamanīyaṃ | gloss: maintainable; ko: 지낼 만한지; note: 생명을 유지하거나 일상을 이어갈 수 있는지 묻는 표현이다.; pali: yāpanīyaṃ | gloss: retreats; ko: 물러나다; note: 병세나 고통이 가라앉는 것을 의미한다.; pali: paṭikkamati | gloss: advances; ko: 다가오다; note: 병세나 고통이 심해지는 것을 의미한다.; pali: abhikkamati	yena ... tena ... upasaṅkamiṃsu: '~가 있는 곳으로 다가갔다'라는 의미를 나타내는 전형적인 장소 이동 구문이다. | paṭikkamosānaṃ: paṭikkamo(물러남)와 sānaṃ(그것들의, 대명사 sa의 복수 속격)의 연음으로, '그것들(괴로운 느낌들)의 물러남'을 뜻한다.	kacci te khamanīyaṃ kacci yāpanīyaṃ은 아픈 비구를 병문안할 때 병세와 안부를 묻는 초기불교의 전형적인 관용구이다.		
156	vri:romn:s0304m.mul:af0991c6383c	romn/s0304m.mul.xml	49c703ed9646c480c65c3a2f5556b661b0eaa6bba85f1b62e6dc4f99af343426	mula	prose	long	representative	representative_stratified	sutta	Saṃyuttanikāyo	succeeded	True	False	Sādhu …pe… uttariṃ pañhaṃ apucchi – ‘‘saññāvedayitanirodhaṃ samāpajjantassa pana, bhante, bhikkhuno katame dhammā paṭhamaṃ nirujjhanti, yadi vā kāyasaṅkhāro, yadi vā vacīsaṅkhāro, yadi vā cittasaṅkhāro’’ti? ‘‘Saññāvedayitanirodhaṃ samāpajjantassa kho, gahapati, bhikkhuno vacīsaṅkhāro paṭhamaṃ nirujjhati, tato kāyasaṅkhāro, tato cittasaṅkhāro’’ti.	훌륭하십니다 ... (생략) ... 더 나아가 질문을 물었다. '대덕이시여, 그런데 인식과 느낌의 소멸에 드는 비구에게 어떤 법들이 먼저 소멸합니까? 몸의 형성입니까, 아니면 말의 형성입니까, 아니면 마음의 형성입니까?' '장자여, 인식과 느낌의 소멸에 드는 비구에게는 말의 형성이 먼저 소멸하고, 그 다음 몸의 형성이, 그 다음 마음의 형성이 소멸합니다.'	'훌륭하십니다.' ... (생략) ... 더 나아가 질문을 하였다. '대덕이시여, 그런데 인식과 느낌의 소멸(상수멸)에 드는 비구에게는 어떤 법들이 먼저 소멸합니까? 몸의 형성(신행)입니까, 아니면 말의 형성(어행)입니까, 아니면 마음의 형성(심행)입니까?' '장자여, 인식과 느낌의 소멸에 드는 비구에게는 말의 형성이 먼저 소멸하고, 그 다음 몸의 형성이, 그 다음 마음의 형성이 소멸합니다.'	gloss: cessation of perception and feeling; ko: 인식과 느낌의 소멸; note: 상수멸(想受滅)을 가리킨다.; pali: saññāvedayitanirodha | gloss: bodily formation; ko: 몸의 형성; note: 신행(身行)으로, 들숨과 날숨을 의미한다.; pali: kāyasaṅkhāra | gloss: verbal formation; ko: 말의 형성; note: 어행(語行)으로, 일으킨 생각(vitakka)과 지속적인 고찰(vicāra)을 의미한다.; pali: vacīsaṅkhāra | gloss: mental formation; ko: 마음의 형성; note: 심행(心行)으로, 인식(saññā)과 느낌(vedanā)을 의미한다.; pali: cittasaṅkhāra	samāpajjantassa는 samāpajjati(들다, 도달하다)의 현재분사 속격으로, '드는 비구에게'라는 소유 또는 여격적 의미를 나타낸다. | yadi vā ... yadi vā ...는 선택 의문문 구조로 '~인지 아니면 ~인지'를 의미한다.	상수멸에 들 때 소멸하는 순서는 선정의 단계와 일치한다. 제2선에서 일으킨 생각과 지속적인 고찰(어행)이 소멸하고, 제4선에서 들숨과 날숨(신행)이 소멸하며, 상수멸정에서 인식과 느낌(심행)이 소멸한다.		
157	vri:romn:abh02m.mul:c8caabe29ead	romn/abh02m.mul.xml	1fd502aa807a2c5de16f4dbdc1f728a6511c92c42c6df051c89926d52395c10d	mula	prose	long	representative	representative_stratified	abhidhamma	Abhidhammapiṭake	succeeded	True	False	(2) Puna caparaṃ tathāgato atītānāgatapaccuppannānaṃ kammasamādānānaṃ ṭhānaso hetuso vipākaṃ yathābhūtaṃ pajānāti. Yampi tathāgato atītānāgatapaccuppannānaṃ kammasamādānānaṃ ṭhānaso hetuso vipākaṃ yathābhūtaṃ pajānāti, idampi tathāgatassa tathāgatabalaṃ hoti, yaṃ balaṃ āgamma tathāgato āsabhaṃ ṭhānaṃ paṭijānāti, parisāsu sīhanādaṃ nadati, brahmacakkaṃ pavatteti.	(2) 그리고 다시 여래는 과거, 미래, 현재의 업의 취함들의 과보를 원인에 따라, 조건에 따라 있는 그대로 꿰뚫어 안다. 여래가 과거, 미래, 현재의 업의 취함들의 과보를 원인에 따라, 조건에 따라 있는 그대로 꿰뚫어 아는 것, 이것도 여래의 여래의 힘이니, 그 힘을 의지하여 여래는 으뜸가는 위치를 자처하고, 무리들 가운데서 사자후를 토하고, 범륜을 굴린다.	(2) 또한 여래는 과거, 미래, 현재에 지은 업의 과보를 원인과 조건에 따라 있는 그대로 꿰뚫어 압니다. 여래가 과거, 미래, 현재에 지은 업의 과보를 원인과 조건에 따라 있는 그대로 꿰뚫어 아는 것, 이것도 여래가 가진 여래의 힘입니다. 여래는 이 힘을 의지하여 으뜸가는 위치를 자처하고, 무리들 가운데서 사자후를 토하며, 거룩한 수레바퀴[梵輪]를 굴립니다.	gloss: undertaking of kamma; ko: 업의 취함; note: 업을 짓거나 취하는 행위를 의미한다.; pali: kammasamādāna | gloss: result; ko: 과보; note: 업에 의해 성숙된 결과를 뜻한다.; pali: vipāka | gloss: bull-like stance, leading position; ko: 으뜸가는 위치; note: 황소(usabha)처럼 무리를 이끄는 당당하고 두려움 없는 여래의 위치를 비유한다.; pali: āsabha ṭhāna | gloss: wheel of Brahma, supreme wheel; ko: 범륜; note: 여래가 굴리는 거룩하고 으뜸가는 진리의 수레바퀴를 뜻한다.; pali: brahmacakka	atītānāgatapaccuppannānaṃ kammasamādānānaṃ은 복수 속격으로 목적어인 vipākaṃ(과보)을 수식한다. | ṭhānaso hetuso는 명사에 부사적 접미사 -so가 결합하여 '원인에 따라, 조건에 따라'라는 부사구로 쓰였다. | yaṃ balaṃ āgamma에서 āgamma는 절대분사로 '~에 의지하여, ~을 근거로 하여'의 의미를 나타낸다.	이 단락은 여래의 열 가지 힘(dasabala) 중 두 번째인 '업과 과보를 아는 지혜(kammavipākañāṇa)'를 설명한다.	ṭhānaso와 hetuso는 각각 원인과 조건을 뜻하지만, 문맥상 동의어의 반복적 강조로 보아 '원인과 조건에 따라'로 묶어 번역하는 것이 자연스러울 수 있다.	
158	vri:romn:s0519m.mul:f43a9c761757	romn/s0519m.mul.xml	ccb67ef6e7e105cd0d487a107a6b4fc49e6e62b27d55a3e6a31aaf2c2511a556	mula	prose	long	representative	representative_stratified	sutta	Khuddakanikāye	succeeded	True	False	Chaḷābhijātiko atthi puggalo kaṇho kaṇhābhijātiko kaṇhaṃ dhammaṃ abhijāyati, atthi puggalo kaṇho kaṇhābhijātiko sukkaṃ dhammaṃ abhijāyati, atthi puggalo kaṇho kaṇhābhijātiko akaṇhaṃ asukkaṃ akaṇhaasukkavipākaṃ accantadiṭṭhaṃ nibbānaṃ ārādheti, atthi puggalo sukko sukkābhijātiko kaṇhaṃ dhammaṃ abhijāyati, atthi puggalo sukko sukkābhijātiko sukkaṃ dhammaṃ abhijāyati, atthi puggalo sukko sukkābhijātiko akaṇhaṃ asukkaṃ akaṇhaasukkavipākaṃ accantadiṭṭhaṃ nibbānaṃ ārādheti.	여섯 가지 태생이 있다. 어떤 사람은 검고 검은 태생인 자가 검은 법을 낳는다. 어떤 사람은 검고 검은 태생인 자가 흰 법을 낳는다. 어떤 사람은 검고 검은 태생인 자가 검지도 않고 희지도 않으며 검지도 희지도 않은 과보를 가지며 궁극적으로 보이는 열반을 성취한다. 어떤 사람은 희고 흰 태생인 자가 검은 법을 낳는다. 어떤 사람은 희고 흰 태생인 자가 흰 법을 낳는다. 어떤 사람은 희고 흰 태생인 자가 검지도 않고 희지도 않으며 검지도 희지도 않은 과보를 가지며 궁극적으로 보이는 열반을 성취한다.	여섯 가지 태생이 있다. 어떤 사람은 검고 검은 태생이면서 검은 법을 낳는다. 어떤 사람은 검고 검은 태생이면서 흰 법을 낳는다. 어떤 사람은 검고 검은 태생이면서 검지도 않고 희지도 않으며 검지도 희지도 않은 과보를 가지는, 궁극적으로 보이는 열반을 성취한다. 어떤 사람은 희고 흰 태생이면서 검은 법을 낳는다. 어떤 사람은 희고 흰 태생이면서 흰 법을 낳는다. 어떤 사람은 희고 흰 태생이면서 검지도 않고 희지도 않으며 검지도 희지도 않은 과보를 가지는, 궁극적으로 보이는 열반을 성취한다.	gloss: class of birth; ko: 태생; note: 사람의 출신이나 타고난 성향을 의미한다.; pali: abhijātika | gloss: dark; ko: 검은; note: 불선(不善)하거나 어두운 성향을 비유적으로 표현한다.; pali: kaṇha | gloss: bright; ko: 흰; note: 선(善)하거나 밝은 성향을 비유적으로 표현한다.; pali: sukka | gloss: result; ko: 과보; note: 행위(업)에 따른 결과를 의미한다.; pali: vipāka | gloss: accomplishes; ko: 성취한다; note: 열반이나 목표를 이룬다는 의미로 쓰였다.; pali: ārādheti	Chaḷābhijātiko는 cha(여섯)와 abhijātika(태생을 가진 자)의 복합어로, 여기서는 여섯 부류의 사람을 가리킨다. | akaṇhaasukkavipākaṃ은 a-kaṇha-a-sukka-vipākaṃ으로 이루어져 '검지도 희지도 않은 과보를 가진'이라는 뜻의 소유복합어(bahubbīhi)이다.	검은 태생과 흰 태생은 사람의 출신이나 성향을 의미하며, 검은 법과 흰 법은 각각 불선법과 선법을 가리킨다. | 검지도 희지도 않은 법은 선악의 이분법을 초월하여 열반으로 이끄는 출세간의 법을 의미한다.	accantadiṭṭhaṃ은 문맥상 accantaniṭṭhaṃ(궁극적인 끝)의 오기일 가능성이 높으나, 저본의 철자를 존중하여 '궁극적으로 보이는'으로 직역하였다.	grammar_uncertain
159	vri:romn:e0101n.mul:9f86c7d54690	romn/e0101n.mul.xml	fb3a2ac1c9aa3f5a463914ae581aa1a262e013bdb771c91ec9851fe37ab399d4	mula	prose	long	representative	representative_stratified	extra	unknown	succeeded	True	False	Atippiyasahāyako pana siyā padaṭṭhānaṃ, yo aṭṭhakathāyaṃ soṇḍasahāyoti vutto. So hi muditamuditova hoti, paṭhamaṃ hasitvā pacchā katheti, tasmā so vā paṭhamaṃ muditāya pharitabbo. Piyapuggalaṃ vā sukhitaṃ sajjitaṃ modamānaṃ disvā vā sutvā vā ‘‘modati vatāyaṃ satto, aho sādhu aho suṭṭhū’’ti muditā uppādetabbā. Imameva hi atthavasaṃ paṭicca vibhaṅge (vibha. 663) vuttaṃ ‘‘kathañca bhikkhu muditāsahagatena cetasā ekaṃ disaṃ pharitvā viharati? Seyyathāpi nāma ekaṃ puggalaṃ piyaṃ manāpaṃ disvā mudito assa, evameva sabbasatte muditāya pharatī’’ti.	"한편 매우 사랑스러운 친구가 가까운 원인일 것이다. 그는 주석서에서 '쾌활한 친구'라고 불린다. 왜냐하면 그는 항상 같이 기뻐하고, 먼저 웃고 나서 나중에 말하기 때문이다. 그러므로 먼저 그를 같이 기뻐함으로 가득 채워야 한다. 혹은 사랑스러운 사람이 행복하고 즐거워하고 기뻐하는 것을 보거나 듣고서 ""참으로 이 중생은 기뻐하는구나, 아, 좋구나, 아, 훌륭하구나""라고 같이 기뻐함을 일으켜야 한다. 참으로 이러한 이유 때문에 『위방가』에서 말씀하셨다. ""비구는 어떻게 같이 기뻐함이 함께하는 마음으로 한 방향을 가득 채우고 머무는가? 마치 사랑스럽고 마음에 드는 한 사람을 보고서 기뻐하는 것과 같다. 그와 같이 모든 중생을 같이 기뻐함으로 가득 채운다.""라고."	"한편, 매우 사랑스러운 친구가 (같이 기뻐함 수행의) 가까운 원인이 될 수 있다. 그는 주석서에서 '쾌활한 친구'라고 불린다. 왜냐하면 그는 항상 같이 기뻐하며, 먼저 웃고 나서 나중에 말하기 때문이다. 그러므로 먼저 그를 같이 기뻐함으로 가득 채워야 한다. 혹은 사랑스러운 사람이 행복하고 즐거워하며 기뻐하는 것을 보거나 듣고서 ""참으로 이 중생은 기뻐하는구나. 아, 좋구나! 아, 훌륭하구나!""라고 같이 기뻐함을 일으켜야 한다. 참으로 이러한 이유 때문에 『위방가(분별론)』에서 다음과 같이 말씀하셨다. ""비구는 어떻게 같이 기뻐함이 함께하는 마음으로 한 방향을 가득 채우고 머무는가? 마치 사랑스럽고 마음에 드는 한 사람을 보고서 기뻐하는 것과 같다. 그와 같이 모든 중생을 같이 기뻐함으로 가득 채운다."""	gloss: sympathetic joy; ko: 같이 기뻐함; note: 타인의 기쁨을 함께 기뻐하는 사무량심의 하나이다.; pali: muditā | gloss: proximate cause; ko: 가까운 원인; note: 어떤 현상이 일어나기 위한 직접적인 조건을 뜻한다.; pali: padaṭṭhāna | gloss: boon companion; ko: 쾌활한 친구; note: soṇḍa는 본래 탐닉하는 자를 뜻하나, 여기서는 다정하고 쾌활한 친구를 의미한다.; pali: soṇḍasahāyo | gloss: Book of Analysis; ko: 위방가; note: 아비담마 칠론 중 두 번째 논서인 분별론을 가리킨다.; pali: Vibhaṅga	soṇḍasahāyoti는 soṇḍa-sahāyo iti의 연음이다. | muditamuditova는 mudita-mudito eva의 연음으로, '항상 같이 기뻐하는'이라는 강조의 의미를 나타낸다.	같이 기뻐함(muditā) 수행은 타인의 행복과 성공을 보고 함께 기뻐하는 마음을 기르는 사무량심(四無量心) 중 하나이다. | 이 단락은 같이 기뻐함 수행을 시작할 때, 먼저 매우 사랑스럽고 쾌활한 친구를 대상으로 삼아 마음을 일으키는 방법을 설명한다.	sajjitaṃ의 정확한 의미가 불확실하다. 일반적으로 '준비된, 장식된'을 뜻하지만, 문맥상 '즐거워하는' 또는 '잘 갖추어진'의 의미로 해석하였다.	
160	vri:romn:s0102m.mul:6a72ce6bb12a	romn/s0102m.mul.xml	1010b277f8aaa17e39cfb0d9c25c2d5fd6522ec0811e6311e7a180973218e51e	mula	prose	long	representative	representative_stratified	sutta	Dīghanikāyo	succeeded	True	False	346. Atha kho sakko devānamindo devehi tāvatiṃsehi parivuto pañcasikhena gandhabbadevaputtena purakkhato seyyathāpi nāma balavā puriso samiñjitaṃ vā bāhaṃ pasāreyya pasāritaṃ vā bāhaṃ samiñjeyya; evameva devesu tāvatiṃsesu antarahito magadhesu pācīnato rājagahassa ambasaṇḍā nāma brāhmaṇagāmo, tassuttarato vediyake pabbate paccuṭṭhāsi. Tena kho pana samayena vediyako pabbato atiriva obhāsajāto hoti ambasaṇḍā ca brāhmaṇagāmo yathā taṃ devānaṃ devānubhāvena. Apissudaṃ parito gāmesu manussā evamāhaṃsu – ‘‘ādittassu nāmajja vediyako pabbato jhāyatisu nāmajja vediyako pabbato jalatisu nāmajja vediyako pabbato kiṃsu nāmajja vediyako pabbato atiriva obhāsajāto ambasaṇḍā ca brāhmaṇagāmo’’ti saṃviggā lomahaṭṭhajātā ahesuṃ.	그때 신들의 제왕 삭까는 삼십삼천의 신들에게 둘러싸이고 건달바 천자 빤짜시카를 앞세우고, 마치 힘센 사람이 구부린 팔을 펴거나 편 팔을 구부리는 것처럼, 이와 같이 삼십삼천의 신들 사이에서 사라져서 마가다국의 라자가하 동쪽에 암바산다라는 바라문 마을이 있는데, 그 북쪽의 웨디야까 산에 나타났다. 그런데 그때 웨디야까 산과 암바산다 바라문 마을은 대단히 빛으로 가득 찼으니, 그것은 신들의 신성한 위력 때문이었다. 참으로 주변 마을의 사람들은 이와 같이 말했다. '오늘 웨디야까 산이 불타는 것인가? 오늘 웨디야까 산이 타오르는 것인가? 오늘 웨디야까 산이 화염에 휩싸인 것인가? 무슨 일로 오늘 웨디야까 산과 암바산다 바라문 마을이 대단히 빛으로 가득 찬 것인가?'라고 하며, 그들은 두려워하며 털이 곤두섰다.	그때 신들의 제왕 삭까는 삼십삼천의 신들에게 둘러싸이고 건달바 천자 빤짜시카를 앞세우고, 마치 힘센 사람이 구부린 팔을 펴거나 편 팔을 구부리는 것처럼 순식간에 삼십삼천의 신들 사이에서 사라져서 마가다국의 라자가하 동쪽에 있는 암바산다라는 바라문 마을 북쪽의 웨디야까 산에 나타났다. 그런데 그때 웨디야까 산과 암바산다 바라문 마을은 신들의 신성한 위력으로 인해 대단히 밝은 빛으로 가득 찼다. 주변 마을 사람들은 '오늘 웨디야까 산이 불타는 것인가? 오늘 웨디야까 산이 타오르는 것인가? 오늘 웨디야까 산이 화염에 휩싸인 것인가? 무슨 일로 오늘 웨디야까 산과 암바산다 바라문 마을이 이토록 빛으로 가득 찬 것인가?'라고 말하며 두려움에 떨며 머리털이 곤두섰다.	gloss: Sakka, lord of gods; ko: 신들의 제왕 삭까; note: 제석천을 가리키는 빠알리 고유명사와 칭호.; pali: sakko devānamindo | gloss: the Heaven of the Thirty-Three; ko: 삼십삼천; note: 욕계 6천 중 두 번째 하늘.; pali: tāvatiṃsa | gloss: Gandhabba son of the gods; ko: 건달바 천자; note: 음악을 담당하는 천신인 건달바 무리의 일원.; pali: gandhabbadevaputta | gloss: become luminous; ko: 빛으로 가득 찬; note: obhāsa(빛)와 jāta(생겨난)의 복합어.; pali: obhāsajāta | gloss: hair standing on end; ko: 털이 곤두선; note: 극심한 두려움이나 경외감으로 인해 털이 곤두서는 신체적 반응을 나타냄.; pali: lomahaṭṭhajāta	seyyathāpi nāma balavā puriso...는 신통력으로 순식간에 이동하는 것을 묘사할 때 자주 쓰이는 정형구이다. | yathā taṃ devānaṃ devānubhāvena에서 yathā taṃ은 '~에 걸맞게' 또는 '~때문이다'라는 의미로, 신들의 위력에 상응하는 현상임을 나타낸다. | ādittassu, jhāyatisu, jalatisu에 붙은 -su는 의문을 나타내는 불변화사이다.	천신들이 지상에 내려올 때 그들의 신성한 위력(devānubhāva)으로 인해 주변이 밝은 빛으로 가득 차는 현상은 초기불경에서 자주 묘사된다.		
161	vri:romn:abh03m5.mul:45a68b1d4365	romn/abh03m5.mul.xml	c34b56ef782629618f3060d97bdb48a320e7e95b4f1f861bf700aa56ccc62c5e	mula	prose	long	representative	representative_stratified	abhidhamma	Abhidhammapiṭake	succeeded	True	False	Aggamaggasamaṅgī kāmadhātuyā tīsu vedanāsu rūpadhātuyā arūpadhātuyā so tato kāmarāgānusayaṃ na parijānāti, no ca so tato avijjānusayaṃ na parijānāti. Sveva puggalo apariyāpanne so tato kāmarāgānusayañca na parijānāti avijjānusayañca na parijānāti. Dvinnaṃ maggasamaṅgīnaṃ ṭhapetvā avasesā puggalā sabbattha kāmarāgānusayañca na parijānanti avijjānusayañca na parijānanti.	최상의 도를 갖춘 자는 욕계의 세 가지 느낌에서, 색계에서, 무색계에서, 그는 거기서 감각적 욕망의 잠재성향을 완전히 알지 못한다. 그러나 그는 거기서 무명의 잠재성향을 완전히 알지 못하는 것은 아니다. 바로 그 개인이 포함되지 않은 곳에서, 그는 거기서 감각적 욕망의 잠재성향도 완전히 알지 못하고 무명의 잠재성향도 완전히 알지 못한다. 두 가지 도를 갖춘 자들을 제외하고, 나머지 개인들은 모든 곳에서 감각적 욕망의 잠재성향도 완전히 알지 못하고 무명의 잠재성향도 완전히 알지 못한다.	최상의 도(아라한도)를 갖춘 자는 욕계의 세 가지 느낌과 색계와 무색계에서 감각적 욕망의 잠재성향을 완전히 알지 못한다. 그러나 그가 거기서 무명의 잠재성향을 완전히 알지 못하는 것은 아니다. 바로 그 개인이 (삼계에) 포함되지 않은 곳(출세간)에서는 감각적 욕망의 잠재성향도 완전히 알지 못하고 무명의 잠재성향도 완전히 알지 못한다. 두 가지 도를 갖춘 자들을 제외한 나머지 개인들은 모든 곳에서 감각적 욕망의 잠재성향도 완전히 알지 못하고 무명의 잠재성향도 완전히 알지 못한다.	gloss: one endowed with the highest path; ko: 최상의 도를 갖춘 자; note: 아라한도(arahattamagga)를 성취한 자를 가리킨다.; pali: Aggamaggasamaṅgī | gloss: underlying tendency to sensual lust; ko: 감각적 욕망의 잠재성향; note: kāmarāga(감각적 욕망)와 anusaya(잠재성향)의 복합어.; pali: kāmarāgānusaya | gloss: underlying tendency to ignorance; ko: 무명의 잠재성향; note: avijjā(무명)와 anusaya(잠재성향)의 복합어.; pali: avijjānusaya | gloss: fully understands; ko: 완전히 안다; note: 번뇌나 잠재성향을 철저히 꿰뚫어 아는 변지(遍知, pariññā)를 의미한다.; pali: parijānāti | gloss: unincluded; ko: 포함되지 않은 곳; note: 삼계(욕계, 색계, 무색계)에 포함되지 않은 출세간(lokuttara)을 의미한다.; pali: apariyāpanna	no ca so tato avijjānusayaṃ na parijānāti는 이중 부정 구문으로, 무명의 잠재성향을 완전히 안다는 긍정의 의미를 강조한다. | Dvinnaṃ maggasamaṅgīnaṃ ṭhapetvā에서 ṭhapetvā는 '~을 제외하고'라는 의미의 절대분사이며, 목적어로 대격 대신 속격(Dvinnaṃ maggasamaṅgīnaṃ)이 쓰인 특수한 용법이다.	최상의 도(아라한도)를 갖춘 자는 이미 이전 단계(아나함도)에서 감각적 욕망의 잠재성향을 완전히 알았으므로 지금 다시 완전히 아는 것이 아니며, 현재는 무명의 잠재성향을 완전히 아는 과정에 있다. | 출세간(apariyāpanna)의 법에는 잠재성향이 존재하지 않으므로, 그곳에서는 어떠한 잠재성향도 완전히 알 대상이 되지 않는다. | 여기서 '두 가지 도를 갖춘 자들'은 감각적 욕망의 잠재성향을 완전히 아는 아나함도 구족자와 무명의 잠재성향을 완전히 아는 아라한도 구족자를 가리킨다.		
162	vri:romn:s0519m.mul:6a517f22b3fc	romn/s0519m.mul.xml	a31e6c8be41957b10a9e2651e24a5812326a1556bb9896d96c33fbf6ec24785d	mula	prose	long	representative	representative_stratified	sutta	Khuddakanikāye	succeeded	True	False	Arakkhitena cittenāti kiṃ desayati, pamādaṃ taṃ maccuno padaṃ. Micchādiṭṭhihatena cāti micchādiṭṭhihataṃ nāma vuccati yadā ‘‘anicce nicca’’nti passati, so vipallāso. So pana vipallāso kiṃlakkhaṇo? Viparītaggāhalakkhaṇo vipallāso. So kiṃ vipallāsayati? Tayo dhamme saññaṃ cittaṃ diṭṭhimiti. So kuhiṃ vipallāsayati? Catūsu attabhāvavatthūsu, rūpaṃ attato samanupassati, rūpavantaṃ vā attānaṃ, attani vā rūpaṃ, rūpasmiṃ vā attānaṃ. Evaṃ vedanaṃ…pe… saññaṃ…pe… saṅkhāre…pe… viññāṇaṃ attato samanupassati, viññāṇavantaṃ vā attānaṃ, attani vā viññāṇaṃ, viññāṇasmiṃ vā attānaṃ.	'보호받지 못한 마음으로'라고 무엇을 설하는가? 방일을 [설한다]. 그것은 죽음의 발자취이다. 그리고 '사견에 의해 파괴된 자에 의해'라고 [한 것은], '무상한 것에서 항상하다'고 볼 때 사견에 의해 파괴된 것이라고 불린다. 그것은 전도이다. 그런데 그 전도는 무슨 특징을 가지는가? 거꾸로 파악하는 특징을 가진 전도이다. 그것은 무엇을 뒤바꾸는가? 세 가지 법을 [뒤바꾼다]. 인식, 마음, 견해라고. 그것은 어디에서 뒤바꾸는가? 네 가지 개체의 토대들에서, 물질을 자아라고 관찰하거나, 물질을 가진 것을 자아라고 [관찰하거나], 자아 안에 물질이 있다고 [관찰하거나], 물질 안에 자아가 있다고 [관찰한다]. 이와 같이 느낌을… (생략) … 인식을… (생략) … 심리현상들을… (생략) … 알음알이를 자아라고 관찰하거나, 알음알이를 가진 것을 자아라고 [관찰하거나], 자아 안에 알음알이가 있다고 [관찰하거나], 알음알이 안에 자아가 있다고 [관찰한다].	'보호받지 못한 마음으로'라는 구절은 무엇을 설하는가? 방일을 설하는 것이다. 그것은 죽음의 길이다. 그리고 '사견에 의해 파괴된 자에 의해'라는 구절은, '무상한 것을 항상하다'고 볼 때 사견에 의해 파괴된 것이라고 부른다. 그것은 전도(뒤바뀜)이다. 그런데 그 전도는 무슨 특징을 가지는가? 거꾸로 파악하는 특징을 가진다. 그것은 무엇을 뒤바꾸는가? 인식, 마음, 견해라는 세 가지 법을 뒤바꾼다. 그것은 어디에서 뒤바꾸는가? 네 가지 개체의 토대들에서 뒤바꾸니, 물질을 자아라고 관찰하거나, 자아가 물질을 가졌다고 관찰하거나, 자아 안에 물질이 있다고 관찰하거나, 물질 안에 자아가 있다고 관찰하는 것이다. 이와 같이 느낌을… 인식을… 심리현상들을… 알음알이를 자아라고 관찰하거나, 자아가 알음알이를 가졌다고 관찰하거나, 자아 안에 알음알이가 있다고 관찰하거나, 알음알이 안에 자아가 있다고 관찰하는 것이다.	gloss: perversion, distortion; ko: 전도; note: 대상을 있는 그대로 보지 못하고 뒤바뀌게 인식하는 것을 의미한다.; pali: vipallāsa | gloss: wrong view; ko: 사견; note: 잘못된 견해를 의미한다.; pali: micchādiṭṭhi | gloss: basis of individuality; ko: 개체의 토대; note: 자아의 상태나 개체적 존재를 이루는 기반을 뜻하며, 여기서는 오온을 가리킨다.; pali: attabhāvavatthu | gloss: to regard, to consider; ko: 관찰하다; note: 오온을 자아와 연관 지어 잘못 관찰하는 유신견의 문맥에서 쓰였다.; pali: samanupassati | gloss: mental formations; ko: 심리현상들; note: 오온의 문맥이므로 심리현상들로 번역하였다.; pali: saṅkhāra	Arakkhitena cittenāti는 Arakkhitena cittena와 인용 불변화사 iti가 연음된 형태이다. | rūpavantaṃ vā attānaṃ은 '물질(rūpa)을 가진(-vantu) 자아(attā)'라는 의미로, 유신견의 4가지 형태 중 두 번째를 나타낸다.	여기서 언급된 세 가지 전도(vipallāsa)는 무상한 것을 항상하다고 잘못 아는 인식의 전도(saññā-vipallāsa), 마음의 전도(citta-vipallāsa), 견해의 전도(diṭṭhi-vipallāsa)를 가리킨다. | 네 가지 개체의 토대(catūsu attabhāvavatthūsu)는 오온의 각 무더기에 대해 성립하는 4가지 유신견(sakkāyadiṭṭhi)의 형태를 의미한다.	maccuno padaṃ은 직역하면 '죽음의 발자취'이나, 문맥상 '죽음의 길' 또는 '죽음의 영역'으로 자연스럽게 번역하였다.	
163	vri:romn:s0517m.mul:736d67af4402	romn/s0517m.mul.xml	ece969163d49049516dd0ac21e8e6c3c601ba47549b96ae8e3772055c1b36f8c	mula	prose	long	representative	representative_stratified	sutta	Khuddakanikāye	succeeded	True	False	Iriyāpathacariyā ca paṇidhisampannānaṃ. Āyatanacariyā ca indriyesu guttadvārānaṃ. Saticariyā ca appamādavihārīnaṃ. Samādhicariyā ca adhicittamanuyuttānaṃ. Ñāṇacariyā ca buddhisampannānaṃ. Maggacariyā ca sammāpaṭipannānaṃ. Patticariyā ca adhigataphalānaṃ. Lokatthacariyā ca tathāgatānaṃ arahantānaṃ sammāsambuddhānaṃ padese paccekabuddhānaṃ padese sāvakānaṃ. Imā aṭṭha cariyāyo.	그리고 서원을 구족한 자들의 거동의 행. 그리고 기능들에서 문이 보호된 자들의 감각장소의 행. 그리고 방일하지 않게 머무는 자들의 마음챙김의 행. 그리고 높은 마음에 전념하는 자들의 삼매의 행. 그리고 지혜를 구족한 자들의 앎의 행. 그리고 바르게 도를 닦는 자들의 도의 행. 그리고 과를 성취한 자들의 도달의 행. 그리고 여래, 아라한, 정등각자들의, 부분적으로 벽지불들의, 부분적으로 제자들의 세상을 위한 이익의 행. 이 여덟 가지가 행들이다.	서원을 구족한 자들의 거동의 행, 감각기능의 문을 잘 보호하는 자들의 감각장소의 행, 방일하지 않게 머무는 자들의 마음챙김의 행, 높은 마음에 전념하는 자들의 삼매의 행, 지혜를 구족한 자들의 앎의 행, 바르게 도를 닦는 자들의 도의 행, 과를 성취한 자들의 도달의 행, 여래·아라한·정등각자들의 세상을 위한 이익의 행, 그리고 부분적으로 벽지불들과 제자들의 세상을 위한 이익의 행이다. 이 여덟 가지가 행들이다.	gloss: conduct; ko: 행; note: 실천, 행동, 행위를 의미한다.; pali: cariyā | gloss: posture; ko: 거동; note: 걷고 서고 앉고 눕는 네 가지 자세를 가리킨다.; pali: iriyāpatha | gloss: higher mind; ko: 높은 마음; note: 삼매에 든 마음, 증상심(增上心)을 의미한다.; pali: adhicitta | gloss: welfare of the world; ko: 세상을 위한 이익; note: 세상 사람들의 이익과 안락을 위한 행위를 뜻한다.; pali: lokattha	paṇidhisampannānaṃ 등은 복수 속격으로, 각 행(cariyā)을 실천하는 주체를 나타낸다. | padese는 처격 단수 형태로, 여기서는 부사적으로 쓰여 '부분적으로' 또는 '어느 정도'라는 의미를 나타낸다.	여래의 '세상을 위한 이익의 행'은 완전하지만, 벽지불과 성문 제자들의 행은 그에 미치지 못하므로 '부분적(padese)'이라고 표현되었다.	buddhisampannānaṃ에서 buddhi를 '깨달음'으로 볼지 '지혜/지성'으로 볼지 다소 모호하나, 문맥상 '지혜'가 자연스러워 지혜로 번역했다.	
164	vri:romn:s0101m.mul:b309c68d7374	romn/s0101m.mul.xml	49e60158d32eef2a5f465a7860aa4c98d826313ae1bddefbce84aae59cf16d7c	mula	prose	long	representative	representative_stratified	sutta	Dīghanikāyo	succeeded	True	False	‘‘Puna caparaṃ, mahāli, bhikkhu āsavānaṃ khayā anāsavaṃ cetovimuttiṃ paññāvimuttiṃ diṭṭheva dhamme sayaṃ abhiññā sacchikatvā upasampajja viharati. Ayampi kho, mahāli, dhammo uttaritaro ca paṇītataro ca, yassa sacchikiriyāhetu bhikkhū mayi brahmacariyaṃ caranti. Ime kho te, mahāli, dhammā uttaritarā ca paṇītatarā ca, yesaṃ sacchikiriyāhetu bhikkhū mayi brahmacariyaṃ carantī’’ti.	다시 또 다른 것은, 마할리여, 비구는 번뇌들의 부서짐으로 인해 번뇌가 없는 마음의 해탈과 통찰지의 해탈을 지금 여기에서 스스로 최상의 지혜로 알아 실현하고 구족하여 머문다. 마할리여, 참으로 이 법이 더 높고 더 수승한 것이니, 그것을 실현하기 위해 비구들이 내 곁에서 청정범행을 닦는다. 마할리여, 참으로 이 법들이 더 높고 더 수승한 것이니, 그것들을 실현하기 위해 비구들이 내 곁에서 청정범행을 닦는다.'라고.	마할리여, 다시 또 다른 것은, 비구는 번뇌가 다하여 번뇌가 없는 마음의 해탈과 통찰지의 해탈을 지금 여기에서 스스로 최상의 지혜로 알아 실현하고 구족하여 머문다. 마할리여, 참으로 이 법이 더 높고 더 수승한 것이니, 이것을 실현하기 위해 비구들이 내 곁에서 청정범행을 닦는다. 마할리여, 참으로 이 법들이 더 높고 더 수승한 것이니, 이것들을 실현하기 위해 비구들이 내 곁에서 청정범행을 닦는다.'라고 하셨다.	gloss: taint; ko: 번뇌; note: 아라한이 소멸시키는 근본적인 오염원을 가리킨다.; pali: āsava | gloss: liberation of mind; ko: 마음의 해탈; note: 탐욕이 빛바래어 마음이 해탈하는 심해탈을 의미한다.; pali: cetovimutti | gloss: liberation by wisdom; ko: 통찰지의 해탈; note: 무명을 벗어나 통찰지로 해탈하는 혜해탈을 의미한다.; pali: paññāvimutti | gloss: holy life; ko: 청정범행; note: 깨달음을 향한 청정한 수행 생활을 가리킨다.; pali: brahmacariya | gloss: for the sake of realization; ko: 실현하기 위해; note: sacchikiriyā(실현)와 hetu(원인)의 복합어이다.; pali: sacchikiriyāhetu	āsavānaṃ khayā는 '번뇌들의(āsavānaṃ) 부서짐으로 인해(khayā)'라는 의미로, 탈격 또는 구격이 원인을 나타낸다. | diṭṭheva dhamme는 diṭṭhe eva dhamme의 연음으로, '바로 지금 여기에서(현법에서)'라는 의미의 처격 구문이다. | yassa sacchikiriyāhetu에서 yassa는 관계대명사 단수 속격이며, 뒤의 yesaṃ은 복수 속격으로 각각 단수와 복수의 법(dhamma)을 가리킨다.	이 단락은 네 가지 성자의 과일(catuariyaphala) 중 마지막인 아라한과(Arahattaphala)의 성취를 묘사한다. | 번뇌가 없는 마음의 해탈(cetovimutti)과 통찰지의 해탈(paññāvimutti)은 아라한이 성취하는 궁극적인 해탈의 두 측면을 나타낸다.		
165	vri:romn:vin01m.mul:80e832081f18	romn/vin01m.mul.xml	b73b1ece1c1f44390ea503b704759c2fc1b5fbba04b8cde9d02c77d844530cf8	mula	prose	long	representative	representative_stratified	vinaya	Vinayapiṭake	succeeded	True	False	‘‘Dutiyampi etamatthaṃ vadāmi…pe… tatiyampi etamatthaṃ vadāmi – suṇātu me, bhante, saṅgho. Ayaṃ itthannāmo bhikkhu samaggassa saṅghassa bhedāya parakkamati. So taṃ vatthuṃ na paṭinissajjati. Saṅgho itthannāmaṃ bhikkhuṃ samanubhāsati tassa vatthussa paṭinissaggāya. Yassāyasmato khamati itthannāmassa bhikkhuno samanubhāsanā tassa vatthussa paṭinissaggāya, so tuṇhassa; yassa nakkhamati, so bhāseyya.	두 번째로도 이 의미를 말합니다. ... (생략) ... 세 번째로도 이 의미를 말합니다. 대덕들이여, 승가는 저의 말을 들으십시오. 이 아무개 비구는 화합하는 승가의 분열을 위해 노력합니다. 그는 그 일을 포기하지 않습니다. 승가는 아무개 비구를 그 일의 포기를 위해 훈계합니다. 아무개 비구를 그 일의 포기를 위해 훈계하는 것이 마음에 드는 존자는 침묵하십시오. 마음에 들지 않는 자는 말하십시오.	두 번째로도 이 사안을 말씀드립니다. ... (생략) ... 세 번째로도 이 사안을 말씀드립니다. 대덕들이여, 승가는 저의 말을 들으십시오. 이 아무개 비구는 화합하는 승가를 분열시키려고 애쓰고 있습니다. 그는 그 일을 포기하지 않습니다. 승가는 아무개 비구에게 그 일을 포기하도록 훈계합니다. 아무개 비구에게 그 일을 포기하도록 훈계하는 것에 찬성하는 존자는 침묵하십시오. 찬성하지 않는 분은 말씀하십시오.	gloss: admonish; ko: 훈계하다; note: 승가에서 공식적으로 잘못을 지적하고 충고하는 행위를 의미한다.; pali: samanubhāsati | gloss: giving up; ko: 포기; note: 잘못된 견해나 행동을 버리는 것을 뜻한다.; pali: paṭinissagga | gloss: to be pleasing / to approve; ko: 마음에 들다; note: 율장 갈마 구문에서 제안에 동의하거나 찬성함을 나타낸다.; pali: khamati | gloss: should be silent; ko: 침묵할지어다; note: tuṇhī와 assa의 연음으로, 동의의 표시로 침묵을 요구하는 관용어이다.; pali: tuṇhassa	tuṇhassa는 tuṇhī(침묵)와 assa(atthi의 원망법 3인칭 단수)가 결합된 형태로, '침묵해야 한다'는 의미를 나타낸다. | Yassāyasmato khamati ... so tuṇhassa는 '어떤 존자에게 ~이 마음에 든다면, 그는 침묵할지어다'라는 율장 갈마(kamma)의 전형적인 동의 구문이다.	이 구절은 승가 분열을 시도하는 비구에게 세 번에 걸쳐 공식적으로 훈계(samanubhāsanā)하여 그 행위를 포기하게 만드는 갈마(kamma) 절차의 일부이다.		
166	vri:romn:abh03m4.mul:b43a304ba12f	romn/abh03m4.mul.xml	3cd7ed2c0620d7e0dad3db57ec6e389f21e931d2af3506d4e232652978a8985e	mula	prose	long	representative	representative_stratified	abhidhamma	Abhidhammapiṭake	succeeded	True	False	Yassa cittassa anantarā aggamaggaṃ paṭilabhissanti tassa cittassa bhaṅgakkhaṇe ye caññe maggaṃ paṭilabhissanti tesaṃ cavantānaṃ pavatte cittassa bhaṅgakkhaṇe arūpe maggassa ca phalassa ca uppādakkhaṇe tesaṃ dukkhasaccaṃ nuppajjati, no ca tesaṃ maggasaccaṃ na nirujjhissati. Aggamaggassa bhaṅgakkhaṇe arahantānaṃ cittassa bhaṅgakkhaṇe ye ca puthujjanā maggaṃ na paṭilabhissanti tesaṃ cavantānaṃ pavatte cittassa bhaṅgakkhaṇe arūpe aggaphalassa uppādakkhaṇe tesaṃ dukkhasaccañca nuppajjati maggasaccañca na nirujjhissati.	어떤 마음의 직후에 최상의 도를 얻을 것인가, 그 마음이 멸하는 찰나에 있는 자들, 그리고 도를 얻을 그 밖의 자들이 죽을 때, 삶의 과정에서 마음이 멸하는 찰나에 있는 자들, 무색계에서 도와 과가 일어나는 찰나에 있는 자들, 그들에게 고성제는 일어나지 않지만, 그들에게 도성제가 멸하지 않는 것은 아니다. 최상의 도가 멸하는 찰나에 있는 자들, 아라한들의 마음이 멸하는 찰나에 있는 자들, 그리고 도를 얻지 못할 범부들이 죽을 때, 삶의 과정에서 마음이 멸하는 찰나에 있는 자들, 무색계에서 최상의 과가 일어나는 찰나에 있는 자들, 그들에게 고성제도 일어나지 않고 도성제도 멸하지 않을 것이다.	어떤 마음의 직후에 최상의 도를 얻을 것인가, 그 마음이 멸하는 찰나에 있는 자들, 그리고 도를 얻을 그 밖의 자들이 죽을 때, 삶의 과정에서 마음이 멸하는 찰나에 있는 자들, 무색계에서 도와 과가 일어나는 찰나에 있는 자들, 그들에게 고성제는 일어나지 않지만, 도성제가 멸하지 않는 것은 아니다. 최상의 도가 멸하는 찰나에 있는 자들, 아라한들의 마음이 멸하는 찰나에 있는 자들, 그리고 도를 얻지 못할 범부들이 죽을 때, 삶의 과정에서 마음이 멸하는 찰나에 있는 자들, 무색계에서 최상의 과가 일어나는 찰나에 있는 자들, 그들에게 고성제도 일어나지 않고 도성제도 멸하지 않을 것이다.	gloss: highest path; ko: 최상의 도; note: 아라한도를 가리킨다.; pali: aggamagga | gloss: moment of dissolution; ko: 멸하는 찰나; note: 마음이 소멸하는 순간을 의미한다.; pali: bhaṅgakkhaṇa | gloss: moment of arising; ko: 일어나는 찰나; note: 마음이 발생하는 순간을 의미한다.; pali: uppādakkhaṇa | gloss: truth of suffering; ko: 고성제; note: 괴로움의 진리를 가리킨다.; pali: dukkhasacca | gloss: truth of the path; ko: 도성제; note: 괴로움의 소멸로 이끄는 도의 진리를 가리킨다.; pali: maggasacca	Yassa cittassa anantarā aggamaggaṃ paṭilabhissanti tassa cittassa bhaṅgakkhaṇe: 관계대명사 yassa와 지시대명사 tassa가 호응하여 특정 마음의 멸하는 찰나를 가리키는 구조이다. | no ca tesaṃ maggasaccaṃ na nirujjhissati: 이중 부정(no ca ... na)을 사용하여 도성제가 멸할 것임을 강하게 긍정하는 표현이다.	야마까(쌍론)의 진리쌍(Saccayamaka)에서 고성제와 도성제의 일어남과 멸함을 개인(puggala)을 기준으로 분석하는 대목이다. | 여기서 '최상의 도(aggamagga)'는 아라한도를, '최상의 과(aggaphala)'는 아라한과를 가리킨다.	pavatte cittassa bhaṅgakkhaṇe: '삶의 과정(pavatta)에서 마음이 멸하는 찰나'로 번역하였으나, 아비담마 문맥상 재생연결심과 죽음의 마음을 제외한 일상적인 마음의 흐름(pavattikāla)을 의미할 수 있다.	
167	vri:romn:vin02m1.mul:82136200591f	romn/vin02m1.mul.xml	410fc17425b743b2db00630690cbf6c59a3a3f2fe345d5604cdc3ee5374df565	mula	prose	long	representative	representative_stratified	vinaya	Vinayapiṭake	succeeded	True	False	309. Na bhesajjena karaṇīyena bhesajjaṃ viññāpeti, āpatti pācittiyassa. Aññena bhesajjena karaṇīyena aññaṃ bhesajjaṃ viññāpeti, āpatti pācittiyassa. Tatuttari tatuttarisaññī bhesajjaṃ viññāpeti, āpatti pācittiyassa. Tatuttari vematiko bhesajjaṃ viññāpeti, āpatti pācittiyassa. Tatuttari natatuttarisaññī bhesajjaṃ viññāpeti, āpatti pācittiyassa.	309. 약으로 해야 할 일이 없는데 약을 구하면 빠찟띠야 범죄이다. 다른 약으로 해야 할 일이 있는데 다른 약을 구하면 빠찟띠야 범죄이다. 그 이상으로, 그 이상이라는 인식을 가지고 약을 구하면 빠찟띠야 범죄이다. 그 이상으로, 의심하면서 약을 구하면 빠찟띠야 범죄이다. 그 이상으로, 그 이상이 아니라는 인식을 가지고 약을 구하면 빠찟띠야 범죄이다.	309. 약이 필요하지 않은데 약을 구하면 빠찟띠야(참회죄)이다. 어떤 약이 필요한데 다른 약을 구하면 빠찟띠야이다. 그 (허용된 기한을) 넘어서, 넘었다고 인식하면서 약을 구하면 빠찟띠야이다. 그 기한을 넘어서, 의심하면서 약을 구하면 빠찟띠야이다. 그 기한을 넘어서, 넘지 않았다고 인식하면서 약을 구하면 빠찟띠야이다.	gloss: medicine; ko: 약; note: 병을 치료하기 위한 약품을 의미한다.; pali: bhesajja | gloss: to ask for, to request; ko: 구하다; note: 비구가 재가자에게 물품을 요청하거나 구하는 행위를 뜻한다.; pali: viññāpeti | gloss: expiation; ko: 빠찟띠야; note: 고백하여 참회해야 하는 범죄(참회죄)를 가리킨다.; pali: pācittiya | gloss: beyond that; ko: 그 이상으로; note: tato와 uttari의 연음으로, 문맥상 허용된 기한을 초과했음을 의미한다.; pali: tatuttari	bhesajjena karaṇīyena는 도구격으로 쓰여 '~로 해야 할 일이 있는', 즉 '~가 필요한'이라는 의미를 나타낸다. | Aññena ... aññaṃ ... 구조는 '어떤 것(A)이 필요한데 다른 것(B)을 구한다'는 의미를 표현한다.	마하나마 학습계목(Mahānāmasikkhāpada)은 병든 비구들에게 약을 보시하겠다는 마하나마의 초청 기한을 초과하여 약을 구하는 것을 금지하는 조항이다. | 율장의 범죄 성립 요건에서 행위의 객관적 사실(기한 초과)과 주관적 인식(초과 인식, 의심, 미초과 인식) 모두 범죄를 구성함을 보여준다.		
168	vri:romn:vin02m1.mul:0d7d37de4c19	romn/vin02m1.mul.xml	1eb75152286d5479b3c4b3562dd9e0544a066d2b99471a3ef190af04af3fd5e1	mula	prose	long	representative	representative_stratified	vinaya	Vinayapiṭake	succeeded	True	False	198. Tena samayena buddho bhagavā sāvatthiyaṃ viharati jetavane anāthapiṇḍikassa ārāme. Tena kho pana samayena āyasmato udāyissa purāṇadutiyikā bhikkhunīsu pabbajitā hoti. Sā āyasmato udāyissa santike abhikkhaṇaṃ āgacchati, āyasmāpi udāyī tassā bhikkhuniyā santike abhikkhaṇaṃ gacchati. Tena kho pana samayena āyasmā udāyī tassā bhikkhuniyā saddhiṃ eko ekāya raho nisajjaṃ kappesi. Ye te bhikkhū appicchā…pe… te ujjhāyanti khiyyanti vipācenti – ‘‘kathañhi nāma āyasmā udāyī bhikkhuniyā saddhiṃ eko ekāya raho nisajjaṃ kappessatī’’ti…pe… saccaṃ kira tvaṃ, udāyi, bhikkhuniyā saddhiṃ eko ekāya raho nisajjaṃ kappesīti? ‘‘Saccaṃ, bhagavā’’ti. Vigarahi buddho bhagavā…pe… kathañhi nāma tvaṃ, moghapurisa, bhikkhuniyā saddhiṃ eko ekāya raho nisajjaṃ kappessasi! Netaṃ, moghapurisa appasannānaṃ vā pasādāya…pe… evañca pana, bhikkhave, imaṃ sikkhāpadaṃ uddiseyyātha –	"198. 그 때에 부처님 세존께서는 사왓티에 머무셨다, 제따 숲의 아나타삔디까 승원에. 그런데 그 때에 우다이 존자의 옛 아내가 비구니들 가운데 출가해 있었다. 그녀는 우다이 존자의 곁으로 자주 온다, 우다이 존자도 그 비구니의 곁으로 자주 간다. 그런데 그 때에 우다이 존자는 그 비구니와 함께 남자 혼자 여자 혼자서 은밀한 곳에 앉음을 지었다. 소욕의 그 비구들은 …[생략]… 그들은 불평하고 비난하고 헐뜯었다. ""어찌하여 참으로 우다이 존자가 비구니와 함께 남자 혼자 여자 혼자서 은밀한 곳에 앉음을 지을 것인가?""라고 …[생략]… ""우다이여, 네가 비구니와 함께 남자 혼자 여자 혼자서 은밀한 곳에 앉음을 지었다는 것이 참으로 사실이냐?"" ""사실입니다, 세존이시여."" 부처님 세존께서는 꾸짖으셨다. …[생략]… ""어찌하여 참으로 너는, 어리석은 자여, 비구니와 함께 남자 혼자 여자 혼자서 은밀한 곳에 앉음을 지을 것인가! 어리석은 자여, 이것은 믿음이 없는 자들을 믿게 하기 위한 것이 아니며 …[생략]… 비구들이여, 그리고 또한 이 학습계목을 이렇게 송출해야 한다."""	"198. 그 무렵 부처님 세존께서는 사왓티의 제따 숲 아나타삔디까 승원에 머무셨다. 그런데 그 무렵 우다이 존자의 옛 아내가 비구니로 출가해 있었다. 그녀는 우다이 존자에게 자주 찾아왔고, 우다이 존자도 그 비구니에게 자주 찾아갔다. 그런데 그 무렵 우다이 존자는 그 비구니와 단둘이서 은밀한 곳에 앉아 있었다. 욕심이 적은 비구들은 …[생략]… 불평하고 비난하고 헐뜯었다. ""어찌하여 우다이 존자가 비구니와 단둘이서 은밀한 곳에 앉아 있을 수 있단 말인가?""라고. …[생략]… ""우다이여, 네가 비구니와 단둘이서 은밀한 곳에 앉아 있었다는 것이 사실이냐?"" ""사실입니다, 세존이시여."" 부처님 세존께서 꾸짖으셨다. …[생략]… ""어리석은 자여, 어찌하여 너는 비구니와 단둘이서 은밀한 곳에 앉아 있을 수 있단 말인가! 어리석은 자여, 이것은 믿음이 없는 자들에게 믿음을 일으키게 하는 것이 아니며 …[생략]… 비구들이여, 그러므로 이 학습계목을 이와 같이 송출해야 한다."""	gloss: former wife; ko: 옛 아내; note: 출가하기 전 세속에서의 아내를 가리킨다.; pali: purāṇadutiyikā | gloss: one man with one woman; ko: 단둘이서; note: 남성 한 명과 여성 한 명이 단둘이 있음을 나타내는 관용적 표현이다.; pali: eko ekāya | gloss: in private; ko: 은밀한 곳에; note: 다른 사람의 눈에 띄지 않거나 은밀한 장소를 의미한다.; pali: raho | gloss: arranged a sitting; ko: 앉아 있었다; note: 직역하면 '앉음을 지었다'이며, 자리를 잡고 앉아 있는 행위를 나타낸다.; pali: nisajjaṃ kappesi | gloss: foolish man; ko: 어리석은 자; note: 부처님께서 계목을 어긴 비구를 꾸짖을 때 사용하는 전형적인 호칭이다.; pali: moghapurisa	eko ekāya는 남성 단수 주격(eko)과 여성 단수 국격/도구격(ekāya)이 결합하여 '남자 혼자서 여자 혼자와 함께'라는 의미를 명확히 보여주는 구문이다. | nisajjaṃ kappesi에서 nisajjaṃ은 대격 명사(앉음)이고 kappesi는 kappeti(짓다, 마련하다)의 아오리스트 형태로, 율장 등에서 자주 쓰이는 복합 동사적 표현이다.	이 단락은 비구가 비구니와 단둘이 은밀한 곳에 앉는 것을 금지하는 빠찟띠야(Pācittiya) 제30조(Rahonisajjasikkhāpadaṃ)가 제정된 역사적 배경을 설명하는 인연담이다.		
169	vri:romn:s0301m.mul:65bfa32418da	romn/s0301m.mul.xml	8d7f56e1d387ef7da5660566c2d7ec01fc29de2e1f8bc08260243e6c2ca6848e	mula	prose	long	representative	representative_stratified	sutta	Saṃyuttanikāyo	succeeded	True	False	‘‘Ayyikā me, bhante, kālaṅkatā jiṇṇā vuḍḍhā mahallikā addhagatā vayoanuppattā vīsavassasatikā jātiyā. Ayyikā kho pana me, bhante, piyā hoti manāpā. Hatthiratanena cepāhaṃ, bhante, labheyyaṃ ‘mā me ayyikā kālamakāsī’ti, hatthiratanampāhaṃ dadeyyaṃ – ‘mā me ayyikā kālamakāsī’ti. Assaratanena cepāhaṃ, bhante, labheyyaṃ ‘mā me ayyikā kālamakāsī’ti, assaratanampāhaṃ dadeyyaṃ – ‘mā me ayyikā kālamakāsī’ti. Gāmavarena cepāhaṃ bhante, labheyyaṃ ‘mā me ayyikā kālamakāsī’ti, gāmavarampāhaṃ dadeyyaṃ – ‘mā me ayyikā kālamakāsī’ti. Janapadapadesena cepāhaṃ, bhante, labheyyaṃ ‘mā me ayyikā kālamakāsī’ti, janapadapadesampāhaṃ dadeyyaṃ – ‘mā me ayyikā kālamakāsī’ti. ‘Sabbe sattā, mahārāja, maraṇadhammā maraṇapariyosānā maraṇaṃ anatītā’ti. ‘Acchariyaṃ, bhante, abbhutaṃ, bhante! Yāvasubhāsitamidaṃ, bhante, bhagavatā – sabbe sattā maraṇadhammā maraṇapariyosānā maraṇaṃ anatītā’’’ti.	"세존이시여, 저의 할머니가 돌아가셨습니다. 늙고, 나이 들고, 노쇠하고, 긴 세월을 보내고, 노년에 접어들어, 나이가 120세이셨습니다. 세존이시여, 참으로 저의 할머니는 사랑스럽고 마음에 드는 분이셨습니다. 세존이시여, 만일 제가 코끼리 보배로써 '저의 할머니가 돌아가시지 않기를' 얻을 수 있다면, 저는 코끼리 보배라도 주겠습니다 - '저의 할머니가 돌아가시지 않기를' (바라면서). 세존이시여, 만일 제가 말 보배로써 '저의 할머니가 돌아가시지 않기를' 얻을 수 있다면, 저는 말 보배라도 주겠습니다 - '저의 할머니가 돌아가시지 않기를' (바라면서). 세존이시여, 만일 제가 훌륭한 마을로써 '저의 할머니가 돌아가시지 않기를' 얻을 수 있다면, 저는 훌륭한 마을이라도 주겠습니다 - '저의 할머니가 돌아가시지 않기를' (바라면서). 세존이시여, 만일 제가 지방의 영지로써 '저의 할머니가 돌아가시지 않기를' 얻을 수 있다면, 저는 지방의 영지라도 주겠습니다 - '저의 할머니가 돌아가시지 않기를' (바라면서).
'대왕이여, 모든 중생은 죽기 마련인 법이고, 죽음으로 끝이 나며, 죽음을 벗어나지 못합니다.'
'경이롭습니다, 세존이시여. 놀랍습니다, 세존이시여. 세존께서 ""모든 중생은 죽기 마련인 법이고, 죽음으로 끝이 나며, 죽음을 벗어나지 못합니다.""라고 하신 이 말씀은 참으로 잘 설해진 것입니다.'"	"세존이시여, 저의 할머니가 돌아가셨습니다. 늙고, 나이 들고, 노쇠하고, 긴 세월을 보내고, 노년에 접어들어, 연세가 120세이셨습니다. 세존이시여, 참으로 저의 할머니는 제게 사랑스럽고 마음에 드는 분이셨습니다. 세존이시여, 만일 제가 코끼리 보배를 주어서 '저의 할머니가 돌아가시지 않게' 할 수 있다면, 저는 코끼리 보배라도 주겠습니다. 세존이시여, 만일 제가 말 보배를 주어서 '저의 할머니가 돌아가시지 않게' 할 수 있다면, 저는 말 보배라도 주겠습니다. 세존이시여, 만일 제가 훌륭한 마을을 주어서 '저의 할머니가 돌아가시지 않게' 할 수 있다면, 저는 훌륭한 마을이라도 주겠습니다. 세존이시여, 만일 제가 지방의 영지를 주어서 '저의 할머니가 돌아가시지 않게' 할 수 있다면, 저는 지방의 영지라도 주겠습니다.
'대왕이여, 모든 중생은 죽기 마련인 법이고, 죽음으로 끝이 나며, 죽음을 벗어나지 못합니다.'
'경이롭습니다, 세존이시여. 놀랍습니다, 세존이시여. 세존께서 ""모든 중생은 죽기 마련인 법이고, 죽음으로 끝이 나며, 죽음을 벗어나지 못합니다.""라고 하신 이 말씀은 참으로 잘 설해진 것입니다.'"	gloss: grandmother; ko: 할머니; note: 빠세나디 꼬살라 왕의 할머니를 가리킨다.; pali: ayyikā | gloss: passed away; ko: 돌아가셨다; note: kālaṃ karoti(죽음을 맞이하다)의 과거분사형이다.; pali: kālaṅkatā | gloss: subject to death; ko: 죽기 마련인 법; note: 모든 생명체의 필연적인 속성을 나타내는 용어이다.; pali: maraṇadhamma | gloss: ending in death; ko: 죽음으로 끝이 나는; note: 삶의 최종적인 결말이 죽음임을 의미한다.; pali: maraṇapariyosāna | gloss: how well spoken; ko: 참으로 잘 설해진; note: yāva와 subhāsitaṃ의 연음으로, 부처님의 말씀에 대한 강한 찬탄을 나타낸다.; pali: yāvasubhāsita	vīsavassasatikā는 vīsa(20), vassa(년), satikā(100의)로 이루어진 복합어로 120세를 의미한다. | mā me ayyikā kālamakāsī는 부정 불변화사 mā와 아오리스트(kālamakāsī)가 결합하여 강한 소망(~하지 않기를)을 나타내는 구문이다. | Hatthiratanena cepāhaṃ ... labheyyaṃ 구문은 도구격(hatthiratanena)과 조건법(labheyyaṃ)이 결합하여 '코끼리 보배를 수단으로 ~을 얻을 수 있다면'이라는 의미를 형성한다.	maraṇadhammā maraṇapariyosānā maraṇaṃ anatītā는 모든 조건 지어진 존재의 무상함과 죽음의 필연성을 강조하는 정형구이다.		
170	vri:romn:s0403m2.mul:c6a3b02af82b	romn/s0403m2.mul.xml	ac6a86267beb579a01a350240d724f833e78ca072d32c081922737f9202074c0	mula	prose	long	representative	representative_stratified	sutta	Aṅguttaranikāyo	succeeded	True	False	94. ‘‘Chayimāni, bhikkhave, abhabbaṭṭhānāni. Katamāni cha? Abhabbo diṭṭhisampanno puggalo mātaraṃ jīvitā voropetuṃ, abhabbo diṭṭhisampanno puggalo pitaraṃ jīvitā voropetuṃ, abhabbo diṭṭhisampanno puggalo arahantaṃ jīvitā voropetuṃ, abhabbo diṭṭhisampanno puggalo tathāgatassa duṭṭhena cittena lohitaṃ uppādetuṃ, abhabbo diṭṭhisampanno puggalo saṅghaṃ bhindituṃ, abhabbo diṭṭhisampanno puggalo aññaṃ satthāraṃ uddisituṃ. Imāni kho, bhikkhave, cha abhabbaṭṭhānānī’’ti. Dasamaṃ.	비구들이여, 이 여섯 가지 불가능한 경우들이 있다. 어떤 여섯인가? 견해를 구족한 사람이 어머니를 생명에서 빼앗는 것은 불가능하다. 견해를 구족한 사람이 아버지를 생명에서 빼앗는 것은 불가능하다. 견해를 구족한 사람이 아라한을 생명에서 빼앗는 것은 불가능하다. 견해를 구족한 사람이 악한 마음으로 여래의 피를 나게 하는 것은 불가능하다. 견해를 구족한 사람이 승가를 분열시키는 것은 불가능하다. 견해를 구족한 사람이 다른 스승을 가리키는 것은 불가능하다. 비구들이여, 참으로 이것들이 여섯 가지 불가능한 경우들이다. 열 번째.	비구들이여, 이 여섯 가지 불가능한 경우가 있다. 어떤 여섯인가? 바른 견해를 갖춘 사람이 어머니의 목숨을 빼앗는 것은 불가능하다. 바른 견해를 갖춘 사람이 아버지의 목숨을 빼앗는 것은 불가능하다. 바른 견해를 갖춘 사람이 아라한의 목숨을 빼앗는 것은 불가능하다. 바른 견해를 갖춘 사람이 악한 마음으로 여래의 몸에 피를 나게 하는 것은 불가능하다. 바른 견해를 갖춘 사람이 승가를 분열시키는 것은 불가능하다. 바른 견해를 갖춘 사람이 다른 스승을 따르는 것은 불가능하다. 비구들이여, 참으로 이것들이 여섯 가지 불가능한 경우이다. 열 번째.	gloss: impossible condition; ko: 불가능한 경우; note: abhabba(불가능한)와 ṭhāna(경우, 상태)의 복합어이다.; pali: abhabbaṭṭhāna | gloss: endowed with right view; ko: 견해를 구족한; note: 바른 견해를 갖춘 자, 즉 예류자 이상의 성자를 가리킨다.; pali: diṭṭhisampanna | gloss: to deprive of life; ko: 생명에서 빼앗는 것; note: 목숨을 빼앗는 것, 즉 살해하는 것을 의미한다.; pali: jīvitā voropetuṃ | gloss: to point out, to dedicate to; ko: 가리키는 것; note: 문맥상 다른 이를 스승으로 삼거나 따르는 것을 의미한다.; pali: uddisituṃ	jīvitā voropetuṃ에서 jīvitā는 탈격으로 '생명으로부터'를 뜻하며, voropetuṃ은 부정사로 '빼앗는 것'을 의미하여 '생명에서 분리시키는 것'이라는 구조를 이룬다. | abhabbo diṭṭhisampanno puggalo ... voropetuṃ 구문은 '견해를 구족한 사람이 ~하는 것은 불가능하다'는 의미로, abhabbo가 술어 역할을 한다.	여기서 언급된 처음 다섯 가지 행위(어머니, 아버지, 아라한 살해, 부처님 몸에 피를 냄, 승가 분열)는 오무간업(pañcānantariyakamma)에 해당한다. | 바른 견해를 갖춘 자(예류자)는 불법승 삼보에 대한 확고한 믿음이 있으므로 다른 스승을 따르거나 무간업을 짓는 것이 원천적으로 불가능하다.		
171	vri:romn:s0514a2.att:1ed3b5320320	romn/s0514a2.att.xml	1eeceed649d01af381db8137869f6bcb2f80f276fda09c7f078e53728e656f2c	atthakatha	verse	short	representative	representative_stratified	sutta	Khuddakanikāye	succeeded	True	False	684. ‘‘Mā tvaṃ bhāyi mahārāja, mā tvaṃ bhāyi rathesabha; Ahaṃ taṃ mocayissāmi, rāhuggahaṃva candimaṃ.	대왕이여, 당신은 두려워하지 마십시오. 전차의 주인이여, 당신은 두려워하지 마십시오. 라후의 손아귀에서 달을 (풀어주듯) 내가 당신을 풀어주겠습니다.	대왕이여, 두려워하지 마십시오. 전차의 주인이여, 두려워하지 마십시오. 라후의 손아귀에서 달을 구출하듯, 제가 당신을 구출하겠습니다.	gloss: lord of chariots; ko: 전차의 주인이여; note: ratha(전차)와 isabha(황소, 으뜸)의 복합어로 왕이나 뛰어난 전사를 부르는 호격이다.; pali: rathesabha | gloss: Rāhu's grip; ko: 라후의 손아귀; note: 일식이나 월식을 일으키는 아수라 라후(Rāhu)가 달을 붙잡는 것을 의미한다.; pali: rāhuggaha | gloss: moon; ko: 달; note: 여기서는 대격인 candimaṃ 형태로 쓰였다.; pali: candima	mā tvaṃ bhāyi: 부정 불변화사 mā와 동사 bhāyati의 아오리스트 형태가 결합하여 금지 명령을 나타낸다. | rāhuggahaṃva: rāhuggahaṃ과 iva의 연음이다. 형태상 대격이지만 문맥상 탈격('라후의 손아귀로부터')의 의미로 쓰였거나, candimaṃ과 함께 목적어로 쓰인 것으로 보인다.	라후(Rāhu)가 달을 삼켜 월식이 일어난다는 고대 인도의 신화적 비유를 통해, 절체절명의 위기에서 구출해냄을 강조하고 있다.	rāhuggahaṃ의 격이 형태상 대격이나, 문맥상 탈격의 의미로 해석하는 것이 자연스러워 번역 시 이를 반영하였다.	
172	vri:romn:s0513a3.att:c9c7061dba12	romn/s0513a3.att.xml	77d3fbedca59d4b88244200939d89d7cff8e0a44416fb49cd2bb60cb17584659	atthakatha	verse	short	representative	representative_stratified	sutta	Khuddakanikāye	succeeded	True	False	103. ‘‘Tassevaṃ vilapantassa, dijasaṅghā samāgatā; Bhutvāna pipphaliṃ yanti, vilapatveva so dijo.	그가 이와 같이 탄식하고 있을 때, 새 무리들이 모여들어 삐빨리 열매를 먹고서 간다. 그 새는 탄식하게 두어라.	그가 이처럼 탄식하고 있을 때, 새 무리들이 모여들어 삐빨리 열매를 다 먹고 가버리니, 그 새는 그저 탄식할 뿐이다.	gloss: bird; ko: 새; note: '두 번 태어난 자'라는 뜻으로, 알에서 한 번, 부화하여 한 번 태어나는 새를 가리킨다.; pali: dija | gloss: pipphali tree; ko: 삐빨리; note: 문맥상 새들이 먹는 무화과류 나무의 열매를 가리킨다.; pali: pipphalī | gloss: lamenting; ko: 탄식하는; note: vilapati의 현재분사형이다.; pali: vilapanta	Tassa evaṃ vilapantassa는 속격 절대구문(Genitive Absolute)으로, '그가 이와 같이 탄식하고 있을 때'라는 동시적 상황을 나타낸다. | vilapatveva는 vilapatu(명령법 3인칭 단수)와 eva가 결합한 형태로, 직역하면 '그저 탄식하게 두어라'가 되며 문맥상 '탄식할 뿐이다'로 이해할 수 있다.	이 게송은 마야까(Mayhaka) 자따까에 등장하며, 탐욕스럽게 자신의 것이라고 집착하지만 결국 남들이 다 차지해버리는 어리석음을 새에 비유하여 경계한다.	vilapatveva가 명령법(vilapatu)인지 현재형(vilapati)의 변형인지 형태상 다소 불확실하나, 문맥상 '그저 탄식할 뿐이다'로 해석하는 것이 자연스럽다.	
173	vri:romn:s0512a.att:7038a09c75dd	romn/s0512a.att.xml	d441d73c14f14cf0f3419e60c01c9d6245241f5ccef7c4fc5169ac72bbd860a0	atthakatha	verse	short	representative	representative_stratified	sutta	Khuddakanikāye	succeeded	True	False	‘‘Dhammena bhāsitā gāthā, sivīnaṃ raṭṭhavaḍḍhana; Etāni tava nettāni, dibbāni paṭidissare.	시위족의 나라를 번영하게 하는 자여, 게송이 법으로 말해졌다. 이 당신의 천상의 눈들이 나타난다.	시위족의 나라를 번영하게 하는 이여, 게송이 진실로 읊어졌습니다. 이제 당신의 이 천상의 눈들이 나타납니다.	gloss: increaser of the kingdom; ko: 나라를 번영하게 하는 자; note: 왕을 부르는 호칭으로 쓰였다.; pali: raṭṭhavaḍḍhana | gloss: are seen / appear; ko: 나타난다; note: dissati의 3인칭 복수 중간태 형태이다.; pali: paṭidissare | gloss: divine; ko: 천상의; note: 보시의 과보로 얻은 신성한 눈을 수식한다.; pali: dibba	raṭṭhavaḍḍhana는 호격 단수로, 시위 왕을 부르는 말이다. | paṭidissare는 paṭidissati의 3인칭 복수 현재 중간태(ātmanepada) 형태로 '나타난다', '보인다'는 의미이다. | Dhammena는 도구격으로 여기서는 진실의 말(saccakiriyā)과 관련하여 '진실로' 또는 '정당하게'라는 부사적 의미로 쓰였다.	이 게송은 시위 왕이 자신의 눈을 보시한 후, 진실의 말(saccakiriyā)을 통해 천상의 눈을 얻게 되는 장면을 묘사한다.		
174	vri:romn:s0505a.att:1d47256ec915	romn/s0505a.att.xml	2ad212bd7acb9c9742171560472eb8a39e1a194af14303565e24aea1354c38e3	atthakatha	verse	short	representative	representative_stratified	sutta	Khuddakanikāye	succeeded	True	False	‘‘Ekāparādhaṃ khama bhūripañña, na paṇḍitā kodhabalā bhavantī’’ti. (jā. 1.15.19) –	«넓은 통찰지를 가진 이여, 하나의 잘못을 용서하십시오. 현자들은 분노를 힘으로 삼는 자들이 아닙니다.»라고. (자따까 1.15.19) -	«넓은 통찰지를 가진 이여, 한 번의 잘못을 용서해 주십시오. 현자들은 분노를 힘으로 삼지 않습니다.»라고. (자따까 1.15.19) -	gloss: offense, fault; ko: 잘못; note: eka(하나의)와 결합하여 한 번의 잘못을 의미한다.; pali: aparādha | gloss: one of extensive wisdom; ko: 넓은 통찰지를 가진 이; note: bhūri(넓은)와 paññā(통찰지)의 복합어로 호격으로 쓰였다.; pali: bhūripañña | gloss: wise person; ko: 현자; note: 지혜로운 사람을 가리키는 일반적인 용어이다.; pali: paṇḍita | gloss: one whose strength is anger; ko: 분노를 힘으로 삼는 자; note: kodha(분노)와 bala(힘)의 소유복합어이다.; pali: kodhabala	kodhabalā는 kodha(분노)와 bala(힘)가 결합한 소유복합어(bahubbīhi)의 주격 복수형으로, '분노를 힘으로 가진 자들'을 의미한다. | khama는 khamati(용서하다, 참다)의 명령법 2인칭 단수형이다.	현자(paṇḍita)는 분노에 휘둘리지 않고 지혜와 인욕을 힘으로 삼는다는 불교적 덕목을 나타낸다.		
175	vri:romn:s0513a1.att:23c564ba2d24	romn/s0513a1.att.xml	ccc72bb3ee4b9337ce6593bc07f47b5f1b48b992be617dd7e2a77044e9f6c03d	atthakatha	verse	short	representative	representative_stratified	sutta	Khuddakanikāye	succeeded	True	False	‘‘Asītihatthamubbedho, dīpaṅkaro mahāmuni; Sobhati dīparukkhova, sālarājāva phullito.	위대한 성자 디빵까라는 키가 80큐빗이시며, 등불 나무처럼, 꽃이 만발한 살라 나무의 왕처럼 빛나신다.	위대한 성자 디빵까라 부처님은 키가 80큐빗이시며, 마치 등불 나무처럼, 꽃이 만발한 살라 나무의 왕처럼 빛나신다.	gloss: Dīpaṅkara Buddha; ko: 디빵까라; note: 과거불인 연등불을 가리킨다.; pali: Dīpaṅkara | gloss: great sage; ko: 위대한 성자; note: 부처님을 수식하는 표현이다.; pali: mahāmuni | gloss: 80 cubits in height; ko: 키가 80큐빗인; note: asīti(80) + hattha(큐빗) + ubbedha(높이)의 복합어이다.; pali: asītihatthamubbedha | gloss: lamp-tree; ko: 등불 나무; note: 빛나는 모습을 비유하는 표현이다.; pali: dīparukkha | gloss: king of sāla trees; ko: 살라 나무의 왕; note: 크고 훌륭한 살라 나무를 가리킨다.; pali: sālarājā	dīparukkhova와 sālarājāva는 각각 dīparukkho + iva, sālarājā + iva의 연음으로 '~처럼'이라는 직유를 나타낸다.	디빵까라(연등불) 부처님의 신체적 특징과 위엄을 묘사하는 게송이다. 80큐빗(hattha)은 고대 인도의 길이 단위로 부처님의 장대한 모습을 상징적으로 나타낸다.	hattha를 길이 단위인 '큐빗(cubit)'으로 번역하였으나, 정확한 현대적 수치로 환산하기는 어렵다.	
176	vri:romn:s0513a4.att:a7c1f78f77dc	romn/s0513a4.att.xml	4e9d221df1a5eb78af0dc94d28d6b45d9c83ef17fabcf9f20150bf4332e2b918	atthakatha	verse	short	representative	representative_stratified	sutta	Khuddakanikāye	succeeded	True	False	109. ‘‘Nāhaṃ rohaṇa gacchāmi, hadayaṃ me avakassati; Na taṃ ahaṃ jahissāmi, idha hissāmi jīvitaṃ.	나는 가지 않겠다, 로하나여, 나의 심장이 찢어지는구나. 나는 너를 버리지 않을 것이다, 여기서 목숨을 버리겠다.	로하나여, 나는 가지 않겠습니다. 내 심장이 찢어지는 듯합니다. 나는 당신을 버리지 않겠습니다. 차라리 여기서 목숨을 버리겠습니다.	gloss: Rohaṇa; ko: 로하나; note: 사슴의 이름으로, 호격으로 쓰였다.; pali: rohaṇa | gloss: is dragged down; ko: 찢어지다; note: 심장이 무너지거나 찢어지는 고통을 표현한다.; pali: avakassati | gloss: will abandon; ko: 버릴 것이다; note: 어근 hā(버리다)의 1인칭 단수 미래형이다.; pali: jahissāmi | gloss: will give up; ko: 버릴 것이다; note: jahissāmi와 동일한 어근의 미래형이다.; pali: hissāmi	Nāhaṃ은 부정어 na와 1인칭 대명사 ahaṃ의 연음이다. | avakassati는 접두사 ava와 어근 kṛṣ(끌다)에서 파생된 kassati가 결합하여 '아래로 끌어당겨지다', 즉 심장이 무너지거나 찢어지는 상태를 묘사한다. | hissāmi는 어근 hā(버리다)의 1인칭 단수 미래형으로, 앞 구절의 jahissāmi와 동일한 의미로 목숨을 버린다는 문맥에 사용되었다.	자따까(본생경) 문헌에서 흔히 나타나는, 가족이나 동료를 위해 자신의 목숨을 기꺼이 내놓는 헌신과 희생의 덕목을 보여준다.	이 게송의 화자가 사슴 왕 로하나의 동생인지 어머니인지 게송만으로는 명확하지 않으나, 번역의 의미에는 영향을 주지 않는다.	
177	vri:romn:s0507a.att:f303db8f57dc	romn/s0507a.att.xml	19467e60ee44b6c730cf198250d836b96d6810e7ba28772f28bf2467f4b388fa	atthakatha	verse	short	representative	representative_stratified	sutta	Khuddakanikāye	succeeded	True	False	508. ‘‘Tato satthaṃ gahetvāna, okkantanti punappunaṃ; Khārena paripphositvā, okkantanti punappunaṃ.	그 후 칼을 쥐고서 거듭거듭 베어내고, 잿물로 뿌리고서 거듭거듭 베어낸다.	그 후 칼을 쥐고서 거듭거듭 베어내고, 잿물을 뿌리고서 거듭거듭 베어낸다.	gloss: knife, weapon; ko: 칼; note: 문맥상 베어내는 도구이므로 칼로 번역함.; pali: sattha | gloss: to cut off, to slice; ko: 베어내다; note: okkantanti는 okkantati의 3인칭 복수형 또는 현재분사형일 수 있으나, 문맥상 '베어낸다'로 번역함.; pali: okkantati | gloss: alkaline, lye, ashes; ko: 잿물; note: 상처에 뿌려 고통을 주는 물질로 잿물로 번역함.; pali: khāra | gloss: to sprinkle; ko: 뿌리다; note: paripphositvā는 연속체로 '뿌리고서'로 번역함.; pali: paripphoseti	gahetvāna와 paripphositvā는 모두 연속체(gerund)로, 앞선 행위가 뒤의 행위(okkantanti)로 이어짐을 나타낸다. | okkantanti는 okkantati(베어내다)의 3인칭 복수 현재형으로, 지옥의 형벌을 가하는 주체들이 생략되어 있다.	이 게송은 아귀도나 지옥에서 겪는 신체적 고통을 묘사하는 전형적인 표현으로, 악업의 과보로 인해 끊임없이 살이 베이고 잿물이 뿌려지는 고통을 반복해서 겪음을 보여준다.	okkantanti가 인용 조사 'iti'와 결합된 형태(okkantati + iti)인지, 아니면 3인칭 복수형인지 명확하지 않으나, 문맥상 반복되는 행위를 나타내는 동사로 처리함.	
178	vri:romn:s0509a.att:276708e102b8	romn/s0509a.att.xml	b2020ae0a6649fc1a76030cead90814b46487ba126bffb94a1c2ef0cc110a227	atthakatha	verse	short	representative	representative_stratified	sutta	Khuddakanikāye	succeeded	True	False	232. ‘‘Esā antaradhāyāmi, kucchiṃ vā pavisāmi te; Bhamukantare tiṭṭhāmi, tiṭṭhantiṃ maṃ na dakkhasi.	이 나는 사라진다, 혹은 너의 배에 들어간다. 눈썹 사이에 서 있다, 서 있는 나를 너는 보지 못할 것이다.	나는 이렇게 모습을 감추거나, 그대의 배 속으로 들어갈 수 있다. 그대의 눈썹 사이에 서 있더라도, 서 있는 나를 그대는 보지 못할 것이다.	gloss: to disappear; ko: 사라지다; note: 모습을 감추는 신통을 나타낸다.; pali: antaradhāyati | gloss: belly, womb; ko: 배; note: 복부 또는 배 속을 의미한다.; pali: kucchi | gloss: between the eyebrows; ko: 눈썹 사이; note: bhamuka(눈썹)와 antara(사이)의 복합어이다.; pali: bhamukantara	Esā는 지시대명사의 여성 주격 단수형으로, 화자인 웁빨라완나 장로니 자신을 가리킨다. | tiṭṭhantiṃ은 현재분사 tiṭṭhant의 여성 대격 단수형으로, 목적어인 maṃ(나를)을 수식한다. | dakkhasi는 passati(보다)의 미래형 2인칭 단수형으로 쓰였다.	이 게송은 웁빨라완나 장로니가 마라(Māra)의 유혹을 물리치며 자신의 뛰어난 신통력을 드러내는 장면이다.	dakkhasi를 현재형으로 볼지 미래형으로 볼지 여지가 있으나, 문맥상 미래형('보지 못할 것이다')으로 해석하는 것이 자연스럽다.	
179	vri:romn:s0514a1.att:9ea186253995	romn/s0514a1.att.xml	88af61360592b6e0ee72e52984d1d9c565200e5f3b262bebea69dbcf9458fc04	atthakatha	verse	short	representative	representative_stratified	sutta	Khuddakanikāya	succeeded	True	False	39. ‘‘Khippaṃ kumāramānetha, dīghāvuṃ raṭṭhavaḍḍhanaṃ; Taṃ rajje abhisiñcissaṃ, so vo rājā bhavissati.	빨리 왕자를 데려오라, 나라를 번영하게 하는 디가우를. 그를 왕위에 관정할 것이니, 그가 너희들의 왕이 될 것이다.	빨리 나라를 번영하게 할 디가우 왕자를 데려오라. 내가 그를 왕위에 오르게 할 것이니, 그가 너희들의 왕이 될 것이다.	gloss: prince; ko: 왕자; note: 문맥상 소년보다는 왕자로 번역함.; pali: kumāra | gloss: Dīghāvu; ko: 디가우; note: 고유명사로 디가우 왕자를 가리킴.; pali: dīghāvu | gloss: increasing the kingdom; ko: 나라를 번영하게 하는 자; note: raṭṭha(나라)와 vaḍḍhana(증가시키는)의 복합어.; pali: raṭṭhavaḍḍhana | gloss: will anoint; ko: 관정할 것이다; note: 왕위에 오르게 하는 의식을 의미함.; pali: abhisiñcissaṃ	kumāramānetha는 목적격 kumāraṃ과 명령법 2인칭 복수 ānetha의 연음이다. | abhisiñcissaṃ은 abhisiñcissāmi의 축약형으로 1인칭 단수 미래 시제이다.		dīghāvuṃ은 고유명사(디가우 왕자)로 해석하는 것이 가장 자연스러우나, 일반 형용사로 '장수하는'으로 해석될 여지도 있다. 문맥상 고유명사로 채택하였다.	
180	vri:romn:s0508a1.att:1233433564d1	romn/s0508a1.att.xml	1f8f6e6ac8303fadda262f091cf2ee89753420aac69e5a92061204638619acde	atthakatha	verse	short	representative	representative_stratified	sutta	Khuddakanikāye	succeeded	True	False	265. ‘‘Parittaṃ dārumāruyha, yathā sīde mahaṇṇave; Evaṃ kusītamāgamma, sādhujīvīpi sīdati;	마치 작은 나무토막에 올라타서 큰 바다에서 가라앉는 것처럼, 이와 같이 게으른 자를 의지하여 바르게 사는 자도 가라앉는다.	마치 작은 나무토막에 올라타면 큰 바다에서 가라앉는 것처럼, 이와 같이 게으른 자를 가까이하면 바르게 사는 자도 가라앉는다.	gloss: small; ko: 작은; note: 크기가 작거나 보잘것없음을 의미한다.; pali: paritta | gloss: wood, log; ko: 나무토막; note: 물에 뜨기 위해 의지하는 나무 조각을 가리킨다.; pali: dāru | gloss: great ocean; ko: 큰 바다; note: mahā와 aṇṇava의 복합어이다.; pali: mahaṇṇava | gloss: lazy person; ko: 게으른 자; note: 수행에 정진하지 않고 나태한 사람을 가리킨다.; pali: kusīta | gloss: one who lives rightly; ko: 바르게 사는 자; note: 청정하게 생활하며 수행에 힘쓰는 사람을 의미한다.; pali: sādhujīvī	dārumāruyha는 dāruṃ(대격)과 āruyha(연속체)의 연음이다. | sīde는 sīdati(가라앉다)의 3인칭 단수 원망법(optative)으로, 가정의 의미를 나타낸다. | āgamma는 āgacchati의 연속체(gerund)로, 여기서는 물리적인 이동이 아니라 '~에 의지하여' 또는 '~를 가까이하여'라는 의미로 쓰였다.	게으른 자(kusīta)와 어울리면, 비록 바르게 수행하는 자(sādhujīvī)일지라도 결국 퇴보하여 윤회의 바다에 가라앉게 된다는 악지식(나쁜 벗)의 위험성을 경고하는 비유이다.		
181	vri:romn:s0508a2.att:c02cb97d4e60	romn/s0508a2.att.xml	78ce48f5a826074bb0ef39f2a042f8723dae2c5a7bf0248ecbb438fcea6d073e	atthakatha	verse	short	representative	representative_stratified	sutta	Khuddakanikāye	succeeded	True	False	‘‘Ṭhito pabbatapādamhi, assāsayi mahāmuni; Vakkalīti jino vācaṃ, taṃ sutvā mudito ahaṃ.	위대한 성자께서 산기슭에 서서 위로하셨다. 승리자께서 '왁깔리여'라고 하신 그 말씀을 듣고서 나는 기뻐하였다.	위대한 성자께서 산기슭에 서서 나를 위로하셨다. 승리자께서 '왁깔리여'라고 부르신 그 말씀을 듣고서 나는 기뻐하였다.	gloss: foot of a mountain; ko: 산기슭; note: pabbata(산)와 pāda(발, 기슭)의 복합어.; pali: pabbatapāda | gloss: comforted; ko: 위로하셨다; note: assāseti의 아오리스트 형태.; pali: assāsayi | gloss: great sage; ko: 위대한 성자; note: 부처님을 가리키는 호칭.; pali: mahāmuni | gloss: conqueror; ko: 승리자; note: 번뇌를 이긴 부처님을 가리키는 호칭.; pali: jina	Vakkalīti는 호격 Vakkali와 인용 불변화사 iti의 연음이다. | assāsayi는 assāseti(위로하다, 격려하다)의 아오리스트 3인칭 단수형이다.	왁깔리(Vakkali) 장로가 부처님의 모습을 보지 못해 절망하여 산에서 투신하려 할 때, 부처님께서 신통으로 나타나 그를 부르며 위로하신 일화를 배경으로 한다.	vācaṃ이 assāsayi의 목적어인지, 뒤따르는 sutvā의 목적어인지 구조적으로 모호할 수 있으나, 문맥상 taṃ sutvā의 taṃ이 vācaṃ을 가리키는 것으로 보아 듣는 대상으로 해석하는 것이 자연스럽다.	
182	vri:romn:s0513a2.att:edf6f209ad58	romn/s0513a2.att.xml	78a1afbe32fee32bfcf0beb0ea22a972127eb540f7f988df2cbdddeda70f7354	atthakatha	verse	short	representative	representative_stratified	sutta	Khuddakanikāya	succeeded	True	False	74. ‘‘Nanu maṃ samma jānāsi, dija sāmākabhojana; Akatvā vacanaṃ tuyhaṃ, passa lūnosmi āgato.	친구여, 사마까를 먹는 새여, 너는 나를 알지 않는가? 너의 말을 하지 않고, 보라, 나는 베어져서 왔다.	친구여, 사마까를 먹는 새여, 너는 나를 알지 못하는가? 네 말을 따르지 않다가, 보라, 나는 이렇게 베어져서 왔다.	gloss: friend; ko: 친구여; note: 동등한 자들 사이에서 부르는 호칭.; pali: samma | gloss: bird; ko: 새여; note: 두 번 태어난 자라는 뜻으로 새를 가리키는 호격.; pali: dija | gloss: eater of millet; ko: 사마까를 먹는 자여; note: sāmāka(피, 조 같은 곡물)와 bhojana(먹는 자)의 복합어 호격.; pali: sāmākabhojana | gloss: cut off; ko: 베인; note: lunāti(베다)의 과거분사.; pali: lūna	lūnosmi는 lūno(베인)와 asmi(나는 ~이다)의 연음이다. | Akatvā vacanaṃ tuyhaṃ은 '너의 말을 하지 않고'라는 직역에서 '너의 말을 따르지 않고'라는 의미를 나타낸다.			
183	vri:romn:s0502a.att:5760bcbd5256	romn/s0502a.att.xml	d01ae0aee84a7a7602e495bb3abff85666388705fdb31283ff12ced82b00b3d9	atthakatha	verse	short	representative	representative_stratified	sutta	Khuddakanikāye	succeeded	True	False	49. ‘‘Yathāpi bhamaro pupphaṃ, vaṇṇagandhamaheṭhayaṃ; Paleti rasamādāya, evaṃ gāme munī care’’ti.	"""마치 벌이 꽃의 색깔과 향기를 해치지 않고 꿀을 취하여 날아가듯이, 이와 같이 성자는 마을에서 다녀야 한다.""라고."	"""마치 벌이 꽃의 색깔과 향기를 다치지 않게 하고 꿀만 취하여 날아가듯, 성자는 마을에서 그와 같이 다녀야 한다."""	gloss: bee; ko: 벌; note: 꽃에서 꿀을 채취하는 곤충을 가리킨다.; pali: bhamara | gloss: flower; ko: 꽃; note: 비유에서 재가자 또는 재가자의 믿음과 재산을 상징한다.; pali: puppha | gloss: sage; ko: 성자; note: 수행을 통해 지혜를 갖춘 출가자를 가리킨다.; pali: muni | gloss: not harming; ko: 해치지 않고; note: 대상에 손상을 입히지 않는 상태를 나타낸다.; pali: aheṭhayaṃ	aheṭhayaṃ은 현재분사 aheṭhayanto의 축약형으로, 주어인 bhamaro의 상태를 설명한다. | rasamādāya는 목적어 rasaṃ과 절대분사 ādāya가 결합된 연음이다. | care는 동사 carati의 소망법 3인칭 단수형으로 당위를 나타낸다.	출가자가 재가자의 마을에서 탁발할 때, 재가자의 믿음이나 재산을 훼손하지 않고 필요한 최소한의 공양만 받아야 함을 벌과 꽃의 비유로 나타낸다.		
184	vri:romn:vin02a3.att:46181c05a904	romn/vin02a3.att.xml	ff269b80c962203abbb18f8c9693fb2d5a92af2f43ab203336a74bebebbbb169	atthakatha	verse	short	representative	representative_stratified	vinaya	Vinayapiṭake	succeeded	True	False	‘‘Dasasataṃ rattisataṃ, āpattiyo chādayitvāna; Dasa rattiyo vasitvāna, mucceyya pārivāsiko’’ti. (pari. 477);	''천 개의 범계들을 백 일 밤 동안 숨기고서, 열 밤을 머물고서, 별주를 행하는 자는 벗어날 것이다.''라고. (부수 477)	''천 개의 범계를 백 일 밤 동안 숨겼더라도, 열 밤을 머물고 나면 별주를 행하는 자는 벗어날 것이다.''라고 하였다. (부수 477)	gloss: offense; ko: 범계; note: 승단의 규율을 어긴 죄를 의미한다.; pali: āpatti | gloss: probation; ko: 별주; note: 승잔죄를 범하고 숨긴 비구에게 부과되는 근신 기간이다.; pali: parivāsa | gloss: one undergoing probation; ko: 별주를 행하는 자; note: 별주 기간을 보내고 있는 비구를 가리킨다.; pali: pārivāsika	Dasasataṃ은 수사 1000을 의미하며, 문맥상 대격 복수인 āpattiyo(범계들을)의 수량을 나타낸다. | rattisataṃ과 rattiyo는 대격으로 쓰여 시간의 계속(~동안)을 나타낸다.	별주(parivāsa)는 승잔죄를 범하고 이를 숨긴 비구에게 숨긴 날짜만큼 부과되는 근신 처분이다. | 이 게송은 율장 부수(Parivāra)의 내용으로, 범계를 숨긴 기간과 별주 기간의 특수한 계산 사례를 다루고 있다.	Dasasataṃ rattisataṃ이 '천 개의 범계를 백 일 밤 동안'인지, '천 번, 백 번의 밤 동안'인지 문법적으로는 두 가지 해석이 모두 가능하나, 율장의 맥락을 고려하여 전자로 번역하였다.	
185	vri:romn:s0514a1.att:120f8a700dca	romn/s0514a1.att.xml	96de9519273e8c26a41c73414cc1863728d38a191355277e72c30e44f9db3e50	atthakatha	verse	short	representative	representative_stratified	sutta	Khuddakanikāya	succeeded	True	False	178. ‘‘Pahāravarakhettaññū, saṅgāme katanissame; Ussite hiṃsayaṃ rājā, sa balena virujjhati.	타격의 훌륭한 장소를 아는 자들을, 전투에서 노력을 다한 자들을, 뛰어난 자들을 해치면서, 왕은, 그는 군대와 적대하게 된다.	왕이 타격할 훌륭한 장소를 알고 전투에서 노력을 다한 뛰어난 자들을 해친다면, 그는 자신의 군대와 불화하게 됩니다.	gloss: blow, stroke; ko: 타격; note: 전투에서의 타격이나 공격을 의미한다.; pali: pahāra | gloss: field, place; ko: 장소; note: 본래 '밭'을 의미하나 여기서는 타격할 적절한 '장소'나 '영역'을 뜻한다.; pali: khetta | gloss: effort, exertion; ko: 노력; note: katanissama는 '노력을 다한 자'를 의미한다.; pali: nissama | gloss: exalted, prominent; ko: 뛰어난 자; note: 높여진, 뛰어난 상태를 의미하며 여기서는 뛰어난 용사들을 가리킨다.; pali: ussita | gloss: to be at variance, to oppose; ko: 적대하다; note: 군대와 불화하거나 대립하게 됨을 의미한다.; pali: virujjhati	Pahāravarakhettaññū, katanissame, ussite는 모두 동사 hiṃsayaṃ의 목적어 역할을 하는 대격 복수형이다. | hiṃsayaṃ은 hiṃsati(해치다)의 현재분사 주격 단수 남성형으로, 왕(rājā)을 수식하며 조건이나 동시 동작을 나타낸다.	이 게송은 왕이 자신을 위해 헌신하고 능력을 갖춘 훌륭한 신하나 용사들을 부당하게 대우하면 결국 자신의 군사력과 지지 기반을 잃게 된다는 통치 철학을 담고 있다.	Pahāravarakhettaññū의 -ū 어미가 대격 복수로 쓰인 형태인지, 혹은 다른 격의 변형인지 문법적으로 다소 불확실하나 문맥상 대격 복수로 해석하는 것이 가장 자연스럽다.	
186	vri:romn:s0513a3.att:c3617e9065d1	romn/s0513a3.att.xml	11c4d75703779629c24bb925a95bebabcd282019703c2e5bd58e1ade40a148ce	atthakatha	verse	short	representative	representative_stratified	sutta	Khuddakanikāye	succeeded	True	False	108. ‘‘Saṃvāsena have sakka, manussassa migassa vā; Hadaye jāyate pemaṃ, taṃ na sakkā asocitu’’nti.	삭까여, 참으로 사람이나 짐승과 함께 삶으로 인해 마음에 애정이 생겨납니다. 그것에 대해 슬퍼하지 않는 것은 불가능합니다.	제석천이여, 참으로 사람이나 짐승과 함께 살다 보면 마음에 애정이 생겨납니다. (그들과 헤어질 때) 슬퍼하지 않을 수 없습니다.	gloss: Sakka; ko: 삭까; note: 신들의 왕인 제석천을 부르는 호격으로 쓰였다.; pali: Sakka | gloss: living together; ko: 함께 삶; note: 같이 사는 것, 동거를 의미한다.; pali: saṃvāsa | gloss: affection; ko: 애정; note: 마음에 생겨나는 애착이나 사랑을 뜻한다.; pali: pema	'na sakkā asocituṃ'은 불가능을 나타내는 'na sakkā'와 부정사 'asocituṃ'이 결합한 이중부정 구문으로, '슬퍼하지 않을 수 없다'는 의미를 강조한다. | 'manussassa migassa vā'는 속격으로 쓰였으나, saṃvāsa(함께 삶)와 연결되어 '사람이나 짐승과 (함께 삶)'의 의미를 구성한다.	애정(pema)이 생기면 필연적으로 슬픔(soka)이 뒤따른다는 불교의 기본적인 가르침을 담고 있다.	대명사 'taṃ'이 가리키는 대상이 애정(pema) 자체인지, 애정의 대상인지 명확하지 않으나, 문맥상 애정의 대상(또는 그와의 이별)에 대해 슬퍼하는 것으로 해석하였다.	
187	vri:romn:vin01a.att:89f8b2bfc7e5	romn/vin01a.att.xml	8dcdba13557341e319186c1a6691bcdcf7e5979aaa66855ec8dee6e1318b9042	atthakatha	verse	short	representative	representative_stratified	vinaya	Vinayapiṭake	succeeded	True	False	Ṭhapetvā caturopete, nikāye dīghaādike; Tadaññaṃ buddhavacanaṃ, nikāyo khuddako matoti.	디가(Dīgha) 등 이들 네 가지 니까야들을 제외하고, 그 밖의 부처님 말씀은 쿳다까 니까야(Khuddaka-nikāya)로 간주된다라고.	디가(Dīgha) 등 네 가지 니까야를 제외한 그 밖의 부처님 말씀은 쿳다까 니까야(소부)로 간주된다.	gloss: collection; ko: 니까야; note: 경전의 모음집을 가리키는 용어.; pali: nikāya | gloss: word of the Buddha; ko: 부처님 말씀; note: 부처님의 가르침 전체를 의미한다.; pali: buddhavacana | gloss: minor; ko: 쿳다까; note: 다섯 번째 니까야인 소부(小部)를 가리킨다.; pali: khuddaka	caturopete는 caturo(네 가지) + pi(강조) + ete(이들)의 연음으로, '이들 네 가지'를 의미한다. | matoti는 mato(간주된다) + iti(인용 불변화사)의 연음이다.	제1차 결집에서 디가, 맛지마, 상윳따, 앙굿따라 니까야의 네 가지 니까야에 포함되지 않는 나머지 모든 부처님의 가르침을 쿳다까 니까야(소부)로 분류했음을 설명하는 게송이다.	caturopete를 caturo + upete(네 가지를 갖춘)로 분석할 여지도 있으나, 문맥상 caturo + pi + ete(이들 네 가지)로 해석하는 것이 더 자연스럽다.	
188	vri:romn:s0508a1.att:7963f59e35ce	romn/s0508a1.att.xml	4692149c726ce66ad42fbad9ae2dff6b702cb5d9af1edcd4dadef35a6654d219	atthakatha	verse	short	representative	representative_stratified	sutta	Khuddakanikāye	succeeded	True	False	‘‘Imasmiṃyeva kappamhi, yaṃ buddhamabhipūjayiṃ; Duggatiṃ nābhijānāmi, buddhapūjāyidaṃ phalaṃ.	바로 이 겁에, 내가 부처님을 공양한 이래로, 악처를 알지 못하니, 이것은 부처님께 공양한 과보이다.	바로 이 겁에 부처님께 공양을 올린 이래로, 나는 악처를 알지 못하니, 이것은 부처님께 공양을 올린 과보이다.	gloss: aeon; ko: 겁; note: 우주적 시간 단위인 겁을 의미한다.; pali: kappa | gloss: bad destination; ko: 악처; note: 나쁜 세계나 불행한 태어남을 가리킨다.; pali: duggati | gloss: worshipping the Buddha; ko: 부처님께 공양함; note: 부처님에 대한 존경과 공양을 의미한다.; pali: buddhapūjā | gloss: fruit, result; ko: 과보; note: 행위(업)에 따른 결과를 의미한다.; pali: phala	Imasmiṃyeva는 처격 대명사 imasmiṃ에 강조 불변화사 eva가 결합된 형태이다. | buddhapūjāyidaṃ은 buddhapūjāya(속격)와 대명사 idaṃ(주격)의 연음이다.	부처님께 공양을 올린 공덕으로 인해 오랜 세월 동안 악처(duggati)에 떨어지지 않는다는 업과 과보의 법칙을 보여주는 전형적인 게송이다.	yaṃ은 관계부사로 쓰여 '~한 이래로' 또는 '~한 까닭에'로 해석될 수 있으며, 여기서는 문맥상 '~한 이래로'로 번역하였다.	
189	vri:romn:s0514a3.att:860bc4f0081b	romn/s0514a3.att.xml	55935277f28d93dcd6f380a39884b2d41b5220326ee7dbbb0d62858623e08acf	atthakatha	verse	short	representative	representative_stratified	sutta	Khuddakanikāye	succeeded	True	False	2352. ‘‘Tato rathasahassāni, yojayantu catuddasa; Ayosukatanemiyo, suvaṇṇacitapakkhare.	그리고 나서 쇠로 잘 만들어진 바퀴테를 가지고 금으로 장식된 측면을 가진 만 사천 대의 전차들을 준비하게 하라.	그리고 나서 쇠로 잘 만든 바퀴테와 금으로 장식된 측면을 갖춘 만 사천 대의 전차를 준비하게 하라.	gloss: chariot; ko: 전차; note: 고대 인도의 마차나 전차를 의미한다.; pali: ratha | gloss: to harness, to prepare; ko: 준비하다; note: 수레나 전차에 멍에를 씌워 채비하는 것을 뜻한다.; pali: yojayati | gloss: rim of a wheel; ko: 바퀴테; note: 수레바퀴의 바깥쪽 테두리를 가리킨다.; pali: nemi | gloss: side of a chariot; ko: 측면; note: 전차의 측면이나 덮개 부분을 의미한다.; pali: pakkhara	Ayosukatanemiyo와 suvaṇṇacitapakkhare는 모두 rathasahassāni(수천 대의 전차)를 수식하는 복수 대격 형용사 복합어이다. | yojayantu는 사역동사 yojayati의 3인칭 복수 명령법으로 '준비하게 하라' 또는 '채비하게 하라'는 의미이다.	웻산따라 자따까(Vessantara Jātaka)의 대왕의 장(Mahārājapabba)에서 싼자야 왕이 아들 웻산따라를 데려오기 위해 대규모 군대와 행렬을 준비하도록 명령하는 장면이다.	pakkhara는 전차의 측면이나 덮개를 의미하는데, 정확한 형태는 고대 인도 전차의 구조에 따라 다를 수 있다.	
190	vri:romn:s0508a1.att:4fab916db350	romn/s0508a1.att.xml	0e875efa1a2be7075466ca5decbddf2b15ab1bb77d573fc08880190f882eefb4	atthakatha	verse	short	representative	representative_stratified	sutta	Khuddakanikāye	succeeded	True	False	‘‘Nhātvā pitvā ca sambuddho, uttaritvekacīvaro; Aṭṭhāsi bhagavā tattha, vilokento disodisaṃ.	정각자이신 세존께서는 목욕하시고 마시고 물에서 나와 하나의 가사를 입으신 채 사방을 둘러보시며 그곳에 서 계셨다.	정각자이신 세존께서는 목욕을 하고 물을 마신 뒤, 물에서 나와 가사 한 벌만 걸치신 채 사방을 둘러보시며 그곳에 서 계셨다.	gloss: perfectly enlightened one; ko: 정각자; note: 부처님을 가리키는 호칭이다.; pali: sambuddha | gloss: Blessed One; ko: 세존; note: 부처님을 가리키는 존칭이다.; pali: bhagavā | gloss: single robe; ko: 하나의 가사; note: 가사 한 벌만 걸친 상태를 나타내는 바후비히 복합어이다.; pali: ekacīvara | gloss: in all directions; ko: 사방을; note: disā(방향)의 반복 합성어로 부사적으로 쓰였다.; pali: disodisaṃ	uttaritvekacīvaro는 절대분사 uttaritvā(물에서 나와)와 복합어 ekacīvaro(하나의 가사를 입은 자)가 결합된 연음 형태이다. | disodisaṃ은 disā(방향)가 반복된 형태로 '사방을' 또는 '이리저리'라는 부사적 의미를 가진다.		pitvā(마시고)의 목적어가 명시되지 않았으나, 문맥상 목욕 후 물을 마신 것으로 해석하였다.	
191	vri:romn:s0508a2.att:73a6e172807a	romn/s0508a2.att.xml	37ce72048484813d4c56924f6795e634cf4c1c46f0d3710b1a36627d54981abb	atthakatha	verse	short	representative	representative_stratified	sutta	Khuddakanikāye	succeeded	True	False	609. ‘‘Sīlaṃ rakkheyya medhāvī, patthayāno tayo sukhe; Pasaṃsaṃ vittilābhañca, pecca sagge pamodanaṃ.	지혜로운 자는 세 가지 행복을 바라면서 계율을 지켜야 한다. 칭찬과 재물의 획득과 죽어서 천상에서 기뻐함을.	지혜로운 자는 세 가지 행복을 바란다면 계율을 지켜야 합니다. 그 세 가지란 칭찬, 재물의 획득, 그리고 죽어서 천상에서 기뻐하는 것입니다.	gloss: virtue, moral conduct; ko: 계율; note: 도덕적 행위의 규범을 의미한다.; pali: sīla | gloss: wise, intelligent; ko: 지혜로운 자; note: 통찰력과 지혜를 갖춘 사람을 가리킨다.; pali: medhāvī | gloss: acquisition of wealth; ko: 재물의 획득; note: vitti는 기쁨 또는 재물을 뜻하며, 여기서는 재물로 해석된다.; pali: vittilābha | gloss: having departed, after death; ko: 죽어서; note: 이생을 떠나 내세에 이르는 것을 의미하는 절대분사이다.; pali: pecca	tayo sukhe에서 sukha는 본래 중성명사이나, 여기서는 남성형 수사 tayo와 결합하여 남성형 복수 대격으로 쓰였다. | pasaṃsaṃ, vittilābhaṃ, pamodanaṃ은 tayo sukhe(세 가지 행복)와 동격을 이루는 대격 명사들이다.	계율(sīla)을 지킴으로써 현세에서 얻는 이익(칭찬, 재물)과 내세에서 얻는 이익(천상에 태어남)을 세 가지 행복으로 제시하고 있다.	vitti는 '기쁨'과 '재물'의 두 가지 의미가 있으며, 여기서는 문맥상 '재물'로 해석하는 것이 일반적이나 '기쁨의 획득'으로도 해석될 여지가 있다.	
192	vri:romn:s0508a2.att:8ee1d462c8cb	romn/s0508a2.att.xml	64ce21413494d62130545541eb8dc88d1d8c66fdbf3c0d5d03b1ba0b4f38d657	atthakatha	verse	short	representative	representative_stratified	sutta	Khuddakanikāye	succeeded	True	False	‘‘Catupaññāsasahassāni, pāsāde kārayī ayaṃ; Kathayissāmi vipākaṃ, suṇotha mama bhāsato.	이 사람은 54,000개의 누각들을 짓게 했다. 나는 과보를 말할 것이니, 내가 말하는 것을 너희들은 들어라.	이 사람은 54,000개의 누각을 짓게 했습니다. 내가 그 과보를 말할 것이니, 내가 말하는 것을 들으십시오.	gloss: mansion, palace; ko: 누각; note: 다층 건물이나 훌륭한 저택을 가리킨다.; pali: pāsāda | gloss: result, fruit; ko: 과보; note: 행위(업)에 따른 결과를 의미한다.; pali: vipāka	mama bhāsato는 대명사 속격(mama)과 현재분사 속격(bhāsato)이 결합한 형태로, '내가 말할 때'라는 절대속격(Genitive Absolute) 구문이거나 '말하는 나의 (말을) 들어라'로 해석할 수 있다. | kārayī는 사역동사 kāreti의 아오리스트 3인칭 단수형으로 '짓게 했다'는 의미이다.	전생에 누각을 지어 보시한 공덕의 과보를 설명하기 시작하는 게송의 도입부이다.		
193	vri:romn:s0508a2.att:5f029fdd7e03	romn/s0508a2.att.xml	c68a23f433d2e194bcbd6b93f63b9519c910d6bab532b55c9e228e15a74e05c3	atthakatha	verse	short	representative	representative_stratified	sutta	Khuddakanikāye	succeeded	True	False	‘‘Apariyositasaṅkappo, kutitthe sañcariṃ ahaṃ; Tava dassanamāgamma, saṅkappo pūrito mama.	나는 목적을 성취하지 못한 채, 잘못된 나루터에서 헤매었습니다. 당신을 뵙게 됨으로 인해, 나의 목적은 성취되었습니다.	나는 목적을 이루지 못한 채, 잘못된 나루터(외도의 가르침)를 헤매었습니다. 당신을 뵙게 됨으로 인해, 나의 목적은 성취되었습니다.	gloss: intention, purpose; ko: 목적; note: 여기서는 진리를 구하고자 하는 의도나 목적을 의미한다.; pali: saṅkappa | gloss: wrong ford, false doctrine; ko: 잘못된 나루터; note: 외도의 잘못된 가르침을 비유적으로 표현한 단어이다.; pali: kutittha | gloss: owing to, by means of; ko: ~로 인해; note: 절대분사로 원인이나 이유를 나타낸다.; pali: āgamma	dassanamāgamma는 dassanaṃ과 āgamma의 연음이다. āgamma는 절대분사로 원인이나 이유(~로 인해, ~에 의지하여)를 나타낸다. | kutitthe는 '나쁜 나루터'라는 뜻으로, 불교 외의 잘못된 가르침이나 종교적 스승을 은유적으로 표현한 처격 명사이다.	사리뿟따 장로가 부처님의 가르침을 만나기 전 외도의 스승 밑에서 진리를 찾지 못하고 방황하다가, 부처님을 뵙고 궁극적인 목적(아라한과)을 성취했음을 고백하는 내용이다.		
194	vri:romn:s0514a3.att:3b413782620b	romn/s0514a3.att.xml	380f01316dea6c50916f0233b3029fae2ce153967da5a154c1e4c454c2dbd4c3	atthakatha	prose	medium	representative	representative_stratified	sutta	Khuddakanikāye	succeeded	True	False	Evaṃ mahāsatto rañño gharāvāsapañhaṃ kathetvā pallaṅkā oruyha rājānaṃ vandi. Rājāpissa mahāsakkāraṃ katvā ekasatarājūhi parivuto attano nivesanameva gato.	이와 같이 위대한 존재는 왕에게 재가 생활의 문제를 말하고 나서 평상에서 내려와서 왕에게 절했다. 왕도 그에게 큰 공경을 하고 나서 일백 명의 왕들에 의해 둘러싸여 자신의 거처로 갔다.	이와 같이 보살은 왕에게 재가 생활에 대한 문제를 설명하고 나서, 자리에서 내려와 왕에게 절했다. 왕도 그에게 큰 환대를 베풀고 나서, 백 명의 왕들에게 둘러싸여 자신의 거처로 돌아갔다.	gloss: great being, bodhisatta; ko: 위대한 존재; note: 자따까 문맥에서 부처님의 전생인 보살을 가리킨다.; pali: mahāsatta | gloss: question of household life; ko: 재가 생활의 문제; note: gharāvāsa(재가 생활)와 pañha(문제, 질문)의 복합어이다.; pali: gharāvāsapañha | gloss: great honor, great hospitality; ko: 큰 공경; note: 왕이 보살에게 베푸는 큰 환대를 의미한다.; pali: mahāsakkāra | gloss: residence, dwelling; ko: 거처; note: 왕의 궁전이나 머무는 곳을 가리킨다.; pali: nivesana	Rājāpissa는 Rājā(왕은) + pi(도) + assa(그에게)의 연음으로, '왕도 그에게'라는 의미를 나타낸다. | ekasatarājūhi parivuto는 도구격(ekasatarājūhi)과 과거분사(parivuto)가 결합하여 '~에 의해 둘러싸인'이라는 수동적 의미를 나타낸다.	mahāsatta(위대한 존재)는 자따까(본생담) 문맥에서 깨달음을 구하는 보살을 지칭하는 일반적인 표현이다.		
195	vri:romn:vin02a1.att:e5f5ffcdaed1	romn/vin02a1.att.xml	4f22e632f9819dc5306d1a8f1225484ed609f56bc532c94e4a68f4d5d8b50c61	atthakatha	prose	medium	representative	representative_stratified	vinaya	Vinayapiṭake	succeeded	True	False	903. Pañcame – cīvarasaṅkamanīyanti saṅkametabbaṃ cīvaraṃ; aññissā santakaṃ anāpucchā gahitaṃ puna paṭidātabbacīvaranti attho.	다섯 번째에서, '가사 넘겨주기'라는 것은 넘겨주어야 할 가사이다. 다른 이의 소유물을 허락받지 않고 가져가서 다시 돌려주어야 할 가사라는 뜻이다.	다섯 번째 학습계목에서, '가사 넘겨주기(cīvarasaṅkamanīya)'란 넘겨주어야 할 가사를 말한다. 즉, 다른 비구니의 소유물을 허락받지 않고 가져가서 다시 돌려주어야 하는 가사라는 뜻이다.	gloss: transferable robe; ko: 가사 넘겨주기; note: 문맥상 다른 이에게 넘겨주어야 하는 가사를 의미한다.; pali: cīvarasaṅkamanīya | gloss: without asking permission; ko: 허락받지 않고; note: 묻지 않고 가져감을 의미하는 절대분사이다.; pali: anāpucchā | gloss: to be returned; ko: 돌려주어야 할; note: 다시 반환해야 함을 나타내는 미래수동분사이다.; pali: paṭidātabba	aññissā는 여성 단수 속격으로, 문맥상 '다른 비구니의'를 의미한다. | anāpucchā는 부정 접두사 a-와 동사 āpucchati의 절대분사가 결합하여 '묻지 않고', '허락받지 않고'라는 뜻을 나타낸다.	이 구절은 비구니 빠찟띠야(Pācittiya) 규정 중 다른 비구니의 가사를 허락 없이 입고 돌려주어야 하는 상황을 해설하고 있다.		
196	vri:romn:s0503a.att:38588de6c677	romn/s0503a.att.xml	91b03334bbd30124e0a4f6ed2ce0cb300f590711cb6e8335adc1c71c62a34ac7	atthakatha	prose	medium	representative	representative_stratified	sutta	Khuddakanikāye	succeeded	True	False	Etamatthaṃ viditvāti etaṃ āyasmato pilindavacchassa satipi vasalasamudācāre dosantarābhāvasaṅkhātaṃ atthaṃ viditvā. Imaṃ udānanti tassa aggaphalādhigamavibhāvanaṃ imaṃ udānaṃ udānesi.	'이 의미를 알고서'라는 것은, 존자 삘린다왓차에게 '천한 자'라는 부름이 있음에도 불구하고 내면에 성냄이 없음이라고 불리는 이 의미를 알고서라는 뜻이다. '이 우다나를'이라는 것은, 그의 최상의 과의 증득을 밝히는 이 우다나를 읊으셨다는 뜻이다.	'이 의미를 알고서'라는 것은, 삘린다왓차 존자에게 '천한 자'라고 부르는 습관이 있음에도 불구하고 내면에는 성냄이 없다는 이 사실을 알고서라는 뜻이다. '이 우다나를'이라는 것은, 그가 최상의 과(아라한과)를 증득했음을 밝히는 이 우다나(감흥어)를 읊으셨다는 뜻이다.	gloss: habit of addressing others as outcasts; ko: '천한 자'라는 부름; note: vasala(천한 자)와 samudācāra(행동, 부름)의 복합어.; pali: vasalasamudācāra | gloss: absence of inner anger; ko: 내면에 성냄이 없음; note: dosa(성냄), antara(내면), abhāva(없음)의 복합어.; pali: dosantarābhāva | gloss: highest fruit; ko: 최상의 과; note: 아라한과를 가리킨다.; pali: aggaphala | gloss: making clear, revealing; ko: 밝힘; note: 드러내어 명확히 함을 의미한다.; pali: vibhāvana	satipi vasalasamudācāre는 처격 절대구문으로 '천한 자라는 부름이 있음에도 불구하고'로 해석된다. | dosantarābhāvasaṅkhātaṃ은 atthaṃ을 수식하는 과거분사형 복합어이다.	삘린다왓차 존자는 전생의 습관으로 인해 사람들을 '천한 자(vasala)'라고 불렀으나, 아라한이므로 내면에는 성냄(dosa)이 없음을 부처님께서 밝히시는 대목이다. | aggaphala(최상의 과)는 사쌍팔배 중 가장 높은 단계인 아라한과를 의미한다.		
197	vri:romn:s0508a1.att:f3fd704969a4	romn/s0508a1.att.xml	5a2396a0b61d2b69a108325e4663725e68bf20b2659db74286c0f86f5b9928b5	atthakatha	verse	medium	representative	representative_stratified	sutta	Khuddakanikāye	succeeded	True	False	111. ‘‘Duppabbajjaṃ ve duradhivāsā gehā, dhammo gambhīro duradhigamā bhogā; Kicchā vutti no itarītareneva, yuttaṃ cintetuṃ satatamaniccata’’nti. –	"""참으로 출가하기 어렵고, 집들은 살기 어렵고, 법은 깊고, 재물들은 얻기 어렵다. 우리들의 생계는 단지 얻어지는 대로라 고생스럽다. 항상 무상함을 숙고하는 것이 마땅하다.""라고."	"""참으로 출가하기도 어렵고, 재가에 살기도 어렵다. 법은 깊고, 재물은 얻기 어렵다. 우리의 생계는 그저 얻어지는 대로 살아가는 것이라 고생스럽다. 그러니 항상 무상함을 숙고하는 것이 마땅하다.""라고."	gloss: going forth; ko: 출가; note: 세속을 떠나 수행자의 삶으로 들어가는 것을 의미한다.; pali: pabbajja | gloss: whatever is available; ko: 얻어지는 대로; note: 탁발 수행자가 주어지는 대로 만족하며 살아가는 모습을 나타낸다.; pali: itarītara | gloss: impermanence; ko: 무상함; note: 모든 조건 지어진 것들이 영원하지 않다는 핵심 교리이다.; pali: aniccata	itarītareneva는 itarītarena와 eva의 연음으로, '단지 얻어지는 대로'라는 의미를 나타낸다. | cintetuṃ은 부정사로 주어 역할을 하며, yuttaṃ은 그에 대한 술어 형용사로 쓰였다.	출가 생활과 재가 생활 모두의 어려움을 통찰하고, 생계의 고단함을 바탕으로 모든 형성된 것의 무상함을 숙고해야 함을 강조하는 게송이다.		
198	vri:romn:abh01a.att:f5413ea968ab	romn/abh01a.att.xml	992ef16136230374b315d55af9e0fdbce9ea07f854c4997ca0a2eb01fe88189d	atthakatha	prose	medium	representative	representative_stratified	abhidhamma	Abhidhammapiṭake	succeeded	True	False	Saṅgītipariyosāne cassa idaṃ mahākassapattherena dasabalassa sāsanaṃ pañcavassasahassaparimāṇakālaṃ pavattanasamatthaṃ katanti sañjātappamodā sādhukāraṃ viya dadamānā ayaṃ mahāpathavī udakapariyantaṃ katvā anekappakāraṃ kampi saṅkampi sampakampi sampavedhi. Anekāni ca acchariyāni pāturahesuṃ.	그리고 결집의 끝에, '마하깟사빠 장로에 의해 십력의 이 가르침이 오천 년의 기간 동안 지속될 수 있게 만들어졌다'라고 기쁨이 생겨나서, 마치 찬탄을 주는 것처럼, 이 대지는 물을 경계로 삼아 여러 가지 방식으로 흔들리고, 요동치고, 크게 요동치고, 진동했다. 그리고 많은 경이로운 일들이 나타났다.	그리고 결집이 끝났을 때, '마하깟사빠 장로에 의해 부처님(십력)의 이 가르침이 오천 년 동안 지속될 수 있게 되었다'라며 기쁨을 일으켜, 마치 찬탄을 보내는 것처럼 이 대지는 물의 경계에 이르기까지 여러 가지 방식으로 흔들리고, 요동치고, 크게 요동치고, 진동했다. 그리고 많은 경이로운 일들이 일어났다.	gloss: council, rehearsal; ko: 결집; note: 경전과 율장을 모아 합송하고 정리하는 회의를 의미한다.; pali: saṅgīti | gloss: Ten-Powered One; ko: 십력; note: 여래가 지닌 열 가지 지적 능력을 의미하며, 부처님을 가리키는 호칭으로 쓰였다.; pali: dasabala | gloss: dispensation, teaching; ko: 가르침; note: 부처님의 교법이나 불교라는 종교적 전통 전체를 가리킨다.; pali: sāsana | gloss: great earth; ko: 대지; note: 우주론적 관점에서의 거대한 땅을 의미한다.; pali: mahāpathavī | gloss: approval, saying 'sādhu'; ko: 찬탄; note: '훌륭하다(sādhu)'라고 말하며 찬동하고 기뻐하는 행위를 뜻한다.; pali: sādhukāra	katanti는 kataṃ과 iti의 연음으로, 앞의 내용이 대지가 기쁨을 일으킨 이유나 생각의 내용임을 나타낸다. | sañjātappamodā와 dadamānā는 여성 주격으로 주어인 mahāpathavī(대지)를 수식한다. | kampi saṅkampi sampakampi sampavedhi는 지진의 강도를 점층적으로 표현하는 동사들의 나열이다.	pañcavassasahassaparimāṇakālaṃ은 부처님의 가르침(정법)이 5천 년 동안 지속될 것이라는 상좌부의 전통적인 정법 5천년 설을 보여준다. | udakapariyantaṃ은 불교 우주론에서 대지가 물 위에 떠 있다는 관념을 반영하여, 대지의 끝인 물의 경계까지 진동했음을 의미한다.	udakapariyantaṃ katvā를 '물을 경계로 삼아'로 직역할 수 있으나, 문맥상 '물의 경계에 이르기까지(대지 전체가)'로 해석하는 것이 자연스럽다.	
199	vri:romn:vin01a.att:f8cdfc5b8879	romn/vin01a.att.xml	8526f40a6a21a8244154437d93345f79b683abea4c7b01b66983dea57948eb02	atthakatha	prose	medium	representative	representative_stratified	vinaya	Vinayapiṭake	succeeded	True	False	Vinayaṃ paccakkhāmīti na vevacanena paccakkhānaṃ. ‘‘Bhikkhuvinayaṃ paccakkhāmi, bhikkhunīvinayaṃ, paṭhamaṃ pārājikaṃ, dutiyaṃ tatiyaṃ catutthaṃ pārājikaṃ, saṅghādisesaṃ, thullaccayaṃ, pācittiyaṃ, pāṭidesanīyaṃ, dukkaṭaṃ, dubbhāsitaṃ paccakkhāmī’’ti evamādivinayavevacanena sikkhāpaccakkhānaṃ hoti.	'율을 포기한다'라고 하는 것은 동의어에 의한 포기가 아니다. '비구율을 포기한다, 비구니율을, 첫 번째 바라이를, 두 번째, 세 번째, 네 번째 바라이를, 상가디세사를, 뚤랏짜야를, 빠찟띠야를, 빠띠데사니야를, 둑까따를, 둡바시따를 포기한다'라고, 이와 같은 율의 동의어에 의해 학습계목의 포기가 된다.	'율을 포기한다'라고 말하는 것은 동의어에 의한 포기가 아닙니다. '비구율을 포기한다, 비구니율을, 첫 번째 바라이를, 두 번째, 세 번째, 네 번째 바라이를, 상가디세사를, 뚤랏짜야를, 빠찟띠야를, 빠띠데사니야를, 둑까따를, 둡바시따를 포기한다'라고 말하는 것과 같이, 이러한 율의 동의어들을 통해서 학습계목의 포기가 이루어집니다.	gloss: giving up, rejection; ko: 포기; note: 학습계목을 포기하고 환속하는 행위를 의미한다.; pali: paccakkhāna | gloss: synonym; ko: 동의어; note: 여기서는 '율'이라는 단어를 대신하여 쓰이는 구체적인 율의 범주들을 가리킨다.; pali: vevacana | gloss: giving up the training; ko: 학습계목의 포기; note: 비구가 수지한 계율을 포기하는 것을 뜻한다.; pali: sikkhāpaccakkhāna	evamādivinayavevacanena는 evaṃ-ādi-vinaya-vevacanena의 복합어로 '이와 같은 율의 동의어에 의해'라는 도구격으로 쓰였다.	바라이(pārājika)부터 둡바시따(dubbhāsita)까지의 나열은 율장에서 규정하는 일곱 가지 범죄의 무리(7취과, sattāpattikkhandhā)를 나타낸다. | 학습계목을 포기할 때 '율'이라는 단어 대신 율의 구체적인 조목이나 범주를 언급하더라도 유효한 포기로 인정됨을 설명하는 주석이다.		
200	vri:romn:s0202a.att:3978472616dd	romn/s0202a.att.xml	8e4018ca1eb778a1df0dd3d6652c48a10cbbdb380b2eadeab577aa5d700577e8	atthakatha	prose	medium	representative	representative_stratified	sutta	Majjhimanikāye	succeeded	True	False	Idāni nigaṇṭhopi tathāgatena gatamaggaṃ paṭipajjanto kiñci atthanipphattiṃ apassantopi ‘‘kiṃ panāvuso, gotamā’’tiādimāha.	이제 니간타도 여래에 의해 간 길을 실천하면서 어떤 목적의 성취도 보지 못하면서도 '그런데 도반이여, 고따마...' 등으로 시작하는 것을 말했다.	이제 니간타도 여래께서 가신 길을 따라가면서 어떤 목적의 성취도 보지 못하면서도 '그런데 도반이여, 고따마...' 등으로 시작하는 말을 했다.	gloss: Jain; ko: 니간타; note: 자이나교도를 가리키는 용어이다.; pali: nigaṇṭha | gloss: accomplishment of purpose; ko: 목적의 성취; note: attha(목적, 이익)와 nipphatti(성취)의 복합어이다.; pali: atthanipphatti	gotamāti는 gotama와 인용 불변화사 iti가 결합하면서 모음이 장음화된 형태이다. | apassantopi는 '보지 못하는'이라는 의미의 현재분사 apassanto에 강조 불변화사 pi(~도)가 결합한 형태이다.			
201	vri:romn:s0201a.att:7b741988cd1e	romn/s0201a.att.xml	89f948462c7c0ef6b64d342c4b3e43cd4134c5ee463649292d619fa0d3fae79e	atthakatha	prose	medium	representative	representative_stratified	sutta	Majjhimanikāye	succeeded	True	False	511. Etha tumhe, bhikkhave, asubhānupassino kāye viharathāti bhagavā sakalajambudīpaṃ āhiṇḍanto antamaso dvinnampi tiṇṇampi bhikkhūnaṃ vasanaṭṭhānaṃ gantvā –	511. '비구들이여, 너희들은 오라. 몸에서 부정을 관찰하는 자들이 되어 머물라'라고 세존께서는 온 잠부디빠를 유행하시면서, 심지어 두세 명의 비구들이 머무는 장소로 가셔서 –	511. 세존께서는 온 잠부디빠를 유행하시면서, 심지어 두세 명의 비구들이 머무는 장소에까지 가셔서 '비구들이여, 오라. 몸의 부정함을 관찰하며 머물라'라고 [말씀하셨다] –	gloss: contemplating impurities; ko: 부정을 관찰하는 자들; note: asubha(부정)와 anupassin(관찰하는 자)의 복합어 주격 복수형이다.; pali: asubhānupassino | gloss: wandering; ko: 유행하시면서; note: āhiṇḍati(돌아다니다, 유행하다)의 현재분사형이다.; pali: āhiṇḍanto | gloss: dwelling place; ko: 머무는 장소; note: vasana(머무는)와 ṭhāna(장소)의 복합어이다.; pali: vasanaṭṭhānaṃ	Etha tumhe... viharathāti는 세존의 말씀을 직접 인용한 구문으로 불변화사 iti로 묶여 있다. | dvinnampi tiṇṇampi bhikkhūnaṃ은 vasanaṭṭhānaṃ을 수식하는 속격 구문으로, '두세 명의 비구들의'라는 의미를 나타낸다. | 문장이 절대분사 gantvā로 끝나고 대시(–)로 이어지므로, 주동사는 다음 단락에 등장한다.	몸의 부정함(asubha)을 관찰하는 것은 탐욕을 극복하기 위한 전통적인 부정관(asubha-bhāvanā) 수행을 가리킨다.	문장이 미완성으로 끝나므로 자연역에서는 문맥상 생략된 발화 동사를 암묵적으로 보충하여 번역하였다.	
202	vri:romn:s0504a.att:7c0421348f44	romn/s0504a.att.xml	cdea60ea59406d6dd0d1a18f714480723d2449a10460704cd4ade28436f7d481	atthakatha	prose	medium	representative	representative_stratified	sutta	Khuddakanikāye	succeeded	True	False	Saṃvarati pidahati etenāti saṃvaro, pātimokkhameva saṃvaroti pātimokkhasaṃvaro. Atthato pana tato tato vītikkamitabbato viratiyo cetanā vā, tena pātimokkhasaṃvarena upeto samannāgato pātimokkhasaṃvarasaṃvutoti vutto. Vuttañhetaṃ vibhaṅge –	이것에 의해 단속하고 닫는다고 해서 단속이다. 빠띠목카 자체가 단속이라고 해서 빠띠목카 단속이다. 한편 의미상으로는 각각의 범해야 할 것들로부터의 절제들이나 의도이다. 그 빠띠목카 단속을 갖추고 구비했기 때문에 '빠띠목카 단속으로 단속하는 자'라고 불린다. 참으로 이것이 비방가에서 설해졌다 –	이것에 의해 단속하고 닫는다고 해서 단속이라 한다. 빠띠목카(계본) 자체가 단속이라고 해서 빠띠목카 단속이라 한다. 한편 의미상으로는 각각의 범계 대상으로부터의 절제들이나 의도이다. 그 빠띠목카 단속을 갖추고 구비했기 때문에 '빠띠목카 단속으로 단속하는 자'라고 불린다. 참으로 이것이 비방가(분별론)에서 설해졌다.	gloss: restraint; ko: 단속; note: 계율이나 감각기능을 제어하는 것을 의미한다.; pali: saṃvara | gloss: monastic code; ko: 빠띠목카; note: 비구/비구니가 지켜야 할 계본을 의미한다.; pali: pātimokkha | gloss: abstinence; ko: 절제; note: 악행을 삼가는 것을 의미한다.; pali: virati | gloss: volition; ko: 의도; note: 행위를 일으키는 마음의 작용이다.; pali: cetanā | gloss: Book of Analysis; ko: 비방가; note: 아비담마 칠론 중 두 번째인 분별론을 가리킨다.; pali: vibhaṅga	Saṃvarati pidahati etenāti saṃvaro는 도구격(etena)을 사용하여 saṃvara(단속)의 어원을 설명하는 구문이다. | vītikkamitabbato는 vītikkamitabba(범해야 할 것)의 탈격으로, 절제(virati)의 대상을 나타낸다.	주석서에서는 단속(saṃvara)의 실질적인 의미를 악행의 대상으로부터의 절제(virati)나 의도(cetanā)로 정의하고 있다.		
203	vri:romn:vin01a.att:d7789349e5a9	romn/vin01a.att.xml	c3aaa73d770c7f9cbf8876615740d8b13099b883a468dc91593a626739eef08f	atthakatha	prose	medium	representative	representative_stratified	vinaya	Vinayapiṭake	succeeded	True	False	Kapparato paṭṭhāya pana heṭṭhā yāva hatthanakhasikhā, ayaṃ olambakaparicchedo. Etthantare ṭhitabhāro olambako nāma.	한편 팔꿈치로부터 시작하여 아래로 손톱 끝까지, 이것이 늘어뜨린 짐의 범위이다. 이 사이에 놓인 짐을 늘어뜨린 짐이라고 한다.	한편 팔꿈치부터 아래로 손톱 끝까지, 이것이 늘어뜨린 짐의 범위이다. 이 사이에 놓인 짐을 늘어뜨린 짐이라고 부른다.	gloss: hanging burden; ko: 늘어뜨린 짐; note: 손이나 팔에 걸쳐 아래로 늘어뜨린 상태의 짐을 의미한다.; pali: olambaka | gloss: elbow; ko: 팔꿈치; note: 신체 부위 중 팔꿈치를 가리킨다.; pali: kappara | gloss: tip of the fingernails; ko: 손톱 끝; note: hattha(손) + nakha(손톱) + sikhā(끝)의 복합어이다.; pali: hatthanakhasikhā | gloss: limit, boundary; ko: 범위; note: 어떤 것의 한계나 구분을 의미한다.; pali: pariccheda | gloss: burden; ko: 짐; note: 운반하는 물건이나 짐을 가리킨다.; pali: bhāra	'Kapparato paṭṭhāya'는 탈격 접미사 '-to'와 불변화사 'paṭṭhāya'가 결합하여 '~로부터 시작하여'라는 기점을 나타낸다. | 'yāva hatthanakhasikhā'에서 'yāva'는 종점을 나타내며, 뒤따르는 명사와 함께 '~까지'를 의미한다.	율장 바라이죄(도둑질)를 규정할 때, 물건을 훔치는 행위의 성립 요건을 판단하기 위해 짐을 지는 위치(머리, 어깨, 허리, 손 등)에 따라 짐의 종류를 세분화하여 설명하는 대목이다.		
204	vri:romn:s0504a.att:e84c0600e384	romn/s0504a.att.xml	d577f5dc574389e683fb14e124aaa51c2b06a28e0b7f712071ae765c42e788b9	atthakatha	prose	medium	representative	representative_stratified	sutta	Khuddakanikāye	succeeded	True	False	Musāti visaṃvādanapurekkhārassa atthabhañjako kāyavacīpayogo, visaṃvādanādhippāyena panassa paravisaṃvādakakāyavacīpayogasamuṭṭhāpikā cetanā musāvādo. Aparo nayo musāti abhūtaṃ vatthu, vādoti tassa bhūtato tacchato viññāpanaṃ. Tasmā atathaṃ vatthuṃ tathato paraṃ viññāpetukāmassa tathāviññāpanapayogasamuṭṭhāpikā cetanā musāvādo.	'거짓'이란 속이려는 의도를 앞세운 자의 이익을 파괴하는 몸과 말의 행위이고, 속이려는 의도로 다른 이를 속이는 몸과 말의 행위를 일으키는 그의 의도가 '거짓말'이다. 다른 설명으로는 '거짓'이란 사실이 아닌 것이고, '말'이란 그것을 사실로서 진실로서 알게 함이다. 그러므로 사실이 아닌 것을 사실로서 다른 이에게 알게 하기를 원하는 자의 그렇게 알게 하는 행위를 일으키는 의도가 '거짓말'이다.	'거짓'이란 속이려는 의도를 앞세운 자가 이익을 파괴하는 몸과 말의 행위이며, 속이려는 의도로 다른 이를 속이는 몸과 말의 행위를 일으키는 의도가 '거짓말'이다. 다른 설명으로는 '거짓'이란 사실이 아닌 것이고, '말'이란 그것을 사실로서, 진실로서 알게 하는 것이다. 그러므로 사실이 아닌 것을 사실로서 다른 이에게 알게 하기를 원하는 자의, 그렇게 알게 하는 행위를 일으키는 의도가 '거짓말'이다.	gloss: false speech; ko: 거짓말; note: musā(거짓)와 vāda(말)의 복합어로, 주석서에서는 이를 의도(cetanā)의 측면에서 정의한다.; pali: musāvāda | gloss: volition; ko: 의도; note: 행위를 일으키는 정신적 요소로, 업을 형성하는 핵심이다.; pali: cetanā | gloss: deceiving; ko: 속임; note: 다른 이를 기만하거나 속이는 행위를 의미한다.; pali: visaṃvādana | gloss: application, action; ko: 행위; note: 몸과 말로 드러나는 구체적인 적용이나 행위를 가리킨다.; pali: payoga | gloss: making known, intimating; ko: 알게 함; note: 다른 사람에게 어떤 사실이나 의도를 인식시키는 행위이다.; pali: viññāpana	visaṃvādanapurekkhārassa는 '속임(visaṃvādana)'과 '앞세움(purekkhāra)'의 복합어에 속격 어미가 결합하여 '속이려는 의도를 앞세운 자의'라는 의미를 나타낸다. | paravisaṃvādakakāyavacīpayogasamuṭṭhāpikā는 '다른 이를 속이는 몸과 말의 행위를 일으키는'이라는 긴 복합어로, 뒤따르는 여성형 명사 cetanā(의도)를 수식한다.	주석서에서는 거짓말(musāvāda)의 본질을 단순한 말이 아니라, 다른 이를 속이려는 목적을 가지고 몸과 말의 행위를 일으키는 '의도(cetanā)'로 정의한다. | 거짓말이 성립하기 위한 요소로 사실이 아닌 대상(abhūtaṃ vatthu)과 그것을 사실인 것처럼 알게 하려는 의도적 행위가 명확히 제시되어 있다.		
205	vri:romn:s0508a1.att:f22d04078fa5	romn/s0508a1.att.xml	fcc89ef0d88ce9e01136fec8a9caf6b2cdbaccf3eac681e26dd5bc18d058fcae	atthakatha	prose	medium	representative	representative_stratified	sutta	Khuddakanikāye	succeeded	True	False	Yathā pana sīhanādaṃ naditukāmo, taṃ dassento ‘‘yāyā’’ti gāthamāha. Tattha yāyāti yadatthaṃ, yāya yadatthānuppattiyāti attho. Noti amhākaṃ. Anukampāyāti anuggaṇhanena amhe dvepi pabbājayi pabbājesi. Munīti bhagavā. So no attho anuppattoti so attho sabbesaṃ saṃyojanānaṃ khayabhūtaṃ arahattaphalaṃ no amhehi anuppatto, adhigatoti attho.	"그러나 사자후를 토하고자 하여, 그것을 보여주면서 ""yāyā""라는 게송을 말했다. 거기서 'yāyā'라는 것은 '어떤 목적을 위해'이고, 'yāya'는 '어떤 목적의 도달을 위해'라는 뜻이다. 'no'라는 것은 '우리들의'이다. 'anukampāya'라는 것은 '연민함으로'이고, 우리 둘 다를 'pabbājayi'는 '출가시켰다(pabbājesi)'이다. 'muni'라는 것은 '세존'이다. 'so no attho anuppatto'라는 것은 '그 목적, 즉 모든 족쇄가 부서진 상태인 아라한과에 no는 우리들에 의해 anuppatto는 도달했다(adhigato)'라는 뜻이다."	"그러나 사자후를 토하고자 하여, 그것을 보여주면서 ""yāyā(어떤 목적을 위해)""라는 게송을 설했다. 거기서 'yāyā'라는 것은 '어떤 목적을 위해'이고, 'yāya'는 '어떤 목적의 도달을 위해'라는 뜻이다. 'no'라는 것은 '우리들의'라는 뜻이다. 'anukampāya(연민으로)'라는 것은 '연민함으로'라는 뜻이고, 우리 둘 다를 'pabbājayi(출가시켰다)'는 '출가시켰다(pabbājesi)'라는 뜻이다. 'muni(성자)'라는 것은 '세존'을 가리킨다. 'so no attho anuppatto(그 목적에 우리는 도달했다)'라는 것은 '그 목적, 즉 모든 족쇄가 부서진 상태인 아라한과에 우리들에 의해 도달했다'라는 뜻이다."	gloss: lion's roar; ko: 사자후; note: 부처님이나 아라한이 깨달음을 선언하는 것을 비유적으로 이르는 말.; pali: sīhanāda | gloss: fetter; ko: 족쇄; note: 중생을 윤회에 묶어두는 번뇌를 의미한다.; pali: saṃyojana | gloss: fruit of arahantship; ko: 아라한과; note: 모든 족쇄가 부서진 궁극의 깨달음 상태.; pali: arahattaphala	주석서 특유의 단어 풀이 구문(iti attho)이 반복적으로 사용되어, 원문 게송의 단어들을 동의어나 더 명확한 표현으로 설명하고 있다. | 'no'는 대명사 'amha'의 복수형태로 쓰이며, 주석서에서는 문맥에 따라 속격인 '우리들의(amhākaṃ)' 또는 도구격인 '우리들에 의해(amhehi)'로 각각 풀이하고 있다.	'모든 족쇄가 부서진 상태인 아라한과(sabbesaṃ saṃyojanānaṃ khayabhūtaṃ arahattaphalaṃ)'는 출가 수행의 궁극적 목적이 무엇인지 명확히 보여준다.	'yāyā'는 원문 게송의 단어 'yāya'의 반복이거나 연음일 수 있으며, 주석서에서는 이를 'yadatthaṃ'과 'yadatthānuppattiyā'로 나누어 설명하고 있다.	
206	vri:romn:s0505a.att:8707b45495cb	romn/s0505a.att.xml	18b474dfe89d8f93fb90443f1da60445e26afe6ef9c0946d2f24c6a6fc4a16a5	atthakatha	prose	medium	representative	representative_stratified	sutta	Khuddakanikāye	succeeded	True	False	670. Tassāyaṃ anuttānapadattho – mukhadugga mukhavisama, vibhūta vigatabhūta, alikavādi, anariya asappurisa, bhūnahu bhūtihanaka, vuḍḍhināsaka, purisanta antimapurisa, kali alakkhipurisa, avajāta buddhassa avajātaputta.	그것의 이 분명하지 않은 단어의 의미는 이러하다. '입이 험한 자여(mukhadugga)'는 말이 거친 자여, '진실이 없는 자여(vibhūta)'는 진실이 떠난 자여, '거짓을 말하는 자여(alikavādi)', '성스럽지 못한 자여(anariya)'는 참사람이 아닌 자여, '번영을 파괴하는 자여(bhūnahu)'는 번영을 죽이는 자여, 성장을 파괴하는 자여, '최하의 사람이여(purisanta)'는 마지막 사람이여, '재앙이여(kali)'는 불운한 사람이여, '열등하게 태어난 자여(avajāta)'는 부처님의 열등하게 태어난 아들이여.	그 게송에서 뜻이 분명하지 않은 단어들의 의미는 다음과 같다. '입이 험한 자여(mukhadugga)'는 말이 거친 자라는 뜻이고, '진실이 없는 자여(vibhūta)'는 진실이 떠난 자라는 뜻이다. '거짓을 말하는 자여(alikavādi)'가 있으며, '성스럽지 못한 자여(anariya)'는 참사람이 아닌 자라는 뜻이다. '번영을 파괴하는 자여(bhūnahu)'는 번영을 죽이는 자, 성장을 파괴하는 자라는 뜻이고, '최하의 사람이여(purisanta)'는 가장 밑바닥 사람이란 뜻이며, '재앙이여(kali)'는 불운한 사람이란 뜻이고, '열등하게 태어난 자여(avajāta)'는 부처님의 열등하게 태어난 아들이라는 뜻이다.	gloss: meaning of obscure words; ko: 분명하지 않은 단어의 의미; note: anuttāna(분명하지 않은) + pada(단어) + attha(의미)의 복합어이다.; pali: anuttānapadattha | gloss: foul-mouthed; ko: 입이 험한 자; note: mukha(입)와 dugga(험한 곳)의 복합어로, 말이 거친 사람을 가리킨다.; pali: mukhadugga | gloss: destroyer of prosperity; ko: 번영을 파괴하는 자; note: bhūti(번영)를 파괴하는 자라는 의미로 주석되었다.; pali: bhūnahu | gloss: lowest of men; ko: 최하의 사람; note: purisa(사람)와 anta(끝)의 복합어로, 가장 밑바닥 사람을 뜻한다.; pali: purisanta | gloss: low-born; ko: 열등하게 태어난 자; note: 부처님의 제자이면서도 가르침에 어긋나는 자를 비유적으로 표현했다.; pali: avajāta	Tassāyaṃ anuttānapadattho는 Tassa ayaṃ anuttāna-pada-attho의 연음으로, '그것의(게송의) 이 분명하지 않은 단어의 의미'를 뜻한다. | 나열된 단어들은 숫따니빠따 664게송에 등장하는 호격 명사들이며, 주석서는 각 단어의 동의어나 풀이를 제시하고 있다.	이 구절은 꼬깔리까 비구가 사리뿟따와 마하모갈라나를 비방한 것에 대해 부처님이 그를 꾸짖으며 하신 게송의 단어들을 주석한 것이다. | '부처님의 열등하게 태어난 아들(buddhassa avajātaputta)'이라는 표현은 부처님의 제자로서 출가했으나 그 가르침에 어긋나는 악행을 저지른 자를 가리킨다.	alikavādi는 주석 없이 원어만 나열되어 있는데, 의미가 명확하여 별도의 주석을 생략한 것으로 보인다.	
207	vri:romn:s0508a1.att:c157184ed936	romn/s0508a1.att.xml	10d60bff20c9ce0a120b6f6ff5e4b56d0dc48956b03b4539ef288f32dedec151	atthakatha	prose	medium	representative	representative_stratified	sutta	Khuddakanikāye	succeeded	True	False	Evaṃ pana arahattaṃ patvā vimuttisukhaṃ anubhavanto sāsanassa niyyānikabhāvavibhāvanena sabrahmacārīnaṃ ussāhajananatthaṃ ‘‘paññābalī’’ti gāthaṃ abhāsi.	이와 같이 아라한과에 도달하여 해탈의 즐거움을 누리면서, 교법의 출리적인 성질을 드러냄으로써 동료 청정범행자들에게 열의를 일으키기 위하여 '통찰지의 힘을 가진 자'라는 게송을 읊었다.	이와 같이 아라한과를 성취하여 해탈의 즐거움을 누리면서, 가르침의 출리적인 성질을 드러내어 도반들에게 열의를 일으켜 주기 위해 '통찰지의 힘을 가진 자'라는 게송을 읊었다.	gloss: arahantship; ko: 아라한과; note: 수행의 최종 단계인 아라한의 경지를 의미한다.; pali: arahatta | gloss: bliss of liberation; ko: 해탈의 즐거움; note: 번뇌에서 벗어난 해탈의 상태에서 경험하는 지복을 뜻한다.; pali: vimuttisukha | gloss: leading out, emancipating; ko: 출리적인; note: 윤회의 고통에서 벗어나게 이끌어 주는 성질을 의미한다.; pali: niyyānika | gloss: fellow practitioner; ko: 동료 청정범행자; note: 함께 범행(청정한 삶)을 닦는 도반을 가리킨다.; pali: sabrahmacārin | gloss: effort, zeal; ko: 열의; note: 수행에 대한 분발이나 의욕을 의미한다.; pali: ussāha	niyyānikabhāvavibhāvanena는 niyyānika(출리적인) + bhāva(성질) + vibhāvana(드러냄)의 복합어로, 기구격(-ena)이 쓰여 '~을 드러냄으로써'라는 수단이나 방법을 나타낸다. | ussāhajananatthaṃ은 ussāha(열의) + janana(일으킴) + atthaṃ(위하여)의 복합어로, 행위의 목적을 나타낸다.	niyyānika(출리적)는 부처님의 가르침(sāsana)이 중생을 윤회의 고통으로부터 이끌어내어 궁극적인 해탈로 향하게 하는 본질적 특성을 가졌음을 나타낸다.		
208	vri:romn:s0502a.att:ac9c69ad78c9	romn/s0502a.att.xml	09d1337547c32d4595ce6e0c89575bb8310cec63abab81c80642522564e8f6bc	atthakatha	prose	medium	representative	representative_stratified	sutta	Khuddakanikāye	succeeded	True	False	Satthā imaṃ dhammadesanaṃ āharitvā, ‘‘tadā hatthimārako devadatto ahosi, tassa niggāhako hatthināgo ahamevā’’ti jātakaṃ samodhānetvā, ‘‘na, bhikkhave, idāneva, pubbepi devadatto attano ananucchavikaṃ vatthaṃ dhāresiyevā’’ti vatvā imā gāthā abhāsi –	"스승은 이 법의 가르침을 가져오시고, ""그때 코끼리 사냥꾼은 데와닷따였고, 그를 제압한 코끼리 왕은 바로 나였다.""라고 자따까를 결합하시고, ""비구들이여, 지금만 그런 것이 아니라, 과거에도 데와닷따는 자신에게 어울리지 않는 옷을 입었을 뿐이다.""라고 말씀하시고 이 게송들을 설하셨다."	"스승께서는 이 법문을 설하시고, ""그때 코끼리 사냥꾼은 데와닷따였고, 그를 제압한 코끼리 왕은 바로 나였다.""라고 자따까(본생경)를 결합하신 뒤, ""비구들이여, 지금만 그런 것이 아니라 과거에도 데와닷따는 자신에게 어울리지 않는 옷을 입었을 뿐이다.""라고 말씀하시며 이 게송들을 설하셨다."	gloss: Dhamma teaching; ko: 법의 가르침; note: 부처님의 설법을 의미한다.; pali: dhammadesanā | gloss: Jātaka; ko: 자따까; note: 부처님의 전생 이야기를 담은 문헌 또는 이야기.; pali: jātaka | gloss: to connect, to identify; ko: 결합하다; note: 전생 이야기의 등장인물과 현재의 인물을 연결하여 결론짓는 행위를 나타낸다.; pali: samodhāneti | gloss: unsuitable, inappropriate; ko: 어울리지 않는; note: 자격이 없는 자가 입은 옷(가사)을 묘사할 때 쓰였다.; pali: ananucchavika	āharitvā, samodhānetvā, vatvā는 모두 절대분사로, 주어 Satthā(스승)의 연속된 행위를 나타낸다. | ahamevā'ti는 ahaṃ(나) + eva(바로) + iti(라고)의 연음이다. | dhāresiyevā'ti는 dhāresi(입었다) + yeva(단지, ~일 뿐) + iti(라고)의 연음이다.	부처님께서 과거 전생의 이야기(자따까)를 설하신 뒤, 그 이야기 속 등장인물들이 현재의 누구인지 밝히는 전형적인 자따까 결론부(samodhāna) 형식이다. | 데와닷따가 과거생에 코끼리 사냥꾼으로서 출가자의 상징인 가사를 악용하여 코끼리를 속인 일화를 가리킨다.		
209	vri:romn:vin02a3.att:9ec60410b87e	romn/vin02a3.att.xml	8e7a36280d1212b6c43083e3a30d3da82b5ec49b7ee461bc414c52c7bde7bb3c	atthakatha	prose	medium	representative	representative_stratified	vinaya	Vinayapiṭake	succeeded	True	False	374. Vaccakuṭivatte – na dantakaṭṭhaṃ khādantenāti ayaṃ vaccakuṭiyāpi avaccakuṭiyāpi sabbattheva paṭikkhepo. Na pharusena kaṭṭhenāti phālitakaṭṭhena vā kharena vā gaṇṭhikena vā kaṇṭakena vā susirena vā pūtinā vā na avalekhitabbaṃ. Avalekhanakaṭṭhaṃ pana aggahetvā paviṭṭhassa āpatti natthi.	"374. 뒷간에 대한 의무에서 - ""치목을 씹는 자에 의해서는 안 된다""라는 이것은 뒷간에서도 뒷간이 아닌 곳에서도 모든 곳에서의 금지이다. ""거친 막대기로는 안 된다""라는 것은 쪼개진 막대기나, 거친 것이나, 옹이가 있는 것이나, 가시가 있는 것이나, 속이 빈 것이나, 썩은 것으로 닦아서는 안 된다는 것이다. 그러나 닦는 막대기를 취하지 않고 들어간 자에게 범계는 없다."	"374. 뒷간에 대한 의무에서 - ""치목을 씹으면서 (대소변을 보아서는) 안 된다""라는 것은 뒷간이든 뒷간이 아닌 곳이든 모든 곳에 적용되는 금지 사항이다. ""거친 막대기로는 안 된다""라는 것은 쪼개진 막대기나, 거친 것이나, 옹이가 있는 것이나, 가시가 있는 것이나, 속이 빈 것이나, 썩은 것으로 닦아서는 안 된다는 뜻이다. 그러나 밑씻개를 챙기지 않고 들어간 자에게 범계는 없다."	gloss: duties regarding the latrine; ko: 뒷간에 대한 의무; note: 화장실 사용과 관련된 예절 및 규정을 뜻한다.; pali: vaccakuṭivatta | gloss: tooth-stick; ko: 치목; note: 고대 인도에서 양치질에 사용하던 나뭇가지를 가리킨다.; pali: dantakaṭṭha | gloss: wiping stick; ko: 닦는 막대기; note: 배변 후 밑을 닦는 데 사용하는 막대기(밑씻개)를 의미한다.; pali: avalekhanakaṭṭha | gloss: offense; ko: 범계; note: 계율을 어겨 발생하는 죄를 뜻한다.; pali: āpatti	na dantakaṭṭhaṃ khādantenāti는 na dantakaṭṭhaṃ khādantena iti의 연음으로, 도구격(khādantena)이 사용되어 '치목을 씹는 자에 의해서는 안 된다'는 의미를 나타낸다. | paviṭṭhassa는 과거분사 paviṭṭha의 속격/여격으로, '들어간 자에게'라는 의미로 쓰였다.	이 단락은 율장 쭐라왁가(소품)의 뒷간(화장실) 사용 예절에 대한 주석으로, 위생과 관련된 세부 규정을 설명하고 있다.		
210	vri:romn:s0514a2.att:437336a9deb4	romn/s0514a2.att.xml	9eecb954e291363ff1bf577ffb3be3fec7c27fe82bc88c6570fee0c261651fe3	atthakatha	prose	medium	representative	representative_stratified	sutta	Khuddakanikāye	succeeded	True	False	Atha paribbājikā ‘‘bhātu tāva ko doso hotu, dhanusekhakumāro pana tayi sinehaguṇayutto bahūpakāro’’ti tassa guṇaṃ kathentī āha –	그때 유행녀가 '오빠에게 우선 무슨 잘못이 있든가 간에, 그러나 다누세카 왕자는 당신에게 애정의 덕을 갖추었고 많은 도움이 됩니다.'라고 그의 덕을 말하면서 말했다.	그때 유행녀가 '오빠의 잘못은 차치하고서라도, 다누세카 왕자는 당신에게 애정을 품고 있으며 큰 은혜를 베풀었습니다.'라고 그의 장점을 말하며 이렇게 말했다.	gloss: female wandering ascetic; ko: 유행녀; note: 여성 유행승을 가리킨다.; pali: paribbājikā | gloss: Prince Dhanusekha; ko: 다누세카 왕자; note: 고유명사로 처리하였다.; pali: dhanusekhakumāra | gloss: of great service, very helpful; ko: 많은 도움이 되는; note: bahu(많은)와 upakāra(도움, 은혜)의 복합어이다.; pali: bahūpakāra	bhātu tāva ko doso hotu는 '오빠에게 우선 무슨 잘못이 있든가 간에'라는 의미로, 오빠의 허물은 일단 논외로 하자는 양보적 표현이다. | kathentī는 현재분사 여성형 주격 단수로, 주어인 paribbājikā를 수식하며 동시 동작을 나타낸다.			
211	vri:romn:s0514a1.att:1948090bd6f5	romn/s0514a1.att.xml	da265183a284264714f6197289efe2401961be2a8876be19f71096a895ea1e9d	atthakatha	verse	medium	representative	representative_stratified	sutta	Khuddakanikāya	succeeded	True	False	233. ‘‘Ato matā devavarena pesitā, kaññā catasso kanakattacūpamā; Āsā ca saddhā ca sirī tato hirī, taṃ assamaṃ āgamu yattha kosiyo.	그래서 뛰어난 천신에 의해 결정되어 보내진, 황금빛 피부를 가진 네 명의 소녀들, 아사(희망)와 삿다(믿음)와 시리(영광)와 그리고 히리(양심)가 꼬시야가 있는 그 암자로 왔다.	그래서 뛰어난 천신(제석천)의 뜻에 따라 보내진 황금빛 피부를 가진 네 명의 천녀들, 즉 아사(희망)와 삿다(믿음)와 시리(영광)와 히리(양심)가 꼬시야가 머무는 암자로 왔다.	gloss: excellent deva; ko: 뛰어난 천신; note: 문맥상 제석천(Sakka)을 가리킨다.; pali: devavara | gloss: golden-skinned; ko: 황금빛 피부를 가진; note: kanaka(황금) + taca(피부) + upamā(비유, 같은)의 복합어이다.; pali: kanakattacūpamā | gloss: hermitage; ko: 암자; note: 수행자가 머무는 처소를 의미한다.; pali: assama	matā는 주석서에 따르면 'devavarena matā jātā pesitā'로 설명되며, '천신에 의해 생각되어(결정되어)'라는 의미의 과거분사 여성 복수 주격이다. | āgamu는 āgacchati(오다)의 아오리스트(과거) 3인칭 복수형이다.	네 명의 천녀(Āsā, Saddhā, Sirī, Hirī)는 각각 희망, 믿음, 영광, 양심을 의인화한 제석천의 딸들로 자따까에 등장한다.	matā의 정확한 뉘앙스가 문맥상 '결정되어'인지 '알려진'인지 다소 모호하나, 주석서의 설명을 참고하여 '뜻에 따라(결정되어)'로 번역하였다.	
212	vri:romn:s0513a1.att:d7981654bcd9	romn/s0513a1.att.xml	e4958fdd38a34ca348e83de568d1c952683e0ed3eae5714fdec4f75c748f6624	atthakatha	prose	medium	representative	representative_stratified	sutta	Khuddakanikāye	succeeded	True	False	Tattha evaṃ so nihato setīti yo hi isīnaṃ ovādaṃ na gaṇhāti, so yathā esa tāpaso āsivisamukhe pūtibhāvaṃ patvā nihato seti, evaṃ mahāvināsaṃ patvā nihato setīti attho. Evaṃ bodhisatto isigaṇaṃ ovaditvā cattāro brahmavihāre bhāvetvā āyupariyosāne brahmaloke uppajji.	거기서 '이와 같이 그는 파멸하여 누워 있다'라는 것은, 참으로 선인들의 조언을 받아들이지 않는 자는, 마치 이 고행자가 독사의 입에서 썩어짐에 이르러 파멸하여 누워 있는 것처럼, 이와 같이 큰 파멸에 이르러 파멸하여 누워 있다는 뜻이다. 이와 같이 보살은 선인들의 무리를 훈계하고 네 가지 거룩한 머묾을 닦아서 수명이 다했을 때 범천의 세계에 태어났다.	여기서 '이와 같이 그는 파멸하여 누워 있다'라는 것은, 참으로 선인들의 조언을 받아들이지 않는 자는 마치 이 고행자가 독사에게 물려 썩어 문드러져 죽어 있는 것처럼, 이와 같이 큰 파멸에 이르러 죽어 있다는 뜻이다. 이와 같이 보살은 선인들의 무리를 훈계하고 네 가지 거룩한 머묾(사무량심)을 닦아 수명이 다했을 때 범천의 세계에 태어났다.	gloss: lies destroyed; ko: 파멸하여 누워 있다; note: ni-han(파괴하다, 죽이다)의 과거분사와 seti(눕다)의 결합으로 비참한 죽음을 묘사한다.; pali: nihato seti | gloss: poisonous snake; ko: 독사; note: 문자적으로는 '독니를 가진 자'를 의미한다.; pali: āsivisa | gloss: divine abiding; ko: 거룩한 머묾; note: 자, 비, 희, 사의 네 가지 마음가짐인 사무량심을 가리킨다.; pali: brahmavihāra | gloss: advice, instruction; ko: 조언; note: 훈계, 가르침, 조언을 의미한다.; pali: ovāda	Tattha evaṃ so nihato setīti... attho는 게송의 구절(evaṃ so nihato seti)을 인용하여 그 의미(attho)를 설명하는 주석서의 전형적인 구문이다. | āsivisamukhe는 처격으로 쓰여 '독사의 입에서'를 의미하며, 문맥상 독사에게 물려 죽은 상황을 나타낸다.	cattāro brahmavihāre(네 가지 거룩한 머묾)는 자(mettā), 비(karuṇā), 희(muditā), 사(upekkhā)의 사무량심을 닦는 수행을 말하며, 이를 성취하면 사후에 범천의 세계(brahmaloka)에 태어난다고 가르친다.		
213	vri:romn:s0504a.att:249d424a8ef6	romn/s0504a.att.xml	c6e53b73d3eeb0e96f43a0ffec725d62b98eaec1805728dc00be1f5be84197ac	atthakatha	prose	medium	representative	representative_stratified	sutta	Khuddakanikāye	succeeded	True	False	Tālapakkaṃva bandhanāti tālaphalaṃ viya usumuppādena vaṇṭato, tatiyamaggañāṇuppādena tassa cittato doso pahīyati, pariccajīyatīti attho. Mohaṃ vihanti so sabbanti so ariyapuggalo sabbaṃ anavasesaṃ mohaṃ catutthamaggena vihanti vidhamati samucchindati. Ādiccovudayaṃ tamanti ādicco viya udayaṃ uggacchanto tamaṃ andhakāraṃ.	'마치 익은 팔미라 열매가 결박에서'라는 것은, 팔미라 열매가 열기의 발생으로 인해 꼭지로부터 [떨어지듯], 세 번째 도의 지혜의 발생으로 인해 그의 마음으로부터 성냄이 버려지고 포기된다는 뜻이다. '그는 모든 어리석음을 쳐부순다'라는 것은, 그 성자가 남김없이 모든 어리석음을 네 번째 도로써 쳐부수고 흩어버리고 완전히 끊어버린다는 것이다. '마치 해가 떠오르며 어둠을'이라는 것은, 해가 떠오르며 솟아오르면서 어둠, 캄캄함을 [물리친다는 뜻이다].	'마치 익은 팔미라 열매가 결박에서 떨어지듯'이라는 것은, 팔미라 열매가 열기로 인해 꼭지에서 떨어지듯, 세 번째 도(불환도)의 지혜가 일어남으로써 그의 마음에서 성냄이 버려지고 포기된다는 뜻이다. '그는 모든 어리석음을 쳐부순다'라는 것은, 그 성자가 네 번째 도(아라한도)로써 남김없이 모든 어리석음을 쳐부수고 흩어버리며 완전히 끊어버린다는 뜻이다. '마치 해가 떠오르며 어둠을 물리치듯'이라는 것은, 해가 떠오르며 솟아오를 때 어둠과 캄캄함을 물리친다는 뜻이다.	gloss: knowledge of the third path; ko: 세 번째 도의 지혜; note: 불환도(anāgāmimagga)의 지혜를 가리킨다.; pali: tatiyamaggañāṇa | gloss: the fourth path; ko: 네 번째 도; note: 아라한도(arahattamagga)를 가리킨다.; pali: catutthamagga | gloss: hatred; ko: 성냄; note: 세 번째 도에서 완전히 버려지는 번뇌이다.; pali: dosa | gloss: delusion; ko: 어리석음; note: 네 번째 도에서 완전히 끊어지는 번뇌이다.; pali: moha	Ādiccovudayaṃ은 Ādicco va(iva) udayaṃ의 연음으로, '마치 해가 떠오르듯이'라는 의미이다. | Tālapakkaṃva bandhanāti 등은 경전 본문의 구절을 인용하여 주석하는 형태이다. 생략된 서술어는 문맥에 맞게 보충하여 번역하였다.	상좌부 교학에서 성냄(dosa)은 세 번째 도인 불환도에서 완전히 소멸하며, 어리석음(moha)은 네 번째 도인 아라한도에서 남김없이 소멸한다.		
214	vri:romn:s0102a.att:833e109e17d3	romn/s0102a.att.xml	12f28484f4e40c2051e0312faa88c60addbdd1d07ae97755901b2d57de188a1b	atthakatha	prose	medium	representative	representative_stratified	sutta	Dīghanikāye	succeeded	True	False	Citantaraṃsoti antaraṃsaṃ vuccati dvinnaṃ koṭṭānaṃ antaraṃ, taṃ citaṃ paripuṇṇaṃ antaraṃsaṃ assāti citantaraṃso. Aññesañhi taṃ ṭhānaṃ ninnaṃ hoti, dve piṭṭhikoṭṭā pāṭiyekkā paññāyanti. Mahāpurisassa pana kaṭito paṭṭhāya maṃsapaṭalaṃ yāva khandhā uggamma samussitasuvaṇṇaphalakaṃ viya piṭṭhiṃ chādetvā patiṭṭhitaṃ.	'어깨 사이가 꽉 찼다(citantaraṃso)'라는 것에서, 어깨 사이(antaraṃsa)란 두 견갑골의 사이를 일컫는다. 그 꽉 차고 가득 찬 어깨 사이를 그가 가졌으므로 '어깨 사이가 꽉 찬 자(citantaraṃso)'이다. 참으로 다른 사람들의 그 장소는 오목하며, 두 견갑골이 각각 따로 보인다. 그러나 대장부의 살집은 허리로부터 시작하여 목까지 올라가서, 세워진 황금 널빤지처럼 등을 덮고서 자리잡고 있다.	'어깨 사이가 꽉 찼다(citantaraṃso)'라는 말에서, 어깨 사이란 두 견갑골 사이를 일컫는다. 그 어깨 사이가 꽉 차고 가득 차 있으므로 '어깨 사이가 꽉 찬 자'라고 한다. 다른 사람들은 그 부위가 오목하게 파여 있어서 두 견갑골이 각각 따로 보인다. 그러나 대장부의 살집은 허리에서부터 목까지 올라가서, 마치 세워진 황금 널빤지처럼 등을 덮고 자리 잡고 있다.	gloss: having the space between the shoulders filled; ko: 어깨 사이가 꽉 찬 자; note: 대장부의 32상 중 하나를 가리킨다.; pali: citantaraṃsa | gloss: shoulder blade, bone; ko: 견갑골; note: 일반적으로 뼈나 돌출부를 의미하며, 문맥상 어깨뼈(견갑골)를 가리킨다.; pali: koṭṭa | gloss: layer of flesh; ko: 살집; note: 근육층이나 살집을 의미한다.; pali: maṃsapaṭala | gloss: raised golden plank; ko: 세워진 황금 널빤지; note: 대장부의 등의 평평하고 매끄러운 모습을 비유한 복합어이다.; pali: samussitasuvaṇṇaphalaka	Citantaraṃsoti는 Citantaraṃso와 iti의 연음으로, 32상 중 하나를 인용하여 설명하는 구문이다. | kaṭito paṭṭhāya ... yāva khandhā는 '~to paṭṭhāya(~로부터 시작하여)'와 'yāva(~까지)'가 호응하여 신체 부위의 범위를 나타낸다.	이 단락은 대장부의 32상(Dvattiṃsamahāpurisalakkhaṇa) 중 '어깨 사이가 꽉 찬 상(citantaraṃsa)'에 대한 주석서의 해설이다.	khandhā는 오온을 뜻하는 단어와 형태가 같으나, 여기서는 신체 부위인 목덜미나 어깨를 의미하는 것으로 해석했다.	
215	vri:romn:s0501a.att:c140025e4ff0	romn/s0501a.att.xml	612004973a191976f0ff2e37e7eee67461e32a561c9cb2296e29e4ca78cdfbc0	atthakatha	verse	medium	representative	representative_stratified	sutta	Khuddakanikāye	succeeded	True	False	‘‘Imaṃ khuddakapāṭhassa, karontenatthavaṇṇanaṃ; Saddhammaṭṭhitikāmena, yaṃ pattaṃ kusalaṃ mayā. Tassānubhāvato khippaṃ, dhamme ariyappavedite; Vuddhiṃ virūḷhiṃ vepullaṃ, pāpuṇātu ayaṃ jano’’ti.	정법의 존속을 바라는 나에 의해 이 쿳다까빠타의 주석을 지으면서 얻어진 어떤 공덕이 있든, 그것의 위력으로 속히 성자들에 의해 선언된 법에서 이 사람들이 성장과 자라남과 충만함에 도달하기를.	정법이 존속하기를 바라는 마음으로 이 쿳다까빠타(소송경)의 주석을 지으며 내가 얻은 공덕이 있다면, 그 위력으로 이 사람들이 성자들께서 선언하신 법 안에서 속히 성장하고 자라나며 충만해지기를.	gloss: Khuddakapāṭha; ko: 쿳다까빠타; note: 문헌명. 소송경(小誦經)으로도 불린다.; pali: khuddakapāṭha | gloss: commentary; ko: 주석; note: 의미 해설이라는 뜻으로, 주석서를 가리킨다.; pali: atthavaṇṇanā | gloss: desiring the endurance of the true Dhamma; ko: 정법의 존속을 바라는 자; note: saddhamma(정법) + ṭhiti(머묾, 존속) + kāma(바라는 자)의 복합어이다.; pali: saddhammaṭṭhitikāma | gloss: proclaimed by the noble ones; ko: 성자들에 의해 선언된; note: ariya(성자) + pavedita(선언된)의 복합어이다.; pali: ariyappavedita	karontenatthavaṇṇanaṃ은 karontena와 atthavaṇṇanaṃ의 연음이다. | Saddhammaṭṭhitikāmena, karontena, mayā는 모두 기구격으로 동격이며, 수동 분사 pattaṃ의 행위자(agent)를 나타낸다. | Tassānubhāvato는 Tassa와 ānubhāvato의 연음이며, 여기서 Tassa는 앞서 언급된 kusalaṃ(공덕)을 가리킨다.	주석서의 맺음말(Nigamanakathā)에서 저자가 자신의 저술 공덕을 회향하며, 불법의 존속과 사람들의 영적 성장을 기원하는 전형적인 회향 게송이다. | '성장, 자라남, 충만함(vuddhiṃ virūḷhiṃ vepullaṃ)'은 부처님의 가르침 안에서 수행자가 진보하는 과정을 나타내는 정형구이다.		
216	vri:romn:s0101a.att:0ee284a2c537	romn/s0101a.att.xml	88505182e5a6ccda8f5bd09e7f75dffb45a8a9c4efef46a1ca8e0b7c4a247c48	atthakatha	prose	medium	representative	representative_stratified	sutta	Dīghanikāye	succeeded	True	False	Aparo puññavā hoti, so – ‘‘na dāni mayā sadiso atthī’’ti mānaṃ uppādetvā anesanavasena lābhasakkāraṃ vā uppādento micchādiṭṭhivasena – ‘‘sukho imissā paribbājikāya daharāya mudukāya lomasāya samphasso’’tiādīni cintetvā kāmesu pātabyataṃ vā āpajjanto tīṇi duccaritāni pūretvā niraye nibbattati. Ime dve sandhāya tatiyanayo vutto.	"다른 이는 공덕이 있는 자이다. 그는 ""이제 나와 같은 자는 없다""라고 자만을 일으키고서 부당한 구함의 힘으로 이득과 존경을 일으키거나, 삿된 견해의 힘으로 ""이 젊고 부드럽고 털이 있는 유행녀의 감각접촉은 즐겁다""라는 등을 생각하고서 감각적 욕망들에 빠지거나 하면서, 세 가지 악행들을 가득 채우고서 지옥에 태어난다. 이 두 가지를 가리켜서 세 번째 방법이 설해졌다."	"다른 이는 공덕이 있는 자이다. 그는 ""이제 나와 같은 자는 없다""라고 자만을 일으키고 부당한 구함으로 이득과 존경을 얻거나, 삿된 견해로 ""이 젊고 부드럽고 털이 있는 유행녀와의 감각접촉은 즐겁다""라는 등을 생각하며 감각적 욕망에 빠지거나 하면서, 세 가지 악행을 가득 채우고 지옥에 태어난다. 이 두 가지를 가리켜 세 번째 경우가 설해졌다."	gloss: wrong search; ko: 부당한 구함; note: 출가자에게 합당하지 않은 방식으로 이득을 구하는 것을 의미한다.; pali: anesana | gloss: gain and honour; ko: 이득과 존경; note: 수행자가 경계해야 할 세속적인 이익과 명성을 가리킨다.; pali: lābhasakkāra | gloss: female wanderer; ko: 유행녀; note: 여성 유행승을 가리킨다.; pali: paribbājikā | gloss: bad conduct; ko: 악행; note: 몸, 입, 뜻으로 짓는 나쁜 행위를 의미한다.; pali: duccarita | gloss: falling into; ko: 빠짐; note: 어떤 상태나 조건에 떨어지거나 빠지는 것을 의미한다.; pali: pātabyatā	anesanavasena는 anesana(부당한 구함)와 vasena(~의 힘으로, ~에 의해)의 복합어이다. | pātabyataṃ은 pātabyatā(빠짐, 떨어짐)의 대격으로, āpajjanto(빠지면서)의 목적어 역할을 한다. | Ime dve sandhāya에서 sandhāya는 '~을 가리켜서, ~을 참조하여'라는 의미의 절대분사이다.	tīṇi duccaritāni(세 가지 악행)는 신(몸), 구(입), 의(뜻)로 짓는 세 가지 종류의 악행을 가리킨다.	lomasāya(털이 있는)가 여성의 신체적 특징을 묘사하는 문맥에서 구체적으로 어떤 부위를 가리키는지 혹은 일반적인 신체의 털을 의미하는지 명확하지 않아 직역을 유지하였다.	
217	vri:romn:s0513a3.att:8cd09caf90eb	romn/s0513a3.att.xml	bd0bce21514bc7caf5fbf79c94f5c89dece85ebd46fc02f78d28341a87ad0613	atthakatha	verse	medium	representative	representative_stratified	sutta	Khuddakanikāye	succeeded	True	False	‘‘Pubbeva dānā sumanā bhavāma, dadampi ve attamanā bhavāma; Datvāpi ve nānutappāma pacchā, tasmā hi amhaṃ daharā namiyyare. (jā. 1.10.95);	보시하기 전에도 우리는 기쁜 마음이고, 주면서도 참으로 우리는 만족한 마음입니다. 주고 나서도 참으로 우리는 나중에 후회하지 않으니, 그러므로 참으로 우리의 젊은이들은 죽지 않습니다.	보시하기 전에도 우리는 기쁜 마음이고, 주면서도 참으로 우리는 만족한 마음입니다. 주고 나서도 나중에 참으로 후회하지 않으니, 그러므로 참으로 우리 집안의 젊은이들은 죽지 않습니다.	gloss: giving; ko: 보시; note: 여기서는 탈격(dānā)으로 쓰여 pubbe와 함께 '보시하기 전에'라는 의미를 나타낸다.; pali: dāna | gloss: glad-minded; ko: 기쁜 마음; note: 보시하기 전의 기쁜 상태를 나타낸다.; pali: sumana | gloss: delighted; ko: 만족한 마음; note: 보시하는 중의 만족스러운 상태를 나타낸다.; pali: attamana | gloss: young; ko: 젊은이; note: 어린아이나 젊은 사람을 가리킨다.; pali: dahara | gloss: to die; ko: 죽다; note: 여기서는 3인칭 복수 중간태인 miyyare로 쓰였다.; pali: miyyati	dānā는 탈격으로 pubbe와 함께 쓰여 '보시하기 전에'라는 의미를 나타낸다. | namiyyare는 부정어 na와 동사 mīyati(죽다)의 3인칭 복수 현재 중간태인 miyyare가 결합된 형태이다.	보시의 세 가지 단계(보시하기 전, 보시하는 중, 보시한 후)에서 모두 기쁘고 후회 없는 마음을 유지하는 것이 훌륭한 보시의 조건임을 보여준다. | 이러한 청정한 선업의 과보로 집안의 젊은이들이 일찍 죽지 않는다는 인과를 설명하고 있다.		
218	vri:romn:s0517a.att:6c7368e49e3b	romn/s0517a.att.xml	9a8ed3b387ea9ea489d2382bcb1004c075837f90294e6a34a8cb8bddba2f2b62	atthakatha	prose	medium	representative	representative_stratified	sutta	Khuddakanikāye	succeeded	True	False	‘‘Puna caparaṃ bhikkhū bhikkhuṃ āpattiyā codenti. So bhikkhu bhikkhūhi āpattiyā codiyamāno codakaṃyeva paṭippharati ‘kiṃ nu kho tuyhaṃ bālassa abyattassa bhaṇitena, tvampi nāma maṃ bhaṇitabbaṃ maññasī’ti? Ayaṃ dutiyo purisadoso.	그리고 다시 비구들이 비구를 범계로 고발한다. 그 비구는 비구들에 의해 범계로 고발당할 때 고발자를 향해 되받아친다. '어리석고 무능한 네가 말하는 것이 도대체 무슨 소용인가? 너 같은 자가 나를 훈계해야 한다고 생각하느냐?'라고. 이것이 두 번째 사람의 결점이다.	그리고 다시 비구들이 어떤 비구를 범계로 고발한다. 그 비구는 비구들에게 범계로 고발당할 때 고발자에게 되받아친다. '어리석고 무능한 네가 말하는 것이 도대체 무슨 소용인가? 너 같은 자가 나를 훈계해야 한다고 생각하느냐?'라고. 이것이 두 번째 사람의 결점이다.	gloss: offence; ko: 범계; note: 계율을 어긴 것을 의미한다.; pali: āpatti | gloss: reprover; ko: 고발자; note: 범계를 지적하고 고발하는 사람을 가리킨다.; pali: codaka | gloss: to retort; ko: 되받아치다; note: 비난에 대해 화를 내며 반박하는 행위를 나타낸다.; pali: paṭippharati | gloss: fault of a person; ko: 사람의 결점; note: 수행자로서 가져서는 안 될 인간적인 결함을 의미한다.; pali: purisadosa	kiṃ nu kho ... bhaṇitena는 도구격(bhaṇitena)과 의문사(kiṃ)가 결합하여 '말하는 것이 무슨 소용인가?'라는 의미를 나타내는 관용적 구문이다. | maṃ bhaṇitabbaṃ maññasi에서 bhaṇitabbaṃ은 미래수동분사로 쓰여 '나를 훈계해야 한다고 생각하느냐'로 해석된다.			
219	vri:romn:s0515a.att:120db0cd0490	romn/s0515a.att.xml	f30d6d0f2ca0eee1528e770f36019dabe9b3243cbea6178ec314b222fef2fd90	atthakatha	prose	medium	representative	representative_stratified	sutta	Khuddakanikāye	succeeded	True	False	Te sabbe kāyaparihārikāpi honti kucchiparihārikāpi. Kathaṃ? Ticīvaraṃ tāva nivāsetvā ca pārupitvā ca vicaraṇakāle kāyaṃ pariharati posetīti kāyaparihārikaṃ hoti. Cīvarakaṇṇena udakaṃ parissāvetvā pivanakāle khāditabbaphalāphalaggahaṇakāle ca kucchiṃ pariharati posetīti kucchiparihārikaṃ hoti.	그것들 모두는 몸을 보호하는 것이기도 하고 배를 보호하는 것이기도 하다. 어떻게 그러한가? 먼저 삼의를 입고 걸치고 돌아다닐 때 몸을 보호하고 유지한다고 해서 몸을 보호하는 것이 된다. 가사 끝으로 물을 걸러서 마실 때와 먹을 수 있는 크고 작은 과일을 받을 때 배를 보호하고 유지한다고 해서 배를 보호하는 것이 된다.	그것들 모두는 몸을 보호하는 것이기도 하고 배를 보호하는 것이기도 하다. 어떻게 그러한가? 먼저 삼의를 입고 걸치고 돌아다닐 때 몸을 보호하고 유지하므로 몸을 보호하는 것이 된다. 가사 끝으로 물을 걸러서 마실 때나 먹을 수 있는 각종 과일을 받을 때 배를 보호하고 유지하므로 배를 보호하는 것이 된다.	gloss: protecting the body; ko: 몸을 보호하는 것; note: 몸을 유지하고 돌보는 필수품의 역할을 의미한다.; pali: kāyaparihārika | gloss: protecting the stomach; ko: 배를 보호하는 것; note: 음식을 구하고 섭취하여 생존을 유지하는 역할을 의미한다.; pali: kucchiparihārika | gloss: three robes; ko: 삼의; note: 비구가 소유하는 세 가지 가사를 가리킨다.; pali: ticīvara | gloss: various fruits; ko: 크고 작은 과일; note: phala와 aphala의 복합어로 각종 과일을 의미한다.; pali: phalāphala	posetīti는 poseti와 iti의 연음으로, 앞의 행위가 원인이 되어 뒤의 명칭(kāyaparihārikaṃ, kucchiparihārikaṃ)을 얻게 됨을 나타낸다. | khāditabbaphalāphalaggahaṇakāle는 '먹을 수 있는(khāditabba) 크고 작은 과일(phalāphala)을 받는(ggahaṇa) 때(kāle)'로 분석되는 복합어이다.	비구의 필수품인 가사가 단순히 몸을 가리는 용도뿐만 아니라, 물을 거르거나 탁발 시 과일을 받는 등 생존(배를 보호함)을 위한 실용적인 목적으로도 사용됨을 설명하고 있다.	Te sabbe가 가리키는 대상이 앞 문맥에 명시되어 있으나, 이 세그먼트만으로는 정확히 무엇인지 단정하기 어렵다. 문맥상 가사(ticīvara)의 다목적 활용을 설명하는 것으로 보인다.	
220	vri:romn:vin02a2.att:0b9fb56d898f	romn/vin02a2.att.xml	4681be15240447ed5dbdee1acd66f9f1460f19717041418a1d31e40491194bab	atthakatha	prose	long	representative	representative_stratified	vinaya	Vinayapiṭake	succeeded	True	False	Visayhāti abhibhavitvā. Anuyyutaṃ bhaṇanti anuññātaṃ anapagataṃ bhaṇanto. Yasmā hi so anuyyutaṃ bhaṇati, usūyāya vā agatigamanavasena vā kāraṇāpagataṃ na bhaṇati, tasmā atthaṃ na hāpeti. Usūyāya pana agatigamanavasena vā bhaṇanto atthaṃ hāpeti, kāraṇaṃ na deti, tasmā so parisagato chambhati ceva vedhati ca. Yo īdiso na hoti, ayaṃ ‘‘paggahāraho’’ti dasseti.	'극복하여(visayha)'라는 것은 '압도하여(abhibhavitvā)'라는 뜻이다. '적합한 것을 말한다(anuyyutaṃ bhaṇati)'라는 것은 인정된 것과 벗어나지 않은 것을 말하는 자라는 뜻이다. 왜냐하면 그는 적합한 것을 말하고, 질투나 편견에 빠짐으로 인해 이유에서 벗어난 것을 말하지 않기 때문에, 그러므로 목적을 잃지 않는다. 그러나 질투나 편견에 빠짐으로 말하는 자는 목적을 잃고, 이유를 제시하지 못하며, 그러므로 그는 대중 가운데 가서 두려워하고 떨린다. 이와 같지 않은 자, 이 사람이 '지지받아 마땅한 자(paggahāraho)'라고 보여준다.	'극복하여(visayha)'라는 것은 '압도하여(abhibhavitvā)'라는 뜻이다. '적합한 것을 말한다(anuyyutaṃ bhaṇati)'라는 것은 인정된 것과 이치에서 벗어나지 않은 것을 말하는 자라는 뜻이다. 왜냐하면 그는 적합한 것을 말하고, 질투나 편견에 빠져서 이치에 어긋나는 것을 말하지 않기 때문에 목적을 잃지 않는다. 그러나 질투나 편견에 빠져서 말하는 자는 목적을 잃고 이치를 제시하지 못하며, 그러므로 그는 대중 가운데 가서 두려워하고 떨린다. 이와 같지 않은 자가 바로 '지지받아 마땅한 자(paggahāraho)'라고 보여주는 것이다.	gloss: prejudice, wrong course; ko: 편견; note: 4가지 치우침(편애, 성냄, 어리석음, 두려움)을 의미한다.; pali: agati | gloss: worthy of support; ko: 지지받아 마땅한 자; note: paggaha(지지, 격려)와 araha(마땅한)의 복합어이다.; pali: paggahāraha	Anuyyutaṃ bhaṇanti는 문맥상 'anuyyutaṃ bhaṇati iti'의 연음으로 해석된다.	agatigamana(편견에 빠짐)는 편애, 성냄, 어리석음, 두려움이라는 4가지 치우침(agati)에 빠지는 것을 의미한다.	anuyyutaṃ은 anuyuttaṃ(적합한)의 이형태로 보이며, 주석서의 설명에 따라 번역하였다.	
221	vri:romn:vin02a2.att:b43558c74699	romn/vin02a2.att.xml	f7f7c7e327a8d5066b8752b107328604352eb52c06fc36fdba45fe0864708d23	atthakatha	prose	long	representative	representative_stratified	vinaya	Vinayapiṭake	succeeded	True	False	Kathinaṃ pana kena attharitabbaṃ? Yassa saṅgho kathinacīvaraṃ deti. Saṅghena pana kassa dātabbaṃ? Yo jiṇṇacīvaro hoti. Sace bahū jiṇṇacīvarā honti, vuḍḍhassa dātabbaṃ. Vuḍḍhesupi yo mahāpariso tadaheva cīvaraṃ katvā attharituṃ sakkoti, tassa dātabbaṃ. Sace vuḍḍho na sakkoti navakataro sakkoti, tassa dātabbaṃ. Apica saṅghena mahātherassa saṅgahaṃ kātuṃ vaṭṭati, tasmā ‘‘tumhe bhante gaṇhatha, mayaṃ katvā dassāmā’’ti vattabbaṃ. Tīsu cīvaresu yaṃ jiṇṇaṃ hoti, tadatthāya dātabbaṃ. Pakatiyā dupaṭṭacīvarassa dupaṭṭatthāyeva dātabbaṃ. Sacepissa ekapaṭṭacīvaraṃ ghanaṃ hoti, kathinasāṭako ca pelavo, sāruppatthāya dupaṭṭappahonakameva dātabbaṃ, ‘‘ahaṃ alabhanto ekapaṭṭaṃ pārupāmī’’ti vadantassāpi dupaṭṭaṃ dātuṃ vaṭṭati. Yo pana lobhapakatiko hoti, tassa na dātabbaṃ. Tenāpi ‘‘kathinaṃ attharitvā pacchā sibbitvā dve cīvarāni karissāmī’’ti na gahetabbaṃ. Yassa pana dīyati, tassa yena vidhinā dātabbaṃ, taṃ dassetuṃ ‘‘evañca pana bhikkhave kathinaṃ attharitabba’’nti ārabhitvā suṇātu me bhantetiādikā dānakammavācā tāva vuttā.	"그러면 까티나는 누구에 의해 펼쳐져야 하는가? 승가가 까티나 가사를 주는 자에 의해서이다. 그러면 승가에 의해 누구에게 주어져야 하는가? 낡은 가사를 가진 자이다. 만약 낡은 가사를 가진 자들이 많다면, 장로에게 주어져야 한다. 장로들 중에서도 큰 무리를 가졌고 그날 바로 가사를 만들어 펼칠 수 있는 자, 그에게 주어져야 한다. 만약 장로가 할 수 없고 더 젊은 자가 할 수 있다면, 그에게 주어져야 한다. 또한 승가에 의해 대장로에게 배려를 하는 것이 적당하다. 그러므로 ""대덕이시여, 당신께서 받으십시오. 저희가 만들어서 드리겠습니다.""라고 말해져야 한다. 세 가지 가사들 중에서 어떤 것이 낡았는지, 그것을 위해 주어져야 한다. 본래 두 겹의 가사를 위해서는 두 겹을 위해서만 주어져야 한다. 비록 그의 한 겹 가사가 두껍고 까티나 옷감이 얇더라도, 적합함을 위해 두 겹에 충분한 것만이 주어져야 하며, ""나는 얻지 못하면 한 겹을 입겠습니다""라고 말하는 자에게도 두 겹을 주는 것이 적당하다. 그러나 탐욕스러운 성향을 가진 자, 그에게는 주어져야 하지 않는다. 그에 의해서도 ""까티나를 펼친 뒤 나중에 꿰매어 두 개의 가사를 만들 것이다""라고 받아들여져서는 안 된다. 그러나 누구에게 주어지는지, 그에게 어떤 방식에 의해 주어져야 하는지, 그것을 보여주기 위해 ""비구들이여, 이와 같이 까티나가 펼쳐져야 한다""라고 시작하여 ""대덕이시여, 제 말을 들으소서"" 등으로 시작하는 보시의 갈마(kammavācā)가 먼저 설해졌다."	"그러면 까티나(가사)는 누가 펼쳐야 하는가? 승가가 까티나 가사를 주는 비구이다. 그러면 승가는 누구에게 주어야 하는가? 낡은 가사를 가진 비구이다. 만약 낡은 가사를 가진 비구들이 많다면, 장로에게 주어야 한다. 장로들 중에서도 대중을 많이 거느렸고 그날 바로 가사를 지어 펼칠 수 있는 비구에게 주어야 한다. 만약 장로가 할 수 없고 더 젊은 비구가 할 수 있다면, 그에게 주어야 한다. 또한 승가가 대장로를 배려하는 것이 합당하므로 ""대덕이시여, 스님께서 받으십시오. 저희가 지어서 드리겠습니다.""라고 말해야 한다. 세 가지 가사 중에서 낡은 것이 있다면, 그것을 보충하기 위해 주어야 한다. 본래 두 겹인 가사(승가리)를 위해서는 두 겹을 만들 분량으로 주어야 한다. 비록 그의 한 겹 가사가 두껍고 까티나 옷감이 얇더라도, 격식에 맞게 두 겹을 만들기에 충분한 분량을 주어야 하며, ""나는 충분히 얻지 못하면 한 겹만 입겠습니다""라고 말하는 비구에게도 두 겹 분량을 주는 것이 합당하다. 그러나 탐욕스러운 성향을 가진 자에게는 주지 말아야 한다. 받는 비구 역시 ""까티나를 펼친 뒤 나중에 꿰매어 두 벌의 가사를 만들어야지""라는 생각으로 받아서는 안 된다. 그리고 누구에게 주어지든, 그에게 어떤 방식으로 주어야 하는지를 보여주기 위해 ""비구들이여, 이와 같이 까티나를 펼쳐야 한다""라고 시작하여 ""대덕이시여, 승가는 제 말을 들으소서"" 등으로 이어지는 가사 수여의 갈마(kammavācā)가 먼저 설해진 것이다."	gloss: kathina robe/ceremony; ko: 까티나; note: 안거가 끝난 후 비구들에게 가사를 지어 올리는 의식 및 그 가사를 가리킨다.; pali: kathina | gloss: to spread; ko: 펼치다; note: 까티나 가사를 완성하여 승인하는 공식적인 절차를 의미하는 동사이다.; pali: attharati | gloss: formal act/resolution; ko: 갈마; note: 승가의 공식적인 의사결정 및 선언 절차를 뜻한다.; pali: kammavācā | gloss: favor, support; ko: 배려; note: 문맥상 대장로에 대한 승가의 예우나 도움을 의미한다.; pali: saṅgaha | gloss: double-layered robe; ko: 두 겹의 가사; note: 비구의 세 가지 가사 중 겉옷에 해당하는 승가리(saṅghāṭi)를 가리킨다.; pali: dupaṭṭacīvara	attharitabbaṃ, dātabbaṃ, vattabbaṃ 등은 미래수동분사(미래분사)로, 율장 문맥에서 규정, 의무, 당위를 나타낸다. | suṇātu me bhantetiādikā는 'suṇātu me bhante(대덕이시여, 제 말을 들으소서)'라는 인용구에 iti와 ādikā가 결합된 복합어이다.	까티나(Kathina)는 우기 안거를 마친 비구들에게 승가가 가사를 지어 분배하는 의식으로, 가사를 '펼친다(attharati)'는 표현은 이 의식의 완성을 의미한다. | 세 가지 가사(tīsu cīvaresu)는 비구가 소유할 수 있는 승가리(saṅghāṭi, 겉옷), 웃따라상가(uttarāsaṅga, 윗옷), 안따라와사까(antaravāsaka, 속옷)를 가리킨다.	pelavo는 얇다, 가볍다, 부드럽다는 의미를 가지며, 여기서는 두꺼운(ghana) 가사와 대조되어 '얇은'으로 번역하였다.	
222	vri:romn:s0508a1.att:8b9574445272	romn/s0508a1.att.xml	4e26e7254215fbd722dd6449fa86e57ef1099f7e9258113c72935e075f36b4c6	atthakatha	prose	long	representative	representative_stratified	sutta	Khuddakanikāye	succeeded	True	False	Tattha atisītanti himapātavaddalādinā ativiya sītaṃ, idaṃ ahūti ānetvā sambandho. Atiuṇhanti dhammaparitāpādinā ativiya uṇhaṃ, ubhayenapi utuvasena kosajjavatthumāha. Atisāyanti divasassa pariṇatiyā atisāyaṃ, sāyaggahaṇeneva cettha pātopi saṅgayhati, tadubhayena kālavasena kosajjavatthumāha. Itīti iminā pakārena. Etena ‘‘idha, bhikkhave, bhikkhunā kammaṃ kattabbaṃ hotī’’tiādinā (a. ni. 8.80; dī. ni. 3.334) vuttaṃ kosajjavatthuṃ saṅgaṇhāti. Vissaṭṭhakammanteti pariccattayogakammante. Khaṇāti buddhuppādādayo brahmacariyavāsassa okāsā. Accentīti atikkamanti. Māṇaveti satte. Tiṇā bhiyyo na maññatīti tiṇato upari na maññati, tiṇaṃ viya maññati, sītuṇhāni abhibhavitvā attanā kattabbaṃ karoti. Karanti karonto. Purisakiccānīti vīrapurisena kattabbāni attahitaparahitāni. Sukhāti sukhato, nibbānasukhatoti adhippāyo. Tatiyagāthāya attho heṭṭhā vuttoyeva.	"거기서 '너무 춥다(atisītaṃ)'라는 것은 눈이 내리거나 먹구름이 끼는 것 등으로 인해 매우 추운 것이니, '이것이 있었다(idaṃ ahu)'를 가져와서 연결된다. '너무 덥다(ati-uṇhaṃ)'라는 것은 더위의 열기 등으로 인해 매우 더운 것이니, 이 두 가지로 기후에 의한 게으름의 근거를 말한 것이다. '너무 늦었다(atisāyaṃ)'라는 것은 낮이 저묾에 따라 매우 늦은 저녁인 것이니, 여기서 '저녁'을 취하는 것만으로 '아침' 또한 포함되며, 그 두 가지로 시간에 의한 게으름의 근거를 말한 것이다. '이와 같이(iti)'라는 것은 이러한 방식으로이다. 이것으로 ""비구들이여, 여기 비구가 해야 할 일이 있다"" 등(A.8.80; D.3.334)으로 설해진 게으름의 근거를 포괄한다. '일을 내버려 둔 자들(vissaṭṭhakammante)'이라는 것은 수행의 일을 포기한 자들을 말한다. '기회들(khaṇā)'이라는 것은 부처님의 출현 등 청정범행을 실천할 기회들이다. '지나간다(accenti)'라는 것은 지나쳐 버린다는 것이다. '사람들을(māṇave)'이라는 것은 중생들을 말한다. '풀보다 더한 것으로 여기지 않는다(tiṇā bhiyyo na maññati)'라는 것은 풀 이상으로 여기지 않는 것, 즉 풀처럼 여기는 것이니, 추위와 더위를 극복하고 자신이 해야 할 일을 하는 것이다. '하면서(karaṃ)'라는 것은 행하면서이다. '사람의 의무들을(purisakiccāni)'이라는 것은 영웅적인 사람이 해야 할 자신을 위한 이익과 남을 위한 이익들이다. '행복에서(sukhā)'라는 것은 행복으로부터이니, 열반의 행복으로부터라는 뜻이다. 세 번째 게송의 의미는 이미 앞에서 설해졌다."	"여기서 '너무 춥다(atisītaṃ)'라는 것은 눈이 내리거나 먹구름이 끼는 것 등으로 인해 매우 추운 것을 뜻하며, 문법적으로는 '이것이 있었다(idaṃ ahu)'를 가져와서 연결해야 한다. '너무 덥다(ati-uṇhaṃ)'라는 것은 더위의 열기 등으로 인해 매우 더운 것을 뜻하며, 이 두 가지를 통해 기후와 관련된 게으름의 근거를 말한 것이다. '너무 늦었다(atisāyaṃ)'라는 것은 낮이 저물어 매우 늦은 저녁이 된 것을 뜻하는데, 여기서 '저녁'을 언급한 것만으로 '아침' 또한 포함되며, 이 두 가지를 통해 시간과 관련된 게으름의 근거를 말한 것이다. '이와 같이(iti)'라는 것은 이러한 방식으로라는 뜻이다. 이것으로 ""비구들이여, 여기 비구가 해야 할 일이 있다"" 등(A.8.80; D.3.334)에서 설해진 게으름의 근거들을 포괄한다. '일을 내버려 둔 자들(vissaṭṭhakammante)'이란 수행의 노력을 포기한 자들을 말한다. '기회들(khaṇā)'이란 부처님의 출현 등 청정범행을 실천할 수 있는 기회들을 뜻한다. '지나간다(accenti)'라는 것은 지나쳐 버린다는 뜻이다. '사람들을(māṇave)'이란 중생들을 말한다. '풀보다 더한 것으로 여기지 않는다(tiṇā bhiyyo na maññati)'라는 것은 풀 이상으로 여기지 않는 것, 즉 풀처럼 하찮게 여기는 것이니, 추위와 더위를 극복하고 자신이 해야 할 일을 하는 것을 뜻한다. '하면서(karaṃ)'라는 것은 행하면서라는 뜻이다. '사람의 의무들을(purisakiccāni)'이란 영웅적인 사람이 마땅히 해야 할 자신을 위한 이익과 남을 위한 이익을 뜻한다. '행복에서(sukhā)'라는 것은 행복으로부터라는 뜻이니, 곧 열반의 행복으로부터라는 의미이다. 세 번째 게송의 의미는 이미 앞에서 설명하였다."	gloss: grounds for laziness; ko: 게으름의 근거; note: 수행을 미루는 핑계가 되는 조건들을 가리킨다.; pali: kosajjavatthu | gloss: living the holy life; ko: 청정범행의 실천; note: 깨달음을 향한 출가자의 청정한 수행 생활을 의미한다.; pali: brahmacariyavāsa | gloss: duties of a person; ko: 사람의 의무; note: 수행자로서 마땅히 성취해야 할 영웅적인 노력을 뜻한다.; pali: purisakicca | gloss: happiness of Nibbana; ko: 열반의 행복; note: 궁극적인 해탈의 즐거움을 가리킨다.; pali: nibbānasukha | gloss: one who has abandoned work; ko: 일을 내버려 둔 자; note: 수행이라는 본연의 임무를 포기한 자를 묘사하는 복합어이다.; pali: vissaṭṭhakammanta	idaṃ ahūti ānetvā sambandho는 게송의 구문 분석을 위해 생략된 'idaṃ ahu(이것이 있었다)'를 보충하여 문장을 연결해야 함을 지시하는 주석서의 전형적인 문법 설명이다. | sukhāti sukhato에서 sukhā는 탈격(-ā)으로 쓰였으며, 이를 명확히 하기 위해 탈격 접미사 -to를 붙인 sukhato로 풀어 설명하고 있다.	'게으름의 근거(kosajjavatthu)'는 춥다, 덥다, 늦었다, 이르다, 배고프다, 배부르다 등의 핑계를 대며 수행을 미루는 8가지 상태를 가리키며, 앙굿따라 니까야(A.8.80) 등에 상세히 설해져 있다. | '기회(khaṇa)'는 부처님의 출현, 인간으로 태어남 등 청정범행을 닦아 해탈에 이를 수 있는 결정적인 호기를 의미한다.	dhammaparitāpādinā에서 dhamma는 문맥상 더위를 뜻하는 ghamma의 이형태(variant)이거나 오기일 가능성이 높으므로 '더위의 열기'로 번역하였다.	
223	vri:romn:s0505a.att:1ffdbdcb8acf	romn/s0505a.att.xml	c9456fcbcb69ec82c188bdeb85b5a7296163c3f8a39a4f32399df89c2a7e08c3	atthakatha	prose	long	representative	representative_stratified	sutta	Khuddakanikāye	succeeded	True	False	Ayaṃ panettha adhippāyo – dhaniya, tvaṃ bandhanena tuṭṭho, ahaṃ pana bandhanena aṭṭīyanto thāmavīriyūpeto mahāusabhoriva bandhanāni pañcuddhambhāgiyasaṃyojanāni catutthaariyamaggathāmavīriyena chetvā, nāgo pūtilataṃva pañcorambhāgiyasaṃyojanabandhanāni heṭṭhāmaggattayathāmavīriyena dālayitvā, atha vā usabhoriva bandhanāni anusaye nāgo pūtilataṃva pariyuṭṭhānāni chetvā dālayitvāva ṭhito. Tasmā na puna gabbhaseyyaṃ upessaṃ. Sohaṃ jātidukkhavatthukehi sabbadukkhehi parimutto sobhāmi – ‘‘atha ce patthayasī pavassa devā’’ti vadamāno. Tasmā sace tvampi ahaṃ viya vattumicchasi, chinda tāni bandhanānīti. Ettha ca bandhanāni samudayasaccaṃ, gabbhaseyyā dukkhasaccaṃ, ‘‘na upessa’’nti ettha anupagamo anupādisesavasena, ‘‘chetvā dālayitvā’’ti ettha chedo padālanañca saupādisesavasena nirodhasaccaṃ, yena chindati padāleti ca, taṃ maggasaccanti.	여기서 게다가 이 뜻이다. 다니야여, 그대는 묶임으로 만족하지만, 나는 묶임에 괴로워하며, 힘과 정진을 갖추고, 큰 황소처럼 묶임들인 다섯 가지 높은 부분의 족쇄들을 네 번째 성스러운 도의 힘과 정진으로 끊고, 코끼리가 썩은 덩굴을 (부수듯) 다섯 가지 낮은 부분의 족쇄의 묶임들을 아래의 세 가지 도의 힘과 정진으로 부수고, 혹은 황소처럼 묶임들인 잠재성향들을, 코끼리가 썩은 덩굴을 (부수듯) 얽힘들을 끊고 부수고서 서 있다. 그러므로 다시는 모태에 드는 것에 다가가지 않을 것이다. 그러한 나는 태어남의 괴로움을 토대로 하는 모든 괴로움들로부터 완전히 벗어나, '그러니 원한다면 비를 내려라, 하늘이여'라고 말하며 빛난다. 그러므로 만약 그대도 나와 같이 말하고자 한다면, 그 묶임들을 끊어라. 그리고 여기서 묶임들은 일어남의 진리이고, 모태에 듦은 괴로움의 진리이며, '다가가지 않을 것이다'라는 여기에서 다가가지 않음은 취착의 남음이 없는 것의 관점에서, '끊고 부수고서'라는 여기에서 끊음과 부숨은 취착의 남음이 있는 것의 관점에서 소멸의 진리이고, 그것에 의해 끊고 부수는 것, 그것은 도의 진리이다.	"여기서 그 의미는 이러하다. '다니야여, 그대는 속박에 만족하지만, 나는 속박을 괴로워하며 힘과 정진을 갖추었다. 나는 큰 황소처럼 다섯 가지 높은 단계의 족쇄라는 속박을 네 번째 성스러운 도(아라한도)의 힘과 정진으로 끊어내고, 코끼리가 썩은 덩굴을 짓밟듯 다섯 가지 낮은 단계의 족쇄라는 속박을 아래의 세 가지 도의 힘과 정진으로 부수었다. 혹은 황소처럼 잠재성향이라는 속박을 끊고, 코끼리가 썩은 덩굴을 짓밟듯 마음을 얽어매는 번뇌(전전)들을 부수고서 확고히 서 있다. 그러므로 나는 다시는 모태에 드는 일(윤회)을 겪지 않을 것이다. 이처럼 나는 태어남의 괴로움을 근원으로 하는 모든 괴로움에서 완전히 벗어났기에, ""그러니 원한다면 비를 내려라, 하늘이여""라고 말하며 당당히 빛난다. 그러므로 만약 그대도 나와 같이 말하고자 한다면, 그 속박들을 끊어라.' 그리고 여기서 '속박'은 일어남의 진리(집성제)이고, '모태에 듦'은 괴로움의 진리(고성제)이다. '다가가지 않을 것이다'라는 구절에서 다가가지 않음은 취착의 남음이 없는 것(무여열반)의 관점에서, '끊고 부수고서'라는 구절에서 끊음과 부숨은 취착의 남음이 있는 것(유여열반)의 관점에서 소멸의 진리(멸성제)이다. 그리고 그것을 통해 끊고 부수는 수단은 도의 진리(도성제)이다."	gloss: five higher fetters; ko: 다섯 가지 높은 부분의 족쇄; note: 색계와 무색계의 윤회에 묶어두는 다섯 가지 족쇄를 가리킨다.; pali: pañcuddhambhāgiyasaṃyojana | gloss: five lower fetters; ko: 다섯 가지 낮은 부분의 족쇄; note: 욕계의 윤회에 묶어두는 다섯 가지 족쇄를 가리킨다.; pali: pañcorambhāgiyasaṃyojana | gloss: latent tendencies; ko: 잠재성향; note: 마음 깊은 곳에 잠재되어 있는 번뇌의 성향을 의미한다.; pali: anusaya | gloss: obsessions; ko: 얽힘; note: 잠재성향이 표면으로 떠올라 마음을 얽어매는 상태(전전)를 뜻한다.; pali: pariyuṭṭhāna | gloss: without remainder of clinging; ko: 취착의 남음이 없는 것; note: 오온이 완전히 소멸한 무여열반을 가리킨다.; pali: anupādisesa	mahāusabhoriva는 mahā-usabho와 iva의 연음으로 '큰 황소처럼'이라는 뜻이다. | nāgo pūtilataṃva에서 nāgo는 코끼리를 뜻하며, pūtilataṃ iva는 '썩은 덩굴을 (부수듯)'이라는 비유적 표현이다. | saupādisesavasena는 sa-upādisesa-vasena로 '취착의 남음이 있는 것(유여열반)의 관점에서'로 해석된다.	주석서는 부처님의 게송을 사성제(고, 집, 멸, 도)의 체계에 맞추어 교리적으로 해설하고 있다. | '네 번째 성스러운 도'는 아라한도를, '아래의 세 가지 도'는 예류도, 일래도, 불환도를 가리킨다. | '취착의 남음이 없는 것(anupādisesa)'은 육신이 소멸한 뒤의 완전한 열반(반열반)을, '취착의 남음이 있는 것(saupādisesa)'은 살아있는 아라한의 열반을 의미한다.		
224	vri:romn:s0102a.att:8d81794151ad	romn/s0102a.att.xml	3024030d537356587bcdc80e631299c17cee168a730cfc206624443face2344c	atthakatha	prose	long	representative	representative_stratified	sutta	Dīghanikāye	succeeded	True	False	Apica pañca dhammā upekkhāsambojjhaṅgassa uppādāya saṃvattanti sattamajjhattatā saṅkhāramajjhattatā sattasaṅkhārakelāyanapuggalaparivajjanatā sattasaṅkhāramajjhattapuggalasevanatā tadadhimuttatāti. Tattha dvīhākārehi sattamajjhattataṃ samuṭṭhāpeti ‘‘tvaṃ attano kammena āgantvā attanova kammena gamissasi, esopi attanova kammena āgantvā attanova kammena gamissati, tvaṃ kaṃ kelāyasī’’ti evaṃ kammassakatāpaccavekkhaṇena, ‘‘paramatthato sattoyeva natthi, so tvaṃ kaṃ kelāyasī’’ti evaṃ nissattapaccavekkhaṇena cāti. Dvīhevākārehi saṅkhāramajjhattataṃ samuṭṭhāpeti – ‘‘idaṃ cīvaraṃ anupubbena vaṇṇavikāratañceva jiṇṇabhāvañca upagantvā pādapuñchanacoḷakaṃ hutvā yaṭṭhikoṭiyā chaḍḍanīyaṃ bhavissati, sace panassa sāmiko bhaveyya, nāssa evaṃ vinassituṃ dadeyyā’’ti evaṃ assāmikabhāvapaccavekkhaṇena ca, ‘‘anaddhaniyaṃ idaṃ tāvakālika’’nti evaṃ tāvakālikabhāvapaccavekkhaṇena cāti. Yathā ca cīvare, evaṃ pattādīsupi yojanā kātabbā.	또한 다섯 가지 법들이 평정의 깨달음의 구성요소의 일어남으로 이끈다. 중생에 대한 중립성, 형성된 것들에 대한 중립성, 중생과 형성된 것들을 애착하는 사람을 피함, 중생과 형성된 것들에 대해 중립적인 사람을 가까이함, 그것으로 마음이 향함이다. 거기서 두 가지 행상으로 중생에 대한 중립성을 일으킨다. '너는 자신의 업으로 와서 자신의 업으로 갈 것이다. 이 사람도 자신의 업으로 와서 자신의 업으로 갈 것이다. 너는 누구를 애착하는가?'라고 이와 같이 업이 자신의 소유임을 반조함에 의해서와, '궁극적인 뜻에서 중생이란 존재하지 않는다. 그런 너는 누구를 애착하는가?'라고 이와 같이 중생이 없음을 반조함에 의해서이다. 두 가지 행상으로 형성된 것들에 대한 중립성을 일으킨다. '이 가사는 점차 색깔의 변화와 낡은 상태에 이르러 발닦개 천이 되어 막대기 끝으로 버려져야 할 것이다. 그러나 만약 이것에 주인이 있다면, 이것이 이처럼 파괴되도록 내버려두지 않을 것이다.'라고 이와 같이 주인이 없는 상태임을 반조함에 의해서와, '이것은 영속하지 않으며, 일시적인 것이다.'라고 이와 같이 일시적인 상태임을 반조함에 의해서이다. 그리고 가사에서와 같이, 발우 등에서도 적용이 이루어져야 한다.	또한 다섯 가지 법이 평정의 깨달음의 요소(우뻭카 삼봇장가)가 일어나게 한다. 중생에 대한 평정, 형성된 것들에 대한 평정, 중생과 형성된 것들에 애착하는 사람을 피함, 중생과 형성된 것들에 대해 평정한 사람을 가까이함, 그것(평정)으로 마음이 향함이다. 여기서 두 가지 방식으로 중생에 대한 평정을 일으킨다. '너는 자신의 업으로 와서 자신의 업으로 갈 것이다. 이 사람도 자신의 업으로 와서 자신의 업으로 갈 것이다. 너는 누구를 애착하는가?'라고 이처럼 업이 자신의 소유임을 반조하는 것과, '궁극적인 의미에서 중생이란 존재하지 않는다. 그런 너는 누구를 애착하는가?'라고 이처럼 중생이 없음을 반조하는 것이다. 또한 두 가지 방식으로 형성된 것들에 대한 평정을 일으킨다. '이 가사는 점차 색이 변하고 낡아 발닦개 천이 되어 막대기 끝으로 버려져야 할 것이다. 만약 이것에 주인이 있다면, 이것이 이처럼 파괴되도록 내버려두지 않을 것이다.'라고 이처럼 주인이 없음을 반조하는 것과, '이것은 영속하지 않으며, 일시적인 것이다.'라고 이처럼 일시적임을 반조하는 것이다. 가사에서와 마찬가지로 발우 등에서도 이와 같이 적용해야 한다.	gloss: awakening factor of equanimity; ko: 평정의 깨달음의 구성요소; note: 칠각지 중 하나인 평정(upekkhā)을 가리킨다.; pali: upekkhāsambojjhaṅga | gloss: neutrality, equanimity; ko: 중립성; note: 어느 한쪽으로 치우치지 않는 평정의 상태를 의미한다.; pali: majjhattatā | gloss: formations; ko: 형성된 것들; note: 이 문맥에서는 중생(satta)과 대비되어 가사나 발우 같은 무정물(無情物)을 가리킨다.; pali: saṅkhāra | gloss: ownership of kamma; ko: 업이 자신의 소유임; note: 자신이 지은 업만이 진정한 자신의 소유라는 교리적 개념이다.; pali: kammassakatā | gloss: ultimate sense; ko: 궁극적인 뜻; note: 주석서 문헌에서 진제(paramattha-sacca)를 나타낼 때 쓰이는 용어이다.; pali: paramattha	sattamajjhattatā 등은 평정(upekkhā)을 기르기 위한 다섯 가지 조건을 나열한 추상명사 복합어이다. | kammassakatāpaccavekkhaṇena는 기구격으로 쓰여 '~을 반조함에 의해서'라는 수단이나 방법을 나타낸다.	이 문맥에서 saṅkhāra(형성된 것들)는 중생(satta)과 대비되어 가사나 발우 같은 무정물(無情物)인 필수품을 가리킨다. | paramatthato(궁극적인 뜻에서)는 주석서 시대의 이제설(진제와 속제)을 반영하는 표현으로, 궁극적 실재의 차원에서는 '중생'이라는 개체가 없음을 뜻한다.		
225	vri:romn:s0506a.att:eeb53adb2177	romn/s0506a.att.xml	d082435f5fbd971b4301d53e3c86263330fd80af1cb751b43a2b43037ccda4e0	atthakatha	prose	long	representative	representative_stratified	sutta	Khuddakanikāye	succeeded	True	False	895. Tattha sayamidha pathe samecca māṇavenāti idha imasmiṃ pathe mahāmagge sayameva upagatena māṇavena brāhmaṇakumārena samecca samāgantvā. Diṭṭhadhammikasamparāyikaparamatthehi sattānaṃ yathārahamanusāsanato satthā bhagavā, tvaṃ yaṃ māṇavaṃ yathādhammaṃ anusāsi anukampamāno anuggaṇhanto, tava ratanavarassa aggaratanassa sammāsambuddhassa, taṃ dhammaṃ sutvā iti evaṃ karissāmi yathānusiṭṭhaṃ paṭipajjissāmīti, so chatto chattanāmako māṇavo bravittha kathesīti padayojanā.	895. 거기서 '여기 길에서 스스로 학도와 만나서(sayamidha pathe samecca māṇavena)'라는 것은, 여기 이 길에서, 즉 큰길에서 스스로 다가온 학도인 바라문 소년과 만나서(samecca), 즉 함께하여(samāgantvā)라는 뜻이다. 현세와 내세와 궁극의 이익들로 중생들을 적절하게 가르치시기 때문에 스승(satthā)이신 세존이시여, 당신께서 연민하시고 돕고자 하시어 어떤 학도를 법에 따라 가르치셨고(anusāsi), 당신, 즉 훌륭한 보석이시고 으뜸가는 보석이신 정등각자의 그 법을 듣고서 '이와 같이 하겠습니다, 가르치신 대로 도닦겠습니다'라고, 그 찻따(chatta), 즉 찻따라는 이름의 학도가 말했다(bravittha), 즉 이야기했다(kathesi)라는 단어 연결(padayojanā)이다.	895. 여기서 '이곳 길에서 스스로 학도와 만나서'라는 구절은, 이곳 이 길, 즉 큰길에서 스스로 다가온 학도인 바라문 소년과 만나서 함께했다는 뜻이다. 현세와 내세와 궁극의 이익으로 중생들을 적절하게 가르치시기 때문에 스승이신 세존이시여, 당신께서 연민하시고 돕고자 하시어 어떤 학도를 법에 따라 가르치셨고, 훌륭한 보석이자 으뜸가는 보석이신 정등각자 당신의 그 법을 듣고서 '이와 같이 하겠습니다. 가르치신 대로 실천하겠습니다'라고 그 찻따, 즉 찻따라는 이름의 학도가 말했다고 풀이하는 구문 해설(단어 연결)이다.	gloss: youth, young brahmin; ko: 학도; note: 바라문 가문의 젊은 학생을 가리키는 용어이다.; pali: māṇava | gloss: word connection, syntactic explanation; ko: 단어 연결; note: 주석서에서 게송의 단어들이 문장 내에서 어떻게 연결되고 해석되는지를 밝히는 구문 해설을 의미한다.; pali: padayojanā | gloss: ultimate goal, highest benefit; ko: 궁극의 이익; note: 현세와 내세의 이익을 넘어선 궁극적인 목표, 즉 열반을 가리킨다.; pali: paramattha	sayamidha pathe samecca māṇavenāti는 게송 원문을 인용한 것이며, 주석서는 이를 idha imasmiṃ pathe mahāmagge sayameva upagatena māṇavena brāhmaṇakumārena samecca samāgantvā로 풀이하여 각 단어의 동의어와 문맥적 의미를 밝히고 있다. | bravittha kathesīti padayojanā에서 bravittha는 게송의 동사(아오리스트)이며, 주석서는 이를 kathesi로 해석한 뒤 전체 문장의 구문(padayojanā)을 마무리한다.	Diṭṭhadhammikasamparāyikaparamatthehi는 부처님의 가르침이 가져다주는 세 가지 차원의 이익, 즉 현세의 이익(diṭṭhadhammika), 내세의 이익(samparāyika), 그리고 궁극의 이익(paramattha, 즉 열반)을 명확히 보여준다.		
226	vri:romn:vin01a.att:324b5a465fb2	romn/vin01a.att.xml	03a82e9e8cece2410419c60bd68621062e1bc9d06673dac109fde53f52c8283b	atthakatha	prose	long	representative	representative_stratified	vinaya	Vinayapiṭake	succeeded	True	False	‘‘Vadeyyāma kho taṃ gahapatī’’ti idaṃ pana vacanaṃ samaṇatejenāha. Nātikaḍḍheyyāsīti yaṃ te mayi pemaṃ patiṭṭhitaṃ, taṃ kodhavasena na atikaḍḍheyyāsi; sace na kujjheyyāsīti vuttaṃ hoti. Tato seṭṭhi ‘‘putto me saṅgahaṃ maññe kattukāmo’’ti udaggacitto āha – ‘‘vadehi tāta sudinnā’’ti. Tenahīti uyyojanatthe vibhattipatirūpako nipāto. Tatonidānanti taṃnidānaṃ taṃhetukanti paccattavacanassa to-ādeso veditabbo; samāse cassa lopābhāvo. Bhayaṃ vāti ‘‘kinti me bhoge neva rājāno hareyyu’’ntiādinā nayena vuttaṃ rājādibhayaṃ; cittutrāsoti attho. Chambhitattanti rājūhi vā corehi vā ‘‘dhanaṃ dehī’’ti kammakāraṇaṃ kāriyamānassa kāyiñjanaṃ kāyakampo hadayamaṃsacalanaṃ. Lomahaṃsoti uppanne bhaye lomānaṃ haṃsanaṃ uddhaggabhāvo. Ārakkhoti anto ca bahi ca rattiñca divā ca ārakkhaṇaṃ.	‘장자여, 참으로 당신에게 말하겠습니다’라는 이 말은 사문의 위엄으로 말한 것이다. ‘지나치게 끌어당기지 않으신다면’이라는 것은, 당신이 나에게 확립한 그 애정을 분노의 힘으로 지나치게 끌어당기지 않는다면, 즉 만약 화내지 않으신다면이라고 말한 것이다. 그러자 장자는 ‘내 아들이 나에게 호의를 베풀고자 하는 것 같구나’라고 기쁜 마음으로 말했다. ‘말해라, 얘야 수딘나야.’ ‘그렇다면’이라는 것은 재촉의 의미로 격어미와 유사한 불변화사이다. ‘그것을 원인으로’라는 것은 그것을 원인으로, 그것을 조건으로 한다는 것이며, 주격의 to-대체로 알아야 한다. 그리고 복합어에서 그것의 생략이 없는 것이다. ‘혹은 두려움’이라는 것은 ‘어떻게 하면 왕들이 내 재물을 빼앗지 않을까’라는 등의 방식으로 말해진 왕 등에 대한 두려움이다. 마음의 떨림이라는 뜻이다. ‘경직됨’이라는 것은 왕들이나 도둑들에 의해 ‘재물을 내놓아라’라며 고문을 당하는 자의 몸의 흔들림, 몸의 떨림, 심장 고기의 요동침이다. ‘털이 곤두섬’이라는 것은 두려움이 일어났을 때 털들이 곤두서는 것, 끝이 위로 향하는 상태이다. ‘보호’라는 것은 안팎으로, 밤낮으로 보호하는 것이다.	‘장자여, 참으로 당신에게 말하겠습니다’라는 이 말은 사문의 위엄으로 한 것이다. ‘지나치게 끌어당기지 않으신다면’이라는 것은, 당신이 나에게 가진 그 애정을 분노로 인해 지나치게 거두어들이지 않는다면, 즉 만약 화내지 않으신다면이라는 뜻으로 한 말이다. 그러자 장자는 ‘내 아들이 나에게 호의를 베풀고자 하는 것 같구나’라고 기쁜 마음으로 말했다. ‘말해라, 얘야 수딘나야.’ ‘그렇다면’이라는 것은 재촉의 의미를 지닌, 격어미와 유사한 불변화사이다. ‘그것을 원인으로’라는 것은 그것을 원인으로, 그것을 조건으로 한다는 것이며, 주격의 to-대체로 알아야 한다. 그리고 복합어에서 그것이 생략되지 않은 것이다. ‘혹은 두려움’이라는 것은 ‘어떻게 하면 왕들이 내 재물을 빼앗지 않을까’라는 등의 방식으로 말해진 왕 등에 대한 두려움이다. 마음의 떨림이라는 뜻이다. ‘경직됨’이라는 것은 왕들이나 도둑들에 의해 ‘재물을 내놓아라’라며 고문을 당하는 자의 몸의 흔들림, 몸의 떨림, 심장 고기의 요동침이다. ‘털이 곤두섬’이라는 것은 두려움이 일어났을 때 털들이 곤두서는 것, 끝이 위로 향하는 상태이다. ‘보호’라는 것은 안팎으로, 밤낮으로 보호하는 것이다.	gloss: ascetic's majesty; ko: 사문의 위엄; note: samaṇa(사문)와 teja(위엄, 불꽃)의 합성어이다.; pali: samaṇateja | gloss: instigation, urging; ko: 재촉; note: 상대방의 행동이나 말을 재촉하는 의미로 쓰였다.; pali: uyyojana | gloss: stiffness, paralysis from fear; ko: 경직됨; note: 두려움으로 인해 몸이 굳어지는 상태를 나타낸다.; pali: chambhitatta | gloss: horripilation; ko: 털이 곤두섬; note: 공포나 경외감으로 인해 털이 곤두서는 신체적 반응이다.; pali: lomahaṃsa | gloss: protection, guarding; ko: 보호; note: 재물이나 대상을 지키고 보호하는 행위를 뜻한다.; pali: ārakkha	vibhattipatirūpako nipāto는 격어미(vibhatti)와 유사한(patirūpaka) 불변화사(nipāta)를 의미한다. | paccattavacanassa to-ādeso는 주격(paccattavacana) 어미가 접미사 '-to'로 대체(ādesa)된 것을 설명한다. | samāse cassa lopābhāvo는 복합어(samāsa)에서 그 형태가 생략(lopa)되지 않음(abhāva)을 나타낸다.	이 단락은 수딘나(Sudinna) 비구가 출가 전 아버지(장자)와 대화하는 장면의 주석으로, 세속의 재물에 대한 두려움과 집착의 양상을 구체적으로 설명하고 있다.	atikaḍḍheyyāsi는 직역하면 '지나치게 끌어당기다'이나, 문맥상 '애정을 거두어들이다' 또는 '관계를 단절하다'의 의미로 쓰였을 수 있다. 주석에서는 이를 '화내지 않는다면'으로 풀이하고 있다.	
227	vri:romn:s0502a.att:85e34c51e6c2	romn/s0502a.att.xml	e56563871c060a360d06c2cd270fce0ef8e9dc2686cd60c639c77a48c68b8e1f	atthakatha	prose	long	representative	representative_stratified	sutta	Khuddakanikāye	succeeded	True	False	Rājā ‘‘attheso upāyo’’ti dārumayaṃ yantahatthiṃ kārāpetvā bahi pilotikāhi veṭhetvā katacittakammaṃ katvā tassa vijite āsannaṭṭhāne ekasmiṃ saratīre vissajjāpesi. Hatthino antokucchiyaṃ saṭṭhi purisā aparāparaṃ caṅkamanti, hatthilaṇḍaṃ āharitvā tattha tattha chaḍḍesuṃ. Eko vanacarako hatthiṃ disvā, ‘‘amhākaṃ rañño anucchaviko’’ti cintetvā, gantvā rañño ārocesi – ‘‘deva, mayā sabbaseto kelāsakūṭapaṭibhāgo tumhākaññeva anucchaviko varavāraṇo diṭṭho’’ti. Uteno tameva maggadesakaṃ katvā hatthiṃ abhiruyha saparivāro nikkhami. Tassa āgamanaṃ ñatvā carapurisā gantvā caṇḍapajjotassa ārocesuṃ. So āgantvā majjhe tucchaṃ katvā ubhosu passesu balakāyaṃ payojesi. Uteno tassāgamanaṃ ajānanto hatthiṃ anubandhi. Anto ṭhitamanussā vegena palāpesuṃ. Kaṭṭhahatthī rañño mantaṃ parivattetvā vīṇaṃ vādentassa tantisaddaṃ asuṇanto viya palāyatiyeva. Rājā hatthināgaṃ pāpuṇituṃ asakkonto assaṃ āruyha anubandhi. Tasmiṃ vegena anubandhante balakāyo ohīyi. Rājā ekakova ahosi. Atha naṃ ubhosu passesu payuttā caṇḍapajjotassa purisā gaṇhitvā attano rañño adaṃsu. Athassa balakāyo amittavasaṃ gatabhāvaṃ ñatvā bahinagareva khandhāvāraṃ nivesetvā acchi.	"왕은 ""이러한 방책이 있다""라고 (생각하고) 나무로 된 기계 코끼리를 만들게 한 뒤, 밖을 헝겊들로 감싸고 채색 작업을 하게 한 뒤, 그의 영토에 가까운 장소인 어떤 호숫가에 풀어놓게 했다. 코끼리의 뱃속에는 예순 명의 사람들이 이리저리 걷고, 코끼리 똥을 가져와서 그곳 저곳에 버렸다. 한 숲을 돌아다니는 자가 코끼리를 보고 ""우리 왕에게 어울린다""라고 생각한 뒤, 가서 왕에게 알렸다. ""대왕이시여, 저에 의해 껠라사 산봉우리와 닮은, 당신에게만 어울리는 온통 하얀 훌륭한 코끼리가 목격되었습니다."" 우데나는 바로 그를 길 안내자로 삼고 코끼리에 올라타 권속들과 함께 출발했다. 그의 옴을 알고서 정탐꾼들이 가서 짠다빳조따에게 알렸다. 그는 와서 가운데를 비게 하고 양쪽 측면에 군대를 배치했다. 우데나는 그의 옴을 알지 못한 채 코끼리를 뒤쫓았다. 안에 머무는 사람들은 속력을 내어 도망치게 했다. 나무 코끼리는 왕이 주문을 외우며 비나(비파)를 연주하는 자의 줄 소리를 듣지 못하는 것처럼 도망치기만 했다. 왕은 코끼리를 따라잡을 수 없게 되자 말에 올라타 뒤쫓았다. 그가 속력을 내어 뒤쫓을 때 군대는 뒤처졌다. 왕은 혼자만 있게 되었다. 그러자 양쪽 측면에 배치된 짠다빳조따의 사람들이 그를 붙잡아 자신들의 왕에게 주었다. 그러자 그의 군대는 적의 권력에 들어간 상태를 알고서 도시 밖에 진영을 세우고 머물렀다."	"짠다빳조따 왕은 ""이런 방책이 있다""라고 생각하여 나무로 기계 코끼리를 만들게 했다. 겉을 헝겊으로 감싸고 채색하여 진짜처럼 꾸민 뒤, 우데나 왕의 영토와 가까운 어떤 호숫가에 풀어놓게 했다. 코끼리의 뱃속에는 예순 명의 사람들이 들어가 이리저리 움직였고, 진짜 코끼리 똥을 가져와서 여기저기 버려두었다. 한 사냥꾼이 그 코끼리를 보고 ""우리 왕에게 어울리겠다""라고 생각하여, 우데나 왕에게 가서 알렸다. ""대왕이시여, 껠라사 산봉우리처럼 온통 하얗고 전하께만 어울리는 훌륭한 코끼리를 제가 보았습니다."" 우데나 왕은 바로 그를 길 안내자로 삼아 코끼리를 타고 권속들과 함께 출발했다. 그가 온다는 것을 알고서 정탐꾼들이 짠다빳조따 왕에게 가서 알렸다. 짠다빳조따 왕은 와서 가운데를 비워두고 양쪽 측면에 군대를 매복시켰다. 우데나 왕은 적군이 온 것을 알지 못한 채 코끼리를 뒤쫓았다. 기계 코끼리 안에 있던 사람들은 속력을 내어 도망치게 했다. 나무 코끼리는 우데나 왕이 주문을 외우며 비나(비파)를 연주하는 줄 소리를 전혀 듣지 못하는 것처럼 도망치기만 했다. 왕은 코끼리를 따라잡을 수 없게 되자 말로 갈아타고 뒤쫓았다. 그가 속력을 내어 뒤쫓자 군대는 뒤처지고 말았다. 왕은 홀로 남게 되었다. 그러자 양쪽 측면에 매복해 있던 짠다빳조따의 사람들이 그를 붙잡아 자신들의 왕에게 넘겼다. 그러자 우데나 왕의 군대는 왕이 적의 수중에 떨어졌다는 사실을 알고서 도시 밖에 진영을 세우고 머물렀다."	gloss: mechanical elephant; ko: 기계 코끼리; note: yanta(기계, 장치)와 hatthi(코끼리)의 복합어.; pali: yantahatthiṃ | gloss: forest ranger, hunter; ko: 숲을 돌아다니는 자; note: 숲에서 생활하며 사냥이나 채집을 하는 사람을 가리킨다.; pali: vanacarako | gloss: excellent elephant; ko: 훌륭한 코끼리; note: vara(훌륭한)와 vāraṇa(코끼리)의 복합어.; pali: varavāraṇo | gloss: army, body of troops; ko: 군대; note: bala(힘, 군대)와 kāya(무리, 몸)의 복합어.; pali: balakāyaṃ | gloss: camp; ko: 진영; note: 군대가 머무는 막사나 진영을 의미한다.; pali: khandhāvāraṃ	Tasmiṃ vegena anubandhante balakāyo ohīyi: 'Tasmiṃ... anubandhante'는 처격 절대구문(Locative Absolute)으로, 우데나 왕이 속력을 내어 뒤쫓고 있을 때 군대가 뒤처졌다는 동시적 상황을 나타낸다. | rañño mantaṃ parivattetvā vīṇaṃ vādentassa: 'vādentassa'는 속격 현재분사로 'rañño'를 수식하며, 왕이 주문을 외우고 비나를 연주하는 소리를 나무 코끼리가 듣지 못하는 상황을 묘사한다.	이 단락은 법구경 주석서의 앗빠마다 바가(Appamādavagga, 방일하지 않음 품)에 등장하는 사마와띠 이야기(Sāmāvatīvatthu)의 일부로, 짠다빳조따 왕이 우데나 왕의 코끼리 포획 기술을 역이용하여 그를 사로잡는 극적인 서사이다.	katacittakammaṃ katvā는 직역하면 '채색 작업을 한 뒤'이나, 문맥상 나무 코끼리를 진짜 코끼리처럼 보이게끔 정교하게 꾸몄다는 의미로 해석된다.	
228	vri:romn:s0203a.att:8c8c026e1136	romn/s0203a.att.xml	438ff07744b08f71d819da10bea63fc2b0759cdfbadd5a4806fea3770aa00802	atthakatha	prose	long	representative	representative_stratified	sutta	Majjhimanikāye	succeeded	True	False	Idāni pāṭipuggalikadakkhiṇāya vipākaṃ paricchindanto tatrānandātiādimāha. Tattha tiracchānagateti yaṃ guṇavasena upakāravasena posanatthaṃ dinnaṃ, idaṃ na gahitaṃ. Yampi ālopaaḍḍhaālopamattaṃ dinnaṃ, tampi na gahitaṃ. Yaṃ pana sunakhasūkarakukkuṭakākādīsu yassa kassaci sampattassa phalaṃ paṭikaṅkhitvā yāvadatthaṃ dinnaṃ, idaṃ sandhāya vuttaṃ ‘‘tiracchānagate dānaṃ datvā’’ti. Sataguṇāti satānisaṃsā. Pāṭikaṅkhitabbāti icchitabbā. Idaṃ vuttaṃ hoti – ayaṃ dakkhiṇā āyusataṃ vaṇṇasataṃ sukhasataṃ balasataṃ paṭibhānasatanti pañca ānisaṃsasatāni deti, attabhāvasate āyuṃ deti, vaṇṇaṃ, sukhaṃ, balaṃ, paṭibhānaṃ deti, nipparitasaṃ karoti. Bhavasatepi vutte ayameva attho. Iminā upāyena sabbattha nayo netabbo.	이제 개인에게 하는 보시의 과보를 한정하면서 '아난다여, 거기서' 등을 말씀하셨다. 거기서 '축생에게'라는 것은 덕의 힘으로, 도움의 힘으로, 기르기 위해 주어진 것, 이것은 포함되지 않았다. 한 입이나 반 입 정도 주어진 것, 그것도 포함되지 않았다. 그러나 개, 돼지, 닭, 까마귀 등 중에서 누구든 다가온 자에게 과보를 바라면서 충분히 주어진 것, 이것을 의도하여 '축생에게 보시를 주고서'라고 말해졌다. '백 배의'라는 것은 백 가지 이익이다. '바라야 한다'라는 것은 원해야 한다이다. 이것이 말해진 것이다. 이 보시는 수명 백, 용모 백, 행복 백, 힘 백, 변재 백이라는 다섯 가지 이익의 백을 준다. 백 번의 생에서 수명을 주고, 용모, 행복, 힘, 변재를 주고, 갈망이 없게 한다. '백 번의 존재'라고 말해졌을 때도 이와 같은 의미이다. 이러한 방법으로 모든 곳에서 이치를 적용해야 한다.	이제 개인에게 하는 보시의 과보를 한정하시면서 '아난다여, 거기서' 등을 말씀하셨다. 여기서 '축생에게'라는 것은 동물의 덕이나 도움에 보답하기 위해, 또는 기르기 위해 준 것을 말하는 것이 아니며, 이것은 (이 보시의 과보에) 포함되지 않는다. 한 입이나 반 입 정도 준 것, 그것도 포함되지 않는다. 그러나 개, 돼지, 닭, 까마귀 등 누구든 다가온 짐승에게 과보를 바라면서 충분히 준 것, 이것을 의도하여 '축생에게 보시를 주고서'라고 말씀하신 것이다. '백 배의'라는 것은 백 가지 이익을 뜻한다. '바라야 한다'라는 것은 원해야 한다는 뜻이다. 이것이 말씀하신 의미이다. 이 보시는 수명 백, 용모 백, 행복 백, 힘 백, 변재 백이라는 다섯 가지 이익을 백 번씩 준다. 백 번의 생에서 수명을 주고, 용모, 행복, 힘, 변재를 주어 갈망이 없게 한다. '백 번의 존재'라고 말씀하셨을 때도 이와 같은 의미이다. 이러한 방법으로 모든 곳에서 이치를 적용해야 한다.	gloss: gift to an individual; ko: 개인에게 하는 보시; note: 승가 전체가 아닌 특정 개인에게 베푸는 보시를 의미한다.; pali: pāṭipuggalikadakkhiṇā | gloss: defining, limiting; ko: 한정하면서; note: paricchindati의 현재분사로, 과보의 범위를 규정하고 설명한다는 의미이다.; pali: paricchindanto | gloss: in a hundred existences; ko: 백 번의 생에서; note: attabhāva(자아의 상태, 생)와 sata(백)의 복합어 처격이다.; pali: attabhāvasate | gloss: without craving or fear; ko: 갈망이 없는; note: ni(없는)와 paritasa(갈망, 두려움)의 결합이다.; pali: nipparitasaṃ	tiracchānagate는 형태상 처격이지만 문맥상 여격('축생에게')의 의미로 쓰였다. | nipparitasaṃ karoti는 보시의 과보가 결핍이나 갈망이 없게 만든다는 의미를 나타내는 구문이다.	주석서는 축생에게 주는 보시라도 단순히 애완동물을 기르거나 가축의 노동력에 보답하는 차원이 아니라, 과보를 바라고 자비심으로 충분히 베푸는 것이 진정한 보시의 과보를 낳는다고 설명한다.	nipparitasaṃ karoti의 정확한 뉘앙스가 '두려움이 없게 한다'인지 '갈망(결핍)이 없게 한다'인지 불확실하나, 문맥상 과보로 인한 풍족함을 나타내므로 '갈망이 없게 한다'로 해석했다.	
229	vri:romn:s0502a.att:c67c2bf9e603	romn/s0502a.att.xml	c0bf82462aa52abe05c9a2c3115a2cdb2dd56cb5904f3bce41c46e02ff13b4ba	atthakatha	prose	long	representative	representative_stratified	sutta	Khuddakanikāye	succeeded	True	False	Teyeva ekasmiñhi samaye teneva kāraṇena purimasikkhāpade sattarasavaggiye pahariṃsu. Teneva kāraṇena tesaṃ talasattikaṃ uggiriṃsu. Idhāpi satthā tesaṃ saddaṃ sutvā ‘‘kiṃ ida’’nti pucchitvā ‘‘idaṃ nāmā’’ti ārocite ‘‘na, bhikkhave, ito paṭṭhāya bhikkhunā nāma evaṃ kattabbaṃ, yo karoti, so imaṃ nāma āpattiṃ āpajjatī’’ti talasattikasikkhāpadaṃ (pāci. 454 ādayo) paññāpetvā, ‘‘bhikkhave, bhikkhunā nāma ‘yathā ahaṃ, tatheva aññepi daṇḍassa tasanti, yathā ca mayhaṃ, tatheva nesaṃ jīvitaṃ piya’nti ñatvā paro na paharitabbo na ghāṭetabbo’’ti vatvā anusandhiṃ ghaṭetvā dhammaṃ desento imaṃ gāthamāha –	"참으로 어느 때에 바로 그들이 바로 그 이유로 이전의 학습계에서 17인 비구 무리를 때렸다. 바로 그 이유로 그들에게 손바닥을 치켜들었다. 여기서도 스승께서 그들의 소리를 듣고 ""이것이 무엇이냐?""라고 묻고, ""이러이러한 것입니다""라고 아뢰어지자, ""비구들이여, 지금부터 비구라는 자에 의해 이와 같이 행해져서는 안 된다. 누구든 행하는 자, 그는 이러이러한 범계에 떨어진다""라고 손바닥을 치켜드는 것에 대한 학습계(빠찟띠야 454 등)를 제정하시고, ""비구들이여, 비구라는 자는 '나와 같이 다른 이들도 몽둥이를 두려워한다. 그리고 나에게 그러하듯 그들에게도 목숨은 사랑스럽다'라고 알아서, 다른 이를 때려서는 안 되고 죽여서는 안 된다""라고 말씀하시고, 연결고리를 지어 법을 설하시며 이 게송을 말씀하셨다."	"어느 때에 바로 그들(6인 비구 무리)이 이전의 학습계 제정 때와 같은 이유로 17인 비구 무리를 때렸다. 바로 그 이유로 그들을 향해 손바닥을 치켜들었던 것이다. 여기서도 스승께서 그들의 소리를 들으시고 ""이것이 무슨 소리냐?""라고 물으셨다. ""이러이러한 일입니다""라고 전말이 아뢰어지자, ""비구들이여, 지금부터 비구는 이와 같이 행동해서는 안 된다. 누구든 그렇게 하는 자는 이러이러한 범계에 해당한다""라고 하시며 손바닥을 치켜드는 행위에 대한 학습계(빠찟띠야 454 등)를 제정하셨다. 이어서 ""비구들이여, 비구라면 '나와 같이 다른 이들도 폭력을 두려워한다. 나에게 내 목숨이 소중하듯 그들에게도 그들의 목숨이 소중하다'라는 것을 알아서, 다른 이를 때려서는 안 되고 죽여서도 안 된다""라고 말씀하신 뒤, 이야기의 연결고리를 지어 법을 설하시며 이 게송을 읊으셨다."	gloss: training rule; ko: 학습계; note: 계율의 개별 조항을 가리키는 표준 용어이다.; pali: sikkhāpada | gloss: raising the palm to strike; ko: 손바닥을 치켜듦; note: 손바닥을 무기처럼 사용하여 때리려고 위협하는 행위를 뜻한다.; pali: talasattika | gloss: offense; ko: 범계; note: 계율을 어긴 죄나 허물을 의미한다.; pali: āpatti | gloss: stick, punishment; ko: 몽둥이; note: 문자 그대로는 몽둥이를 뜻하나, 문맥상 폭력이나 형벌 일반을 대유적으로 가리킨다.; pali: daṇḍa | gloss: connection; ko: 연결고리; note: 주석서에서 앞의 인연담과 뒤의 게송/법문을 자연스럽게 잇는 것을 표현할 때 자주 쓰인다.; pali: anusandhi	ārocite는 처소격 절대구문(Locative Absolute)으로, 비구들에 의해 부처님께 사건의 전말이 '아뢰어졌을 때'를 의미한다. | na paharitabbo na ghāṭetabbo는 미래수동분사(gerundive)가 사용되어 '~해서는 안 된다'는 강한 의무와 금지를 나타낸다.	이 단락은 율장의 빠찟띠야(Pācittiya, 참회제) 제74조(손바닥을 치켜듦)가 제정된 배경과 법구경 제129게송이 설해진 인연을 연결하여 설명하고 있다.	purimasikkhāpade를 직역하면 '이전의 학습계에서'가 되나, 문맥상 '이전의 학습계(때리는 행위에 대한 빠찟띠야 제73조)가 제정되었을 때와 같은 상황에서'로 해석하는 것이 더 개연성이 높다.	
230	vri:romn:s0303a.att:8b60247be363	romn/s0303a.att.xml	e64a2a9c47f63136300bddeb185035099363f3576efabf781dfb98cad01f3f3e	atthakatha	prose	long	representative	representative_stratified	sutta	Saṃyuttanikāye	succeeded	True	False	Ambilampi vijānātīti ambaambāṭakamātuluṅgādiambilaṃ ‘‘ambila’’nti vijānāti. Eseva nayo sabbapadesu. Api cettha tittakanti nimbapaṭolādinānappakāraṃ kaṭukanti pippalimaricādinānappakāraṃ. Madhuranti sappiphāṇitādinānappakāraṃ. Khārikanti vātiṅgaṇanāḷikera caturassavallivettaṅkurādinānappakāraṃ. Akhārikanti yaṃ vā taṃ vā phalajātaṃ kārapaṇṇādimissakapaṇṇaṃ. Loṇikanti loṇayāguloṇamacchaloṇabhattādinānappakāraṃ. Aloṇikantialoṇayāgualoṇamacchaaloṇabhattādinānappakāraṃ. Tasmā viññāṇanti vuccatīti yasmā imaṃ ambilādibhedaṃ aññamaññavisiṭṭhena ambilādibhāvena jānāti, tasmā viññāṇanti vuccatīti. Evamidhāpi bhagavā vijānanalakkhaṇassa viññāṇassa paccattalakkhaṇameva bhājetvā dassesi.	'신맛도 안다'라는 것은 망고, 암바따까, 마뚤룽가 등의 신맛을 '신맛'이라고 아는 것이다. 이와 같은 방법이 모든 구절들에 (적용된다). 그리고 여기서 '쓴맛'이라는 것은 님바, 빠똘라 등의 다양한 종류를 (말한다). '매운맛'이라는 것은 긴후추, 후추 등의 다양한 종류를 (말한다). '단맛'이라는 것은 기, 당밀 등의 다양한 종류를 (말한다). '떫은맛'이라는 것은 가지, 코코넛, 네모난 덩굴, 등나무 싹 등의 다양한 종류를 (말한다). '떫지 않은 맛'이라는 것은 이러저러한 과일 종류나 까라 잎 등이 섞인 잎을 (말한다). '짠맛'이라는 것은 소금죽, 소금에 절인 생선, 소금밥 등의 다양한 종류를 (말한다). '짜지 않은 맛'이라는 것은 소금 없는 죽, 소금 없는 생선, 소금 없는 밥 등의 다양한 종류를 (말한다). '그러므로 알음알이라고 불린다'라는 것은 이 신맛 등의 구분을 서로 구별되는 신맛 등의 상태로 알기 때문에, 그러므로 알음알이라고 불린다는 것이다. 이와 같이 여기서도 세존께서는 아는 것을 특징으로 하는 알음알이의 개별적인 특징만을 분류하여 보여주셨다.	'신맛도 안다'라는 것은 망고, 암바따까, 마뚤룽가 등의 신맛을 '신맛'이라고 아는 것이다. 이와 같은 방법이 모든 구절에 적용된다. 그리고 여기서 '쓴맛'이라는 것은 님바, 빠똘라 등의 다양한 종류를 말한다. '매운맛'이라는 것은 긴후추, 후추 등의 다양한 종류를 말한다. '단맛'이라는 것은 기(ghee), 당밀 등의 다양한 종류를 말한다. '떫은맛'이라는 것은 가지, 코코넛, 네모난 덩굴, 등나무 싹 등의 다양한 종류를 말한다. '떫지 않은 맛'이라는 것은 이러저러한 과일 종류나 까라 잎 등이 섞인 잎을 말한다. '짠맛'이라는 것은 소금죽, 소금에 절인 생선, 소금밥 등의 다양한 종류를 말한다. '짜지 않은 맛'이라는 것은 소금 없는 죽, 소금 없는 생선, 소금 없는 밥 등의 다양한 종류를 말한다. '그러므로 알음알이라고 불린다'라는 것은 이 신맛 등의 구분을 서로 구별되는 신맛 등의 상태로 알기 때문에, 그러므로 알음알이라고 불린다는 것이다. 이와 같이 여기서도 세존께서는 아는 것을 특징으로 하는 알음알이의 개별적인 특징만을 분류하여 보여주셨다.	gloss: consciousness; ko: 알음알이; note: 대상을 아는 작용을 하는 마음을 가리킨다.; pali: viññāṇa | gloss: cognizing; ko: 아는 것; note: 알음알이(viññāṇa)의 특징적인 작용을 나타낸다.; pali: vijānana | gloss: individual characteristic; ko: 개별적인 특징; note: 각각의 법이 가지는 고유한 특징(자상)을 의미한다.; pali: paccattalakkhaṇa	ambilādibhedaṃ은 '신맛 등의 구분'을 뜻하며, aññamaññavisiṭṭhena는 '서로 구별되는'이라는 의미로 도구격으로 쓰여 ambilādibhāvena를 수식한다.	이 주석은 알음알이(viññāṇa)가 대상을 분별하여 아는 작용을 다양한 맛을 구별하는 비유를 통해 설명하고 있다. | paccattalakkhaṇa(개별적인 특징, 자상)는 무상·고·무아와 같은 보편적 특징(공상)과 대비되는, 해당 법만이 가지는 고유한 성질을 가리킨다.	ambāṭaka, mātuluṅga, nimba, paṭola, caturassavalli, kārapaṇṇa 등 고대 인도의 식물 명칭은 정확한 한국어 대응어를 찾기 어려워 음역을 우선 사용하였다.	
231	vri:romn:s0505a.att:cff48b1cdf6f	romn/s0505a.att.xml	dd2ed25e9c0a2946b3dfb43a0d38370dabf4d204792fad4e992da9dd7e097be6	atthakatha	prose	long	representative	representative_stratified	sutta	Khuddakanikāye	succeeded	True	False	846. Athassa bhagavā yathā yena upāyena taṃ padaṃ dhīrehi pakāsitaṃ, taṃ upāyaṃ sapaṭipakkhaṃ dassento ‘‘na diṭṭhiyā’’ti gāthamāha. Tattha ‘‘na diṭṭhiyā’’tiādīhi diṭṭhisutiaṭṭhasamāpattiñāṇabāhirasīlabbatāni paṭikkhipati. ‘‘Suddhimāhā’’ti ettha vuttaṃ āha-saddaṃ sabbattha nakārena saddhiṃ yojetvā purisabyattayaṃ katvā ‘‘diṭṭhiyā suddhiṃ nāhaṃ kathemī’’ti evamattho veditabbo. Yathā cettha, evaṃ uttarapadesupi. Tattha ca adiṭṭhiyā nāhāti dasavatthukaṃ sammādiṭṭhiṃ vinā na kathemi. Tathā assutiyāti navaṅgaṃ savanaṃ vinā. Añāṇāti kammassa katasaccānulomikañāṇaṃ vinā. Asīlatāti pātimokkhasaṃvaraṃ vinā. Abbatāti dhutaṅgavataṃ vinā. Nopi tenāti tesu ekamekena diṭṭhiādimattenāpi no kathemīti evamattho veditabbo. Ete ca nissajja anuggahāyāti ete ca purime diṭṭhiādibhede kaṇhapakkhiye dhamme samugghātakaraṇena nissajja, pacchime adiṭṭhiādibhede sukkapakkhiye atammayatāpajjanena anuggahāya. Santo anissāya bhavaṃ na jappeti imāya paṭipattiyā rāgādivūpasamena santo cakkhādīsu kañci dhammaṃ anissāya ekampi bhavaṃ apihetuṃ apatthetuṃ samattho siyā, ayamassa ajjhattasantīti adhippāyo.	"846. 그러자 세존께서 그에게 어떻게, 어떤 방편으로 그 경지가 슬기로운 이들에 의해 드러내어졌는지, 그 방편을 반대되는 것과 함께 보여주시며 ""견해로써가 아니다""라는 게송을 말씀하셨다. 거기서 ""견해로써가 아니다"" 등으로 견해, 들음, 여덟 가지 등지의 앎, 불교 밖의 계율과 의례를 물리치신다. ""청정을 말한다""라고 여기에 설해진 '말한다(āha)'라는 단어를 모든 곳에서 '아니다(na)'라는 글자와 함께 연결하고 인칭을 바꾸어 ""나는 견해로써 청정을 말하지 않는다""라고, 이러한 의미로 알아야 한다. 그리고 여기에 그러하듯이, 뒤의 구절들에서도 이와 같다. 그리고 거기서 ""견해가 없음으로써 말하지 않는다""는 것은 열 가지 토대의 바른 견해 없이는 말하지 않는다는 것이다. 이와 같이 ""들음이 없음으로써""라는 것은 아홉 가지 부분의 들음 없이는 [말하지 않는다는 것이다]. ""앎이 없음으로써""라는 것은 업이 자신의 것임과 진리에 수순하는 앎 없이는 [말하지 않는다는 것이다]. ""계율이 없음으로써""라는 것은 빠띠목카 단속 없이는 [말하지 않는다는 것이다]. ""의례가 없음으로써""라는 것은 두타행의 의례 없이는 [말하지 않는다는 것이다]. ""또한 그것으로써도 아니다""라는 것은 그것들 중에서 각각 하나씩의 견해 등만으로도 말하지 않는다라고, 이러한 의미로 알아야 한다. ""이것들을 버리고 취하지 않음으로써""라는 것은 이러한 앞의 견해 등으로 분류되는 검은 편의 법들을 근절함으로써 버리고, 뒤의 견해 없음 등으로 분류되는 흰 편의 법들을 무집착에 도달함으로써 취하지 않음으로써 [청정을 말한다]. ""고요한 자는 의지하지 않고 존재를 갈망하지 않는다""라는 것은 이러한 도닦음으로 탐욕 등의 가라앉음으로 인해 고요한 자가 눈 등의 어떤 법에도 의지하지 않고 단 하나의 존재도 바라지 않고 갈망하지 않게 될 수 있다는 것이니, 이것이 그의 안으로 고요함이라는 의도이다."	"846. 그러자 세존께서는 마간디야에게 어떻게, 어떤 방편으로 슬기로운 이들이 그 경지를 드러내었는지, 그 방편을 반대되는 것과 함께 보여주시며 ""견해로써가 아니다""라는 게송을 말씀하셨다. 거기서 ""견해로써가 아니다"" 등의 구절로 견해, 들음, 여덟 가지 등지(팔정)의 앎, 불교 밖의 계율과 의례를 물리치신다. ""청정을 말한다""라고 여기에 설해진 '말한다(āha)'라는 단어를 모든 곳에서 '아니다(na)'라는 글자와 연결하고 인칭을 바꾸어 ""나는 견해로써 청정을 말하지 않는다""라는 의미로 알아야 한다. 그리고 여기에 그러하듯이, 뒤의 구절들에서도 이와 같다. 그리고 거기서 ""견해가 없음으로써 말하지 않는다""는 것은 열 가지 토대의 바른 견해 없이는 말하지 않는다는 것이다. 이와 같이 ""들음이 없음으로써""라는 것은 아홉 가지 부분(구분교)의 들음 없이는 말하지 않는다는 것이다. ""앎이 없음으로써""라는 것은 업이 자신의 것임과 진리에 수순하는 앎 없이는 말하지 않는다는 것이다. ""계율이 없음으로써""라는 것은 빠띠목카(계목) 단속 없이는 말하지 않는다는 것이다. ""의례가 없음으로써""라는 것은 두타행의 의례 없이는 말하지 않는다는 것이다. ""또한 그것으로써도 아니다""라는 것은 그것들 중에서 각각 하나씩의 견해 등만으로도 말하지 않는다는 의미로 알아야 한다. ""이것들을 버리고 취하지 않음으로써""라는 것은 앞서 말한 견해 등으로 분류되는 검은 편의 법들을 근절하여 버리고, 뒤에 말한 견해 없음 등으로 분류되는 흰 편의 법들을 무집착에 도달하여 취하지 않음으로써 청정을 말한다는 것이다. ""고요한 자는 의지하지 않고 존재를 갈망하지 않는다""라는 것은 이러한 도닦음으로 탐욕 등이 가라앉아 고요해진 자가 눈 등의 어떤 법에도 의지하지 않고 단 하나의 존재도 바라거나 갈망하지 않게 될 수 있다는 것이니, 이것이 그의 안으로 고요함이라는 뜻이다."	gloss: change of person; ko: 인칭의 변경; note: 문법적으로 동사의 인칭을 바꾸어 해석하는 것을 뜻한다.; pali: purisabyattaya | gloss: ownership of kamma; ko: 업이 자신의 것임; note: 업자성(業自性)을 의미하는 교리 용어이다.; pali: kammassakata | gloss: non-identification; ko: 무집착; note: 문맥상 대상과 동일시하지 않거나 집착하지 않는 상태를 뜻한다.; pali: atammayatā | gloss: by not taking up; ko: 취하지 않음으로써; note: 여기서는 an-uggahāya로 분석되어 취하지 않음을 의미한다.; pali: anuggahāya	purisabyattayaṃ katvā: '인칭을 바꾸어'라는 뜻으로, 3인칭 단수 동사 āha를 1인칭 단수 kathemi로 바꾸어 해석하라는 주석서의 문법적 지시이다. | anuggahāya: 여기서는 an-uggahāya로 분석되어 '취하지 않음으로써'라는 의미로 쓰였다. | kammassa katasaccānulomikañāṇaṃ: kammassakata(업이 자신의 것임)와 sacca(진리), anulomika-ñāṇa(수순하는 앎)의 복합어로, 업자성과 진리에 수순하는 앎을 뜻한다.	dasavatthukaṃ sammādiṭṭhiṃ: 보시, 제사, 헌공, 선악업의 과보, 이 세상, 저 세상, 어머니, 아버지, 화생하는 중생, 사문·바라문의 존재를 인정하는 세간적 바른 견해를 가리킨다. | kaṇhapakkhiye dhamme와 sukkapakkhiye: 검은 편의 법은 불선법을, 흰 편의 법은 선법을 의미하며, 여기서는 견해와 견해 없음 등을 각각 배대하여 설명하고 있다.	kammassa katasaccānulomikañāṇaṃ에서 kammassa kata를 kammassakata의 띄어쓰기 오류로 보고 번역하였으나, '업이 지은 진리'로 해석할 여지도 있다.	
232	vri:romn:s0507a.att:a4488e5d04e1	romn/s0507a.att.xml	72e5700a4f8b84c2006cd9fe380968cd4de4c9fae214f4e8941775c6fe654102	atthakatha	prose	long	representative	representative_stratified	sutta	Khuddakanikāye	succeeded	True	False	Evaṃ aṅkurena ‘‘dānaṃ dassāmī’’ti paṭiññāya katāya yakkho tuṭṭhamānaso ‘‘mārisa, tvaṃ vissattho dānaṃ dehi, ahaṃ pana te sahāyakiccaṃ karissāmi, yena te deyyadhammo na parikkhayaṃ gamissati, tena pakārena karissāmī’’ti taṃ dānakiriyāya samuttejetvā ‘‘brāhmaṇa vāṇija, tvaṃ kira mādise balakkārena netukāmo attano pamāṇaṃ na jānāsī’’ti tassa bhaṇḍamantaradhāpetvā taṃ yakkhavibhiṃsakāya bhiṃsāpento santajjesi. Atha naṃ aṅkuro nānappakāraṃ yācitvā brāhmaṇena khamāpento pasādetvā sabbabhaṇḍaṃ pākatikaṃ kārāpetvā rattiyā upagatāya yakkhaṃ vissajjetvā gacchanto tassa avidūre aññataraṃ ativiya bībhacchadassanaṃ petaṃ disvā tena katakammaṃ pucchanto –	"이와 같이 앙꾸라에 의해 ""보시를 주겠다""라고 약속이 행해졌을 때, 야차는 기쁜 마음으로 ""친구여, 그대는 안심하고 보시를 하라. 나는 그대에게 친구의 역할을 하겠다. 그대의 보시물이 소진되지 않도록, 그런 방식으로 하겠다""라고 그를 보시 행위에 고무시키고, ""바라문 상인이여, 그대는 나와 같은 자를 강제로 데려가고자 하면서 자신의 분수를 알지 못하는구나""라고 그의 상품을 사라지게 하고 그를 야차의 무서운 모습으로 겁을 주며 위협했다. 그러자 앙꾸라가 그에게 여러 가지로 간청하여 바라문으로 하여금 용서를 구하게 하여 달래고, 모든 상품을 원래대로 만들게 하고, 밤이 다가왔을 때 야차를 보내고 가다가, 그의 멀지 않은 곳에서 어떤 매우 끔찍한 모습의 아귀를 보고 그에 의해 지어진 업을 물으며 –"	"이와 같이 앙꾸라가 ""보시를 하겠다""라고 약속하자, 야차는 기쁜 마음으로 ""친구여, 그대는 안심하고 보시를 하라. 내가 그대에게 친구의 역할을 하겠다. 그대의 보시물이 소진되지 않도록 내가 돕겠다""라고 그를 보시 행위에 고무시켰다. 그리고 ""바라문 상인이여, 그대는 나와 같은 자를 강제로 데려가고자 하면서 자신의 분수를 알지 못하는구나""라고 말하며 그의 상품을 사라지게 하고 야차의 무서운 모습으로 그를 겁주며 위협했다. 그러자 앙꾸라가 야차에게 여러 가지로 간청하고 바라문이 용서를 구하게 하여 그를 달랬다. 모든 상품을 원래대로 되돌려 놓게 한 뒤, 밤이 다가오자 야차를 돌려보내고 길을 가던 중, 앙꾸라는 멀지 않은 곳에서 매우 끔찍한 모습의 아귀 하나를 보고 그가 지은 업을 물으며 (다음과 같이 게송을 읊었다) –"	gloss: yakkha; ko: 야차; note: 초자연적인 힘을 가진 존재를 가리킨다.; pali: yakkha | gloss: gift, offering; ko: 보시물; note: 보시할 물건을 의미한다.; pali: deyyadhamma | gloss: hungry ghost; ko: 아귀; note: 악업의 과보로 고통받는 존재를 가리킨다.; pali: peta | gloss: action, deed; ko: 업; note: 의도적 행위와 그 과보를 낳는 원인을 의미한다.; pali: kamma	paṭiññāya katāya와 rattiyā upagatāya는 처격 절대구문(Locative Absolute)으로, 각각 '약속이 행해졌을 때'와 '밤이 다가왔을 때'라는 상황을 나타낸다. | khamāpento는 사역 동사의 현재분사로, 앙꾸라가 바라문으로 하여금 야차에게 용서를 구하게 하는 동작을 나타낸다.	뻬따왓투(아귀사)의 전형적인 전개 방식으로, 살아있는 자가 아귀를 만나 그가 과거에 지은 악업을 묻고 인과응보의 가르침을 드러내는 구조를 보여준다.	yakkhavibhiṃsakāya는 '야차의 무서운 모습으로' 또는 '야차의 위협으로' 해석될 수 있으며, 여기서는 문맥상 무서운 모습으로 겁을 주는 것으로 번역했다.	
233	vri:romn:s0402a.att:a4c3b70768ea	romn/s0402a.att.xml	c3d75595c74ecc64e4e7229bd2e484c420b7295b23606ff267bec33a0b82c85d	atthakatha	prose	long	representative	representative_stratified	sutta	Aṅguttaranikāye	succeeded	True	False	Idhāti imasmiṃ sāsane. Iti paṭisañcikkhatīti evaṃ paccavekkhati. Akusalaṃ āpannoti ettha akusalanti āpatti adhippetā, āpattiṃ āpannoti attho. Kañcideva desanti na sabbameva āpattiṃ, āpattiyā pana kañcideva desaṃ aññataraṃ āpattinti attho. Kāyenāti karajakāyena. Anattamanoti atuṭṭhacitto. Anattamanavācanti atuṭṭhavācaṃ. Mamevāti maṃyeva. Tatthāti tasmiṃ adhikaraṇe. Accayo accagamāti aparādho atikkamitvā madditvā gato, ahamevettha aparādhiko. Suṅkadāyakaṃva bhaṇḍasminti yathā suṅkaṭṭhānaṃ pariharitvā nīte bhaṇḍasmiṃ suṅkadāyakaṃ aparādho abhibhavati, so ca tattha aparādhiko hoti, na rājāno na rājapurisāti attho.	'여기서(idhā)'라는 것은 이 교법(sāsana)에서이다. '이렇게 숙고한다(iti paṭisañcikkhatī)'라는 것은 이와 같이 반조하는 것이다. '불선에 빠졌다(akusalaṃ āpanno)'라는 것에서, 여기서 '불선'이라는 것은 범계(āpatti)가 의도된 것이니, 범계에 빠졌다는 뜻이다. '어떤 부분(kañcideva desaṃ)'이라는 것은 모든 범계가 아니라, 범계의 어떤 부분, 즉 어떤 특정한 범계라는 뜻이다. '몸으로(kāyenā)'라는 것은 업생의 몸(karajakāyena)으로이다. '불만족스러운(anattamano)'이라는 것은 기쁘지 않은 마음(atuṭṭhacitto)이다. '불만족스러운 말(anattamanavācaṃ)'이라는 것은 기쁘지 않은 말(atuṭṭhavācaṃ)이다. '나에게만(mamevā)'이라는 것은 단지 나를(maṃyeva)이다. '거기서(tatthā)'라는 것은 그 쟁사(adhikaraṇa)에서이다. '허물이 덮쳤다(accayo accagamā)'라는 것은 잘못(aparādho)이 넘어서고 짓밟고 갔으니, '나만이 여기서 잘못한 자이다'라는 것이다. '물건에 대해 세금 내는 자처럼(suṅkadāyakaṃva bhaṇḍasmiṃ)'이라는 것은, 마치 세관(suṅkaṭṭhāna)을 피해서 가져간 물건에 대해 세금 내는 자를 잘못이 압도하고, 그가 거기서 잘못한 자가 되며, 왕들이나 왕의 사람들이 (잘못한 자가) 아니라는 뜻이다.	'여기서'란 이 교법 안에서라는 뜻이다. '이렇게 숙고한다'란 이와 같이 반조한다는 뜻이다. '불선에 빠졌다'에서 '불선'이란 범계(āpatti)를 의도한 것이니, 범계에 빠졌다는 뜻이다. '어떤 부분'이란 모든 범계가 아니라 범계의 어떤 부분, 즉 어떤 특정한 범계를 가리킨다는 뜻이다. '몸으로'란 업으로 생겨난 몸으로라는 뜻이다. '불만족스러운'이란 기쁘지 않은 마음을 뜻한다. '불만족스러운 말'이란 기쁘지 않은 말을 뜻한다. '나에게만'이란 단지 나를 가리킨다. '거기서'란 그 쟁사(爭事)에서라는 뜻이다. '허물이 덮쳤다'란 잘못이 선을 넘고 짓밟고 지나갔으니, '나만이 여기서 잘못한 자이다'라는 뜻이다. '물건에 대해 세금 내는 자처럼'이란, 마치 세관을 피해 몰래 가져간 물건에 대해 세금 내는 자를 잘못이 압도하여 그가 거기서 잘못한 자가 되는 것이지, 왕들이나 왕의 사람들이 잘못한 자가 아니라는 뜻이다.	gloss: offense; ko: 범계; note: 율장 문맥에서 계율을 어긴 범죄나 허물을 뜻한다.; pali: āpatti | gloss: physical body born of kamma; ko: 업생의 몸; note: 과거의 업(kamma)을 원인으로 태어난 육신을 가리킨다.; pali: karajakāya | gloss: dispute; ko: 쟁사; note: 승가 내에서 발생하는 분쟁이나 법적 사안을 뜻한다.; pali: adhikaraṇa | gloss: fault; ko: 허물; note: 잘못이나 허물을 뜻하며, 여기서는 'accayo accagamā' 구문으로 쓰였다.; pali: accaya | gloss: tax station; ko: 세관; note: 세금을 징수하는 장소를 뜻한다.; pali: suṅkaṭṭhāna	주석서 특유의 'A-ti B' 구조가 반복되며, 이는 경전의 원어(A)를 주석어(B)로 풀이하는 방식이다. | accayo accagamā는 주격 명사(accayo)와 과거형 동사(accagamā)의 결합으로, 허물이 자신을 압도하거나 덮쳤다는 의미를 나타낸다. | suṅkadāyakaṃva bhaṇḍasmiṃ은 '물건(bhaṇḍasmiṃ)에 대해 세금 내는 자(suṅkadāyakaṃ)처럼(iva)'으로 분석되며, 밀수 상황을 비유한다.	경전 본문의 '불선(akusala)'을 일반적인 악행이 아니라 율장적 의미의 '범계(āpatti)'로 한정하여 해석하고 있다. | 이 주석은 승가 내의 쟁사(adhikaraṇa) 상황에서 자신의 잘못을 인정하고 참회하는 과정을 설명하고 있다.		
234	vri:romn:s0102a.att:44b0e05e27ce	romn/s0102a.att.xml	e196eecefda2aa53229b49010b5878f78ee170bf25270f787452046e97ce059b	atthakatha	prose	long	representative	representative_stratified	sutta	Dīghanikāye	succeeded	True	False	Antevāsikāpissa ‘‘amhākaṃ ācariyassa samaṇadhammaṃ kātuṃ gacchantassa tiṃsa vassāni, sakkhi nu kho visesaṃ nibbattetuṃ, nāsakkhī’’ti āvajjayamānā ‘‘arahattaṃ patvā pādadhovanatthaṃ nisinno’’ti disvā ‘‘amhākaṃ ācariyo amhādisesu antevāsikesu tiṭṭhantesu ‘attanāva pāde dhovissatī’ti aṭṭhānametaṃ, ahaṃ dhovissāmi ahaṃ dhovissāmī’’ti tiṃsasahassānipi ākāsena gantvā vanditvā ‘‘pāde dhovissāma, bhante’’ti āhaṃsu. Āvuso, idāni tiṃsa vassāni honti mama pādānaṃ adhotānaṃ, tiṭṭhatha, tumhe, ahameva dhovissāmīti.	"그의 제자들도 ""우리 스승께서 사문법을 행하러 가신 지 30년이다. 과연 특별함을 성취할 수 있었을까, 할 수 없었을까?""라고 숙고하면서 ""아라한과에 도달하여 발을 씻기 위해 앉아 계신다""라고 보고서 ""우리 스승께서 우리 같은 제자들이 있는데 '스스로 발을 씻으실 것이다'라는 것은 있을 수 없는 일이다. 내가 씻겨드리겠다, 내가 씻겨드리겠다""라고 3만 명이나 허공으로 가서 절하고 ""대덕이시여, 저희가 발을 씻겨드리겠습니다""라고 말했다. ""도반들이여, 내 발이 씻기지 않은 지 이제 30년이 되었다. 그대들은 멈추어라. 나 자신이 씻을 것이다""라고 [말했다]."	"그의 제자들도 ""우리 스승께서 사문법을 닦으러 가신 지 30년이 지났다. 과연 수승한 경지를 성취하셨을까, 못 하셨을까?""라고 숙고하다가, ""아라한과에 도달하여 발을 씻기 위해 앉아 계신다""라는 것을 보고서 ""우리 스승께서 우리 같은 제자들이 버젓이 있는데 '스스로 발을 씻으실 것이다'라는 것은 있을 수 없는 일이다. 내가 씻겨드리겠다, 내가 씻겨드리겠다""라며 3만 명이나 되는 제자들이 허공을 날아가 절을 올리고 ""대덕이시여, 저희가 발을 씻겨드리겠습니다""라고 말했다. 그러자 장로는 ""도반들이여, 내 발을 씻지 않은 지 이제 30년이 되었다. 그대들은 가만히 있으라. 내 발은 내가 직접 씻을 것이다""라고 말했다."	gloss: pupil; ko: 제자; note: 스승과 함께 머물며 배우는 제자를 뜻한다.; pali: antevāsika | gloss: ascetic duties; ko: 사문법; note: 사문으로서 마땅히 닦아야 할 명상 수행 등의 의무를 가리킨다.; pali: samaṇadhamma | gloss: distinction; ko: 특별함; note: 주석서 문맥에서 선정이나 도과(道果)와 같은 수승한 깨달음의 경지를 의미한다.; pali: visesa | gloss: arahantship; ko: 아라한과; note: 수행의 최종 단계인 아라한의 경지를 뜻한다.; pali: arahatta | gloss: impossibility; ko: 있을 수 없는 일; note: 이치에 맞지 않거나 불가능한 상황을 나타낸다.; pali: aṭṭhāna	amhādisesu antevāsikesu tiṭṭhantesu는 처격 절대구문(Locative Absolute)으로 '우리 같은 제자들이 있는 상황에서'라는 동시적 상황을 나타낸다. | mama pādānaṃ adhotānaṃ은 속격 구문으로 '씻기지 않은 내 발의 (30년)'이라는 의미를 지닌다.	samaṇadhamma(사문법)는 출가자가 일상적으로 실천해야 하는 지관(止觀) 등의 수행을 포괄적으로 일컫는 용어이다.	마지막 문장 ahameva dhovissāmīti 뒤에 화자(장로)를 명시하는 동사가 생략되어 있어, 자연역에서는 문맥에 맞게 '그러자 장로는 ~라고 말했다'로 보충하여 번역하였다.	
235	vri:romn:s0403a.att:3a2c6c80bebc	romn/s0403a.att.xml	6448a48a91e234c4652fbd11e8b60ee3cf7e0eea3291bd13428e1cf077dcdd2a	atthakatha	prose	long	representative	representative_stratified	sutta	Aṅguttaranikāye	succeeded	True	False	Upaṭṭhitā pāricariyeti pāricariyāya paccupaṭṭhitā. Bhāvayanti anussatinti anuttaraṃ anussatiṃ bhāventi. Vivekappaṭisaṃyuttanti nibbānanissitaṃ katvā. Khemanti nirupaddavaṃ. Amatagāminanti nibbānagāminaṃ, ariyamaggaṃ bhāventīti attho. Appamāde pamoditāti satiyā avippavāsasaṅkhāte appamāde āmoditā pamoditā. Nipakāti nepakkena samannāgatā. Sīlasaṃvutāti sīlena saṃvutā pihitā. Te ve kālena paccentīti te ve yuttappayuttakāle jānanti. Yattha dukkhaṃ nirujjhatīti yasmiṃ ṭhāne sakalaṃ vaṭṭadukkhaṃ nirujjhati, taṃ amataṃ mahānibbānaṃ te bhikkhū jānantīti. Imasmiṃ sutte cha anuttariyāni missakāni kathitānīti.	'시중듦이 확립된(upaṭṭhitā pāricariyā)'이란 시중듦으로 확립된 것이다. '수념을 닦는다(bhāvayanti anussatiṃ)'란 위없는 수념을 닦는 것이다. '떨쳐버림과 결합된(vivekappaṭisaṃyuttaṃ)'이란 열반에 의지하게 하여서이다. '안온한(khemaṃ)'이란 재난이 없는 것이다. '불사로 인도하는(amatagāminaṃ)'이란 열반으로 인도하는, 성스러운 도를 닦는다는 뜻이다. '방일하지 않음에 기뻐하는(appamāde pamoditā)'이란 마음챙김이 떠나지 않음이라 불리는 방일하지 않음에 즐거워하고 기뻐하는 것이다. '슬기로운(nipakā)'이란 슬기로움을 갖춘 것이다. '계로 단속하는(sīlasaṃvutā)'이란 계로 단속하고 닫힌 것이다. '그들은 참으로 때에 맞게 안다(te ve kālena paccenti)'란 그들은 참으로 적절하고 알맞은 때에 안다는 것이다. '어디서 괴로움이 소멸하는지(yattha dukkhaṃ nirujjhati)'란 어떤 장소에서 모든 윤회의 괴로움이 소멸하는지, 그 불사인 대열반을 그 비구들은 안다는 것이다. 이 경에서 여섯 가지 위없는 것들이 섞여서 설해졌다.	'시중듦이 확립된'이란 시중듦으로 확립된 것을 말한다. '수념을 닦는다'란 위없는 수념을 닦는 것을 말한다. '떨쳐버림과 결합된'이란 열반에 의지하게 하는 것을 말한다. '안온한'이란 재난이 없는 것을 말한다. '불사로 인도하는'이란 열반으로 인도하는 성스러운 도를 닦는다는 뜻이다. '방일하지 않음에 기뻐하는'이란 마음챙김이 떠나지 않음이라 불리는 방일하지 않음에 즐거워하고 기뻐하는 것을 말한다. '슬기로운'이란 슬기로움을 갖춘 것을 말한다. '계로 단속하는'이란 계로 단속하고 닫힌 것을 말한다. '그들은 참으로 때에 맞게 안다'란 그들은 참으로 적절하고 알맞은 때에 안다는 것을 말한다. '어디서 괴로움이 소멸하는지'란 어떤 장소에서 모든 윤회의 괴로움이 소멸하는지, 그 불사(不死)인 대열반을 그 비구들이 안다는 것을 말한다. 이 경에서는 여섯 가지 위없는 것들이 섞여서 설해졌다.	gloss: recollection; ko: 수념; note: 명상 주제로서 지속적으로 기억하고 챙기는 것을 의미한다.; pali: anussati | gloss: connected with seclusion; ko: 떨쳐버림과 결합된; note: 떨쳐버림(viveka)과 결합된 상태를 나타낸다.; pali: vivekappaṭisaṃyutta | gloss: leading to the deathless; ko: 불사로 인도하는; note: 불사(열반)로 이끄는 성질을 의미한다.; pali: amatagāmin | gloss: heedfulness; ko: 방일하지 않음; note: 마음챙김을 놓치지 않고 깨어있는 상태를 뜻한다.; pali: appamāda | gloss: mixed; ko: 섞인; note: 여러 요소가 혼합되어 설해졌음을 나타낸다.; pali: missaka	주석서 특유의 'A'ti B 구문이 연속되어 원어(A)를 주석적 표현(B)으로 풀이하고 있다. | satiyā avippavāsasaṅkhāte는 '마음챙김(sati)이 떠나지 않음(avippavāsa)이라 불리는(saṅkhāta)'이라는 의미의 복합어이다. | pacceti는 본래 '돌아오다, 의지하다' 등의 뜻이나, 여기서는 jānanti(안다)로 풀이되어 인식의 의미로 쓰였다.	방일하지 않음(appamāda)을 '마음챙김이 떠나지 않음'으로 정의하여, 방일하지 않음의 핵심이 마음챙김의 유지에 있음을 명확히 한다. | 불사(amata)로 인도하는 것을 성스러운 도(ariyamagga)를 닦는 것으로, 괴로움이 소멸하는 곳을 대열반(mahānibbāna)으로 교리적으로 해설하고 있다.		
236	vri:romn:s0404t.tik:404267c536b6	romn/s0404t.tik.xml	a5f7bc25efced8778dcbffb03c9d6592008edff14df762e02993087ab3329bf5	tika	verse	short	representative	representative_stratified	sutta	Aṅguttaranikāye	succeeded	True	False	‘‘Atricchaṃ atilobhena, atilobhamadena cā’’ti. ca vuttaṃ;	''지나친 탐욕으로 인해, 그리고 지나친 탐욕의 취함으로 인해 지나친 욕심을 [부린다]''라고 또한 말해졌다.	''지나친 탐욕으로 인해, 그리고 지나친 탐욕의 취함으로 인해 지나치게 욕심을 부린다''라고 또한 설해졌다.	gloss: excessive desire; ko: 지나친 욕심을; note: ati와 icchā의 결합으로 지나친 욕심을 의미한다.; pali: atricchaṃ | gloss: by excessive greed; ko: 지나친 탐욕으로 인해; note: ati-lobha의 도구격으로 원인을 나타낸다.; pali: atilobhena | gloss: intoxication, pride; ko: 취함; note: 탐욕으로 인해 이성을 잃고 취한 상태를 의미한다.; pali: mada	atricchaṃ은 atricchā(지나친 욕심)의 대격으로, 뒤에 생략된 동사의 목적어 역할을 하거나 부사적으로 쓰인 것으로 보인다. | atilobhena와 atilobhamadena는 원인이나 이유를 나타내는 도구격이다.	탐욕(lobha)이 지나치면 취함(mada)을 일으키고, 이는 다시 지나친 욕심(atricchā)으로 이어진다는 점을 보여주는 인용구이다.	atricchaṃ 뒤에 생략된 동사가 명확하지 않아 문맥에 맞게 '부린다' 또는 '생긴다'로 보충하여 해석할 여지가 있다.	
237	vri:romn:vin02t.tik:c0418954f483	romn/vin02t.tik.xml	183bb9744a89c2e38a4d170d62a28b7c5f6a2409877f05675f186fd0da56fe1f	tika	prose	short	representative	representative_stratified	vinaya	Vinayapiṭake	succeeded	True	False	420. Tena ca bhikkhu nimantetabboti sāmīcidassanametaṃ, na pana animantiyā āpatti.	'그리고 그에 의해 비구는 초청되어야 한다'라는 것은 이것은 적절한 예의를 보여주는 것이다. 그러나 초청하지 않고서 [하더라도] 범계는 아니다.	'그리고 그에 의해 비구는 초청되어야 한다'라고 한 것은 적절한 예의를 보여주는 것이다. 그러나 초청하지 않는다고 해서 범계가 되는 것은 아니다.	gloss: proper behavior; ko: 적절한 예의; note: 승가 내에서 합당하고 적절한 행위나 예의범절을 의미한다.; pali: sāmīci | gloss: offense; ko: 범계; note: 계율을 어겨 발생하는 죄나 범계를 가리킨다.; pali: āpatti | gloss: to be invited; ko: 초청되어야 하는; note: nimanteti(초청하다)의 미래수동분사이다.; pali: nimantetabba	sāmīcidassanametaṃ은 sāmīcidassanaṃ과 etaṃ이 결합된 연음이다. | animantiyā는 부정 접두사 a-와 동사 nimanteti가 결합된 절대분사(gerund) 형태로 쓰여 '초청하지 않고서'라는 의미를 나타낸다.	율장 복주석 문맥에서 특정 지침이 의무적인 계율 조항(범계)인지, 아니면 승가의 적절한 예의(sāmīci)를 나타내는 것인지를 명확히 구분하고 있다.	animantiyā를 문맥상 절대분사(gerund)로 해석하였으나, 형태상 여성형 명사의 조격이나 탈격일 가능성도 배제할 수 없다.	
238	vri:romn:s0201t.tik:ec7a4635cd7b	romn/s0201t.tik.xml	462ea8c7f3416a8488c5871e06da2c4f3db0ce628a6627adf2e26a065acc9671	tika	prose	short	representative	representative_stratified	sutta	Majjhimanikāye	succeeded	True	False	Vaṭṭaṃ tesaṃ natthi paññāpanāya sabbaso samucchinnavaṭṭamūlakattā.	윤회의 뿌리가 완전히 끊어졌기 때문에, 그들에게는 천명하기 위한 윤회가 없다.	그들은 윤회의 뿌리가 완전히 끊어졌기 때문에, 그들을 지칭할 만한 윤회가 없습니다.	gloss: round of rebirths; ko: 윤회; note: 생사윤회의 굴레를 의미한다.; pali: vaṭṭa | gloss: designation, manifestation; ko: 천명함; note: 어떤 상태나 존재를 지칭하거나 규정하는 것을 의미한다.; pali: paññāpanā | gloss: completely cut off; ko: 완전히 끊어진; note: 번뇌나 윤회의 사슬이 완전히 단절된 상태를 나타낸다.; pali: samucchinna	samucchinnavaṭṭamūlakattā는 '완전히 끊어진(samucchinna) 윤회(vaṭṭa)의 뿌리(mūlaka) 상태(-ttā)'라는 의미의 복합어로, 탈격으로 쓰여 원인(~이기 때문에)을 나타낸다. | paññāpanāya는 paññāpanā(천명함, 지칭함)의 여격으로, 목적(~하기 위한)을 나타낸다.	아라한은 윤회의 근본 원인인 무명과 갈애가 완전히 소멸했기 때문에, 더 이상 어떠한 윤회적 존재 상태로도 규정되거나 지칭될 수 없음을 설명하는 구절이다.		
239	vri:romn:abh01t.tik:a3d738af592d	romn/abh01t.tik.xml	3c919937822d3dad8e1c52733f0b8d5338a88ef498d8bcda4c40eb38f1899810	tika	prose	short	representative	representative_stratified	abhidhamma	Abhidhammapiṭake	succeeded	True	False	402. Pariharaṇatthaṃ vikkhittā hutvā ussāhaṃ janentā ‘‘pariharaṇatthaṃ saussāhā’’ti vuttā, tesaṃ.	유지하기 위해 산란하게 되어 열의를 일으키는 자들은 '유지하기 위해 열의를 가진 자들'이라고 일컬어지니, 그들의 [것이다].	유지하기 위해 마음이 산란해져서 열의를 일으키는 자들을 두고 '유지하기 위해 열의를 가진 자들'이라고 부르니, [이것은] 그들에 대한 [설명]이다.	gloss: maintenance, protection; ko: 유지; note: 대상을 유지하거나 보호하는 것을 의미한다.; pali: pariharaṇa | gloss: distracted, scattered; ko: 산란한; note: 마음이 들뜨거나 흩어진 상태를 가리킨다.; pali: vikkhitta | gloss: effort, endeavor; ko: 열의; note: 분발하거나 노력하는 마음 상태를 의미한다.; pali: ussāha	tesaṃ은 지시대명사 ta의 복수 속격으로, 주석서에서 해설의 대상이 되는 이들을 가리키며 문장 끝에 부가적으로 쓰였다. | vikkhittā hutvā는 '산란하게 되어'라는 뜻으로, 과거분사 vikkhitta와 절대분사 hutvā가 결합된 형태이다.	이 구절은 해로운 마음과 관련된 해설에서, 특정한 대상을 유지하거나 보호하기 위해 마음이 들뜨고 열의를 내는 상태를 설명하고 있다.	tesaṃ이 정확히 어떤 명사를 수식하거나 가리키는지 앞 문맥이 생략되어 있어, '[이것은] 그들에 대한 [설명]이다'로 추정하여 번역하였다.	
240	vri:romn:s0101t.tik:6a66539651b0	romn/s0101t.tik.xml	d4397c034a71d02445f0fb92c97ffa46de115c260f111537b772341a1f7a394c	tika	prose	short	representative	representative_stratified	sutta	Dīghanikāye	succeeded	True	False	Aparesupīti ettha pisaddena pāramiparicayampi saṅgaṇhāti. Vuttañhi buddhavaṃse –	'다른 것들에서도'라는 여기서 '도(pi)'라는 단어로 바라밀의 축적도 포함한다. 왜냐하면 붓다방사에서 설해졌기 때문이다 –	'다른 것들에서도'라는 구절에서 '도(pi)'라는 단어는 바라밀의 축적도 포함한다. 참으로 붓다방사(불종성경)에서 다음과 같이 설해졌다.	gloss: accumulation of perfections; ko: 바라밀의 축적; note: pāramī(바라밀)와 paricaya(축적, 익힘)의 복합어이다.; pali: pāramiparicaya | gloss: Buddhavaṃsa; ko: 붓다방사; note: 쿳다까 니까야(소부)에 속하는 경전 이름이다.; pali: buddhavaṃsa	Aparesupīti는 aparesu(다른 것들에서도)와 pi(도), 인용 불변화사 iti가 결합된 형태이다. | pisaddena는 불변화사 pi와 sadda(단어, 소리)의 도구격이 결합하여 'pi라는 단어로'라는 의미를 나타낸다.	바라밀의 축적(pāramiparicaya)은 부처님이 되기 위해 오랜 세월 동안 닦아온 완성(바라밀)의 실천을 의미한다.		
241	vri:romn:vin01t1.tik:867d627f59ce	romn/vin01t1.tik.xml	8cdd9539d747ceb704f826d848cd62f315881c798b25b4d65b176c1feef7a6b5	tika	prose	short	representative	representative_stratified	vinaya	Vinayapiṭake	succeeded	True	False	Evaṃ natthi etassa raho gamanaṃ gatīsu paccājātītipi arahaṃ. Tenedaṃ vuccati –	이와 같이 이에게 갈 곳들에 다시 태어남이라는 은밀한 감이 없으므로 아라한이다. 그러므로 이것이 말해진다 –	이와 같이 그에게는 갈 곳들에 다시 태어남이라는 은밀한 감이 없기 때문에 아라한이다. 그러므로 다음과 같이 말해진다.	gloss: Arahant; ko: 아라한; note: 이 문맥에서는 '은밀함(raho)이 없음'이라는 어원적 해석의 대상이 된다.; pali: arahaṃ | gloss: destiny; ko: 갈 곳; note: 중생이 윤회하여 태어나는 세계를 가리킨다.; pali: gati | gloss: rebirth; ko: 다시 태어남; note: 윤회계에 다시 태어나는 것을 의미한다.; pali: paccājāti | gloss: secret; ko: 은밀함; note: 아라한(arahaṃ)의 어원을 설명하기 위해 사용된 단어이다.; pali: raho	paccājātītipi는 paccājāti(다시 태어남) + iti(라고) + pi(도)의 연음이다. | raho gamanaṃ은 '은밀한 감'으로, gatīsu paccājāti(갈 곳들에 다시 태어남)와 동격으로 쓰여 아라한(arahaṃ)의 어원(a-raha)을 설명한다.	주석서 문헌에서 아라한(arahaṃ)의 어원을 '은밀함(raho)이 없음'으로 해석하는 대목 중 하나로, 여기서는 윤회의 세계에 다시 태어나는 은밀한 움직임이 없다는 의미로 풀이하고 있다.		
242	vri:romn:vin01t1.tik:d9ccd2b62d48	romn/vin01t1.tik.xml	90ec29876f5b72cbeb4530a4d6be9a240216dfb19c3702e22cb6db88daef82e5	tika	verse	short	representative	representative_stratified	vinaya	Vinayapiṭake	succeeded	True	False	‘‘Ākāsamhi nisīditvā, tejodhātuvasena so; Yathāruci adhiṭṭhāya, sarīraṃ parinibbuto.	그는 허공에 앉아서, 불의 요소의 힘으로, 뜻대로 몸을 결심하고서, 완전한 열반에 들었다.	그는 허공에 앉아 불의 요소의 힘으로 뜻대로 몸을 결심하고서 완전한 열반에 들었다.	gloss: fire element; ko: 불의 요소; note: 사대 요소 중 하나인 화계를 의미한다.; pali: tejodhātu | gloss: having resolved; ko: 결심하고서; note: adhiṭṭhāti의 절대분사로, 신통이나 특별한 의도를 세우는 것을 나타낸다.; pali: adhiṭṭhāya | gloss: attained parinibbāna; ko: 완전한 열반에 들었다; note: 아라한의 죽음을 의미한다.; pali: parinibbuto	nisīditvā와 adhiṭṭhāya는 절대분사로 주어 so(그는)의 연속된 동작을 나타낸다. | tejodhātuvasena는 도구격으로 수단이나 방법을 나타낸다.	아라한이 완전한 열반에 들 때 화계(불의 요소)에 들어 스스로 몸을 태우는 신통력을 보여주는 장면을 묘사한 것이다.	yathāruci adhiṭṭhāya sarīraṃ은 '몸을 뜻대로 결심하고서'로 직역되는데, 문맥상 사리를 남기거나 남기지 않도록 몸의 상태를 결심하는 것을 의미할 가능성이 높다.	
243	vri:romn:vin01t2.tik:195c065cc5d3	romn/vin01t2.tik.xml	ab57256b54098488f1e9fa637384b423cb64c035f2a524a19fac2feacf76ac6e	tika	prose	short	representative	representative_stratified	vinaya	Vinayapiṭake	succeeded	True	False	Ayaṃ bhāvanā assāsapassāsakāyānupassanāti katvā vuttaṃ ‘‘kāyānupassanāsatipaṭṭhānabhāvanā sampajjatī’’ti.	이 수행을 들숨날숨 몸 관찰이라고 하여, '몸 관찰 마음챙김의 확립 수행이 성취된다'라고 설해졌다.	이 수행을 들숨날숨이라는 몸 관찰로 간주하여, '몸 관찰이라는 마음챙김의 확립 수행이 성취된다'라고 설해진 것이다.	gloss: development, cultivation; ko: 수행; note: 마음의 계발이나 수행을 의미한다.; pali: bhāvanā | gloss: in-breathing and out-breathing; ko: 들숨날숨; note: 호흡을 가리키는 표준 용어이다.; pali: assāsapassāsa | gloss: contemplation of the body; ko: 몸 관찰; note: 사념처 중 첫 번째인 신수관을 의미한다.; pali: kāyānupassanā | gloss: establishment of mindfulness; ko: 마음챙김의 확립; note: 사념처 수행을 가리킨다.; pali: satipaṭṭhāna	katvā는 iti와 함께 쓰여 '~라고 간주하여', '~라고 여겨서'라는 의미를 나타낸다.	들숨날숨을 몸(kāya)의 일종으로 간주하기 때문에, 들숨날숨에 대한 마음챙김이 곧 몸 관찰(kāyānupassanā) 마음챙김의 확립을 성취하는 것이라고 설명하는 대목이다.		
244	vri:romn:s0101t.tik:14f01d855b04	romn/s0101t.tik.xml	2ffc311b888b9d63846a4f8faafc667ea81c4d6933cad66c10fc49277aefe033	tika	prose	short	representative	representative_stratified	sutta	Dīghanikāye	succeeded	True	False	Upāsanatoti teneva saraṇagamanena, tattha ca sakkaccakiriyāya ādara gāravabahumānādiyogena payirupāsanato.	'모시는 것으로부터'라는 것은, 바로 그 귀의함으로 인해, 그리고 그에 대해 공경하여 행함으로, 존중, 공경, 존경 등과 결합하여 섬기는 것으로부터 [이다].	'모시는 것(upāsanā)으로부터'라고 한 것은, 바로 그 귀의함으로 인해, 그리고 그 귀의에 대해 공경하여 행함으로써 존중, 공경, 존경 등과 결합하여 섬기는 것(payirupāsanā)으로부터 [우바새라 부르기 때문이다].	gloss: attending, serving; ko: 모심; note: 우바새(upāsaka)의 어원적 근거가 되는 단어이다.; pali: upāsanā | gloss: going for refuge; ko: 귀의함; note: 삼보에 귀의하는 행위를 가리킨다.; pali: saraṇagamana | gloss: attending on, associating with; ko: 섬김; note: upāsanā를 동의어로 풀이한 단어이다.; pali: payirupāsanā | gloss: acting carefully/respectfully; ko: 공경하여 행함; note: 존중하는 마음으로 실천하는 것을 의미한다.; pali: sakkaccakiriyā	Upāsanatoti는 upāsanato(모시는 것으로부터)와 인용 불변화사 iti가 결합된 형태로, 주석서에서 앞선 문헌의 단어를 인용하여 해설할 때 쓰이는 전형적인 구조이다. | payirupāsanato의 -to는 탈격 접미사로, 해설 대상인 upāsanato와 격을 맞추어 이유나 기원을 나타낸다. | sakkaccakiriyāya는 여성 명사 kiriyā의 기구격 형태로 쓰여 방법이나 수단을 나타낸다.	이 문맥은 재가신자(upāsaka)가 삼보에 귀의하고 섬기는 태도를 어원적으로 설명하는 부분으로, 단순한 믿음을 넘어 존중과 공경의 실천이 결합되어야 함을 강조한다.		
245	vri:romn:abh01t.tik:38a549cd6d8c	romn/abh01t.tik.xml	1e0d7da46aed7da8026696f88dcf20b4968d4dcf6cf24b8e0d83c861699f028e	tika	verse	short	representative	representative_stratified	abhidhamma	Abhidhammapiṭake	succeeded	True	False	Cattāri ca sahassāni, puna tīṇi satāni ca; Aṭṭhasāliniyā ete, padā līnatthajotakā.	그리고 사천, 다시 그리고 삼백; 이 단어들은 앗타살리니의 숨은 의미를 밝히는 것들이다.	이 4,300개의 단어들은 앗타살리니(담마상가니 주석서)의 숨은 의미를 밝히는 것들이다.	gloss: Aṭṭhasālinī (commentary on Dhammasaṅgaṇī); ko: 앗타살리니; note: 담마상가니(법집론)의 주석서 이름이다.; pali: Aṭṭhasālinī | gloss: word, verse, unit of text; ko: 단어; note: 문맥상 텍스트를 구성하는 단어 또는 구절 단위를 의미한다.; pali: pada | gloss: illuminating the hidden meaning; ko: 숨은 의미를 밝히는 것; note: līna(숨은) + attha(의미) + jotaka(밝히는 것)의 복합어이다.; pali: līnatthajotaka	Cattāri ca sahassāni, puna tīṇi satāni ca는 4,300을 나타내는 수사 표현이다. | Aṭṭhasāliniyā는 여성 명사 Aṭṭhasālinī의 단수 속격으로, '앗타살리니의'라는 뜻이다. | līnatthajotakā는 복수 주격으로 문장의 술어 역할을 한다.	앗타살리니(Aṭṭhasālinī)는 붓다고사가 저술한 담마상가니(법집론)의 주석서이다. | 이 게송은 복주석(Mūlaṭīkā)이 앗타살리니의 심오하거나 숨겨진 의미를 해설하기 위해 작성되었으며, 그 분량이 4,300 단위(pada)임을 밝히고 있다.	여기서 pada가 개별 단어를 의미하는지, 아니면 전통적인 텍스트 분량 측정 단위인 32음절(gantha/śloka)을 의미하는지 명확하지 않으나, 가장 일반적인 의미인 '단어'로 번역하였다.	
246	vri:romn:abh02t.tik:7eaccfe9d5a0	romn/abh02t.tik.xml	53f26f9c926d0fd9761e39d63d9efd4b1547afa9d53c3f0639129cc6011aa067	tika	prose	short	representative	representative_stratified	abhidhamma	Abhidhammapiṭake	succeeded	True	False	Kāyavināmanāti kāyassa vividhena ākārena nāmanā.	'몸의 구부림'이라는 것은 몸의 다양한 방식으로의 구부림이다.	'몸의 구부림'이란 몸을 다양한 방식으로 구부리는 것을 말한다.	gloss: bending of the body; ko: 몸의 구부림; note: kāya(몸)와 vināmanā(구부림)의 복합어.; pali: kāyavināmanā | gloss: mode, manner; ko: 방식; note: 여기서는 '다양한 방식'이라는 의미로 쓰였다.; pali: ākāra | gloss: bending; ko: 구부림; note: namati(구부리다)의 명사형.; pali: nāmanā	Kāyavināmanāti는 Kāyavināmanā와 인용 불변화사 iti의 연음이다. | vividhena ākārena는 조격으로 '다양한 방식으로'라는 부사적 의미를 나타낸다.	덮개(nīvaraṇa) 중 해태와 혼침(thīnamiddha)과 관련된 문맥에서, 무기력함으로 인해 몸이 구부러지는 상태를 설명하는 구절이다.		
247	vri:romn:s0301t.tik:635b9f107fd5	romn/s0301t.tik.xml	51fd89588bf178745a486afbc13b774369a07f9a12e7e6b3b488b6166aa11f7b	tika	prose	short	representative	representative_stratified	sutta	Saṃyuttanikāye	succeeded	True	False	Avajjhāyantoti pajjhāyanto. Jito vittaparājito asi nu. Pamāṇātikkantanti garutaraṃ.	'수심에 잠긴(avajjhāyanto)'이라는 것은 슬퍼하는(pajjhāyanto) 것이다. 패배한(jito) 것은 재산을 잃고 패배한 것인가(vittaparājito asi nu). '한도를 넘은(pamāṇātikkantaṃ)'이라는 것은 더 무거운(garutaraṃ) 것이다.	'수심에 잠긴(avajjhāyanto)'이란 슬퍼하는(pajjhāyanto) 것을 말한다. '패배한(jito)'이란 재산을 잃고 패배한 것인가(vittaparājito asi nu)라는 뜻이다. '한도를 넘은(pamāṇātikkantaṃ)'이란 더 무거운(garutaraṃ) 것을 말한다.	gloss: sorrowing; ko: 수심에 잠긴; note: avajjhāyati의 현재분사로 슬퍼하거나 수심에 잠긴 상태를 뜻한다.; pali: avajjhāyanto | gloss: brooding; ko: 슬퍼하는; note: pajjhāyati의 현재분사로 깊은 생각이나 슬픔에 잠긴 상태를 뜻한다.; pali: pajjhāyanto | gloss: defeated in wealth; ko: 재산을 잃고 패배한; note: vitta(재산)와 parājita(패배한)의 복합어이다.; pali: vittaparājito | gloss: beyond measure; ko: 한도를 넘은; note: pamāṇa(척도, 한도)와 atikkanta(넘은)의 복합어이다.; pali: pamāṇātikkantaṃ	Avajjhāyantoti는 avajjhāyanto와 인용 불변화사 iti의 연음으로, 주석서에서 표제어를 인용할 때 쓰인다. | Jito 뒤에는 인용 불변화사 iti가 생략된 것으로 보이며, 앞선 주석서의 설명을 이어받아 풀이하는 구조이다.	이 구절은 상윳따 니까야 '일곱 해 동안 따라다님 경'(SN 4.24)에서 마라가 부처님께 던진 질문에 대한 주석서(SA)의 풀이를 다시 설명하는 복주석(SAṬ)의 내용이다.	Jito 뒤에 iti가 명시되지 않아 '패배하여 재산을 잃은 것인가'라는 하나의 문장으로 해석할 여지도 있으나, 주석서의 문맥상 Jito를 표제어로 삼아 풀이한 것으로 보아 번역하였다.	
248	vri:romn:s0103t.tik:2bcf0b029072	romn/s0103t.tik.xml	25f7d406da40dc04f730d6225ab5ace84e472453c490ae37c6d3f9cfdf5937fc	tika	prose	short	representative	representative_stratified	sutta	Dīghanikāye	succeeded	True	False	Maggo kathito catunnaṃ ariyasaccānaṃ uddhaṭattā. Phalaṃ kathitaṃ sarūpeneva.	네 가지 성스러운 진리들이 제시되었기 때문에 도가 설해졌다. 과는 그 자체의 형태로 설해졌다.	네 가지 성스러운 진리(사성제)가 제시되었기 때문에 도(道)가 설해진 것이다. 과(果)는 그 자체의 형태로 명시적으로 설해졌다.	gloss: path; ko: 도; note: 출세간의 도(道)를 가리킨다.; pali: Maggo | gloss: noble truth; ko: 성스러운 진리; note: 사성제를 가리킨다.; pali: ariyasaccānaṃ | gloss: fruit; ko: 과; note: 출세간의 과(果)를 가리킨다.; pali: Phalaṃ | gloss: because of being cited; ko: 제시되었기 때문에; note: uddhaṭa에 추상명사 접미사와 탈격이 결합하여 이유를 나타낸다.; pali: uddhaṭattā | gloss: in its own form itself; ko: 그 자체의 형태로; note: sarūpena와 eva의 연음이다.; pali: sarūpeneva	uddhaṭattā는 uddhaṭa(제시된, 추출된)에 추상명사 접미사 -tta가 결합한 후 탈격으로 쓰여 이유(~기 때문에)를 나타낸다. | sarūpeneva는 sarūpena(그 자체의 형태로, 명시적으로)와 강조 불변화사 eva가 결합한 연음이다.	사성제가 제시됨으로써 출세간의 도(magga)가 자연스럽게 설해졌으며, 과(phala)는 명시적으로 설해졌음을 설명하는 주석 문맥이다.		
249	vri:romn:abh03t.tik:1c4cd2a168ad	romn/abh03t.tik.xml	dadfb7a77ac62bc1b5c5d59d2b33798c1a12c5294eb745200dbee4b93b145f3d	tika	prose	short	representative	representative_stratified	abhidhamma	Abhidhammapiṭake	succeeded	True	False	Tesu aññampīti tesu yaṃkiñci pubbe hanitato aññampi pāṇaṃ hanatīti attho.	'그들 중에서 다른 것도'라는 것은, 그들 중에서 어떤 것이든 이전에 죽인 것과는 다른 생명도 죽인다라는 뜻이다.	'그들 중에서 다른 것도'라는 구절은, 그들 중에서 어떤 것이든 이전에 죽인 것과는 다른 생명도 죽인다는 뜻이다.	gloss: living being; ko: 생명; note: 살생의 대상이 되는 생명체를 의미한다.; pali: pāṇa | gloss: kills; ko: 죽인다; note: 살생 행위를 나타내는 동사이다.; pali: hanati | gloss: meaning; ko: 뜻; note: 주석서에서 구절의 의미를 설명할 때 쓰이는 전형적인 표현이다.; pali: attho	hanitato는 과거분사 hanita의 탈격으로, 뒤따르는 aññaṃ과 결합하여 '죽인 것과는 다른'이라는 구별의 의미를 나타낸다. | Tesu aññampīti는 주석의 대상이 되는 원문 구절을 인용한 것이다.			
250	vri:romn:vin02t.tik:33b145b8e330	romn/vin02t.tik.xml	788ee197584172b602df1b2a9fcf2720176e598ac6c186d340c5fb925a784c1d	tika	prose	short	representative	representative_stratified	vinaya	Vinayapiṭake	succeeded	True	False	444. Pariyāyena jānantassa vuttamusāvādoti yassa kassaci jānantassa pariyāyena vuttamusāvādoti attho.	"444. ""간접적으로 아는 자에게 말해진 거짓말""이라는 것은, 아는 자 누구에게든 간접적으로 말해진 거짓말이라는 뜻이다."	"444. ""간접적으로 아는 자에게 말해진 거짓말""이라는 것은, 아는 자 누구에게든 간접적으로 말해진 거짓말이라는 뜻이다."	gloss: indirect, roundabout way; ko: 간접; note: 거짓말의 맥락에서 직접적이 아닌 우회적, 간접적인 방식을 의미한다.; pali: pariyāya | gloss: false speech; ko: 거짓말; note: 사실과 다르게 말하는 것을 뜻한다.; pali: musāvāda | gloss: knowing; ko: 아는 자; note: 현재분사로 '알고 있는 사람'을 가리킨다.; pali: jānanta	'-ti ... attho'는 주석서에서 특정 구절을 인용하여 그 의미를 풀이할 때 사용하는 전형적인 구문이다. | jānantassa는 현재분사 jānanta의 여격 단수로 '아는 자에게'라는 의미이다.	율장에서 거짓말(musāvāda)의 성립 요건을 설명할 때, 직접적인 거짓말뿐만 아니라 간접적으로(pariyāyena) 사실과 다르게 말하는 것도 포함됨을 해설하는 대목이다.	pariyāyena를 '방편으로'로 번역할지 '간접적으로'로 번역할지 문맥에 따라 다를 수 있으나, 거짓말의 맥락에서는 '간접적으로(돌려서)'가 더 적절하다고 판단하여 채택하였다.	
251	vri:romn:vin01t1.tik:b28cba0a7d69	romn/vin01t1.tik.xml	450d48eef7e558e1039c7c188b7bbb5aecca65fc68c3c47aa891ce3c6b4fac77	tika	verse	short	representative	representative_stratified	vinaya	Vinayapiṭake	succeeded	True	False	‘‘Makkaṭī vajjiputtā ca, gihī naggo ca titthiyā; Dārikuppalavaṇṇā ca, byañjanehipare duve’’ti. (pārā. 66) –	''암원숭이, 그리고 밧지뿟따들, 재가자, 그리고 벌거벗은 자, 외도들, 소녀와 웁빨라완나, 그리고 성징들에 의한 다른 두 가지''라고. (바라이 66) -	''암원숭이, 밧지뿟따, 재가자, 벌거벗은 자, 외도들, 소녀, 웁빨라완나, 그리고 성징과 관련된 다른 두 가지 사건이다.'' (바라이 66) -	gloss: female monkey; ko: 암원숭이; note: 율장 바라이죄 판례에 등장하는 암원숭이 사건을 가리킨다.; pali: Makkaṭī | gloss: Vajjiputta monks; ko: 밧지뿟따; note: 밧지족 출신의 비구들을 가리킨다.; pali: vajjiputtā | gloss: heretics; ko: 외도들; note: 불교 이외의 다른 종교나 사상을 따르는 자들을 가리킨다.; pali: titthiyā | gloss: Uppalavaṇṇā; ko: 웁빨라완나; note: 신통제일로 알려진 웁빨라완나 비구니와 관련된 사건을 가리킨다.; pali: uppalavaṇṇā | gloss: sexual characteristics; ko: 성징; note: 율장 문맥에서 남녀의 신체적 특징이나 성기를 의미한다.; pali: byañjana	Dārikuppalavaṇṇā는 dārikā(소녀)와 uppalavaṇṇā(웁빨라완나)가 결합된 연음이다. | byañjanehipare는 byañjanehi(성징들로, 기구격 복수)와 pare(다른, 주격 복수)가 결합된 형태이다.	이 게송은 율장 바라이죄(Pārājika) 중 첫 번째인 음행과 관련된 여러 판례(vinītavatthu)들을 기억하기 위해 요약한 우다나(uddāna)이다. | byañjanehi pare duve는 남성이나 여성의 성징(byañjana)이 나타나거나 변하는 것과 관련된 두 가지 판례를 가리킨다.	(pārā. 66)은 율장 바라이편의 특정 단락 번호를 가리키는 것으로 보이나, 판본에 따라 번호 체계가 다를 수 있다.	
252	vri:romn:vin01t1.tik:6152163e0764	romn/vin01t1.tik.xml	db2ef79c670ae7409883a7a4286298a0aa41b527f519c97e2da9747162e68e07	tika	verse	short	representative	representative_stratified	vinaya	Vinayapiṭake	succeeded	True	False	‘‘Mahisāsakānaṃ dve bhedā, aparakālamhi ajāyatha; Sabbatthivādā dhammaguttā, dvidhā bhijjittha bhikkhavo.	비구들이여, 후대에 마히사사까(화지부)의 두 분파가 생겨났으니, 삽밧티와다(설일체유부)와 담마굿따(법장부)로 두 갈래로 갈라졌다.	비구들이여, 후대에 마히사사까(화지부)에서 두 분파가 생겨났으니, 삽밧티와다(설일체유부)와 담마굿따(법장부) 두 갈래로 갈라졌다.	gloss: Mahīśāsaka; ko: 마히사사까; note: 부파불교의 한 파인 화지부(化地部)를 가리킨다.; pali: Mahisāsaka | gloss: Sarvāstivāda; ko: 삽밧티와다; note: 부파불교의 한 파인 설일체유부(說一切有部)를 가리킨다.; pali: Sabbatthivāda | gloss: Dharmaguptaka; ko: 담마굿따; note: 부파불교의 한 파인 법장부(法藏部)를 가리킨다.; pali: Dhammagutta	ajāyatha는 어근 jan의 아오리스트 중간태 3인칭 단수 형태이나, 운율 등의 이유로 여기서는 복수 주어(bhedā)와 호응하여 쓰였다. | bhikkhavo는 호격 복수로, 청자인 비구들을 부르는 말이다.	이 게송은 초기 불교 교단의 분열 과정을 설명하는 부분으로, 마히사사까(화지부)에서 삽밧티와다(설일체유부)와 담마굿따(법장부)가 파생되었음을 나타낸다.		
253	vri:romn:vin01t1.tik:7e5b63ff7ee9	romn/vin01t1.tik.xml	474c860939e3e2514dd0b0e9e9e0fbee77e7d7b9a0f2106415c78e76e10d679a	tika	verse	short	representative	representative_stratified	vinaya	Vinayapiṭake	succeeded	True	False	‘‘Saṅketavacanaṃ saccaṃ, lokasammutikāraṇā; Paramatthavacanaṃ saccaṃ, dhammānaṃ bhūtakāraṇā.	관습적인 말은 세상의 관습을 이유로 참이다. 궁극적 의미의 말은 법들의 진실된 이유로 참이다.	관습적인 말은 세상의 관습에 근거하므로 참이다. 궁극적 의미의 말은 법들이 있는 그대로 존재하기 때문에 참이다.	gloss: conventional speech; ko: 관습적인 말; note: 세상에서 약속하여 쓰는 언어를 뜻한다.; pali: saṅketavacana | gloss: speech of ultimate meaning; ko: 궁극적 의미의 말; note: 궁극적 실재(승의)를 나타내는 언어를 뜻한다.; pali: paramatthavacana | gloss: worldly convention; ko: 세상의 관습; note: 세간의 동의나 관습을 의미한다.; pali: lokasammuti	kāraṇā는 원인이나 이유를 나타내는 탈격으로 쓰여 '~을 이유로', '~때문에'로 해석된다. | dhammānaṃ bhūtakāraṇā는 속격과 결합하여 '법들이 진실하기(있는 그대로 존재하기) 때문에'라는 의미를 형성한다.	이 게송은 세속제(sammuti-sacca)와 승의제(paramattha-sacca)의 두 가지 진리(이체, 二諦)를 설명하는 주석서의 전형적인 구절이다.		
254	vri:romn:s0102t.tik:3dd32d21880a	romn/s0102t.tik.xml	9e45e77a40c59787f2c897ea39a5c5716ca9e19b3e6750d6858f8e9ff1b0f9a3	tika	prose	short	representative	representative_stratified	sutta	Dīghanikāye	succeeded	True	False	408. Āpannānadhippetatthavisaye ayaṃ purā-saddapayogoti āha ‘‘purā…pe… saññāpetīti yāva na saññāpetī’’ti.	'의도하지 않은 결과가 발생하는 경우에 이 purā(이전에)라는 단어의 사용이 있다'라고 그는 말했다. 'purā(이전에) …(생략)… saññāpeti(납득시킨다)'라는 것은 '납득시키지 못하는 동안'이라는 뜻이다.	'의도하지 않은 결과가 발생하는 경우에 이 purā(이전에)라는 단어가 사용된다'라고 주석가는 말했다. 'purā(이전에) …(생략)… saññāpeti(납득시킨다)'라는 구절은 '납득시키기 전까지'라는 뜻이다.	gloss: before, previously; ko: 이전에; note: 여기서는 어떤 일이 발생하기 전의 시점을 나타내는 불변화사로 쓰였다.; pali: purā | gloss: convinces, makes understand; ko: 납득시킨다; note: 상대방을 설득하거나 이해시키는 행위를 의미한다.; pali: saññāpeti | gloss: unintended; ko: 의도하지 않은; note: 원치 않거나 의도되지 않은 결과를 나타낸다.; pali: anadhippeta	Āpannānadhippetatthavisaye는 āpanna(발생한) + anadhippeta(의도하지 않은) + attha(결과) + visaye(경우에)로 이루어진 처격 복합어이다. | yāva na saññāpeti는 직역하면 '납득시키지 못하는 동안'이며, 문맥상 '납득시키기 전까지'라는 의미를 나타낸다.	복주석(Ṭīkā)에서 'āha(말했다)'의 주어는 일반적으로 본주석(Aṭṭhakathā)의 저자를 가리킨다.		
255	vri:romn:s0303t.tik:138b61121f66	romn/s0303t.tik.xml	b8a1d8f8f7ef43cc98940a6f2456466f593f166e530d7ca74285c18cd0891181	tika	prose	short	representative	representative_stratified	sutta	Saṃyuttanikāye	succeeded	True	False	Avīcimahānirayeti saussadaṃ avīcinirayaṃ vuttaṃ. Gaṅgāpiṭṭheti gaṅgātīre.	'아위찌 대지옥에서(Avīcimahāniraye)'라는 것은 부속 지옥들을 포함한 아위찌 지옥을 말한 것이다. '강가 강의 등에서(Gaṅgāpiṭṭhe)'라는 것은 강가 강의 기슭에서[라는 뜻이다].	'아위찌 대지옥에서'라는 것은 부속 지옥들을 포함한 아위찌 지옥을 말한다. '강가 강의 등에서'라는 것은 강가 강의 기슭을 뜻한다.	gloss: Avīci great hell; ko: 아위찌 대지옥; note: 무간지옥을 가리키는 고유명사.; pali: Avīcimahāniraya | gloss: prominence, hellish annex; ko: 부속 지옥; note: 대지옥에 딸린 부속 지옥을 의미한다.; pali: ussada | gloss: surface/bank of the Ganges; ko: 강가 강의 등; note: 강의 표면이나 둑을 의미하는 복합어.; pali: Gaṅgāpiṭṭha | gloss: bank of the Ganges; ko: 강가 강의 기슭; note: Gaṅgāpiṭṭha의 의미를 설명하는 단어.; pali: gaṅgātīra	Avīcimahānirayeti와 Gaṅgāpiṭṭheti는 각각 처소격 명사에 인용 불변화사 iti가 결합된 연음 형태이다. | saussadaṃ은 '함께하는'을 뜻하는 접두사 sa-와 ussada가 결합된 형태로 avīcinirayaṃ을 수식한다.	ussada는 대지옥의 사방 문에 각각 위치하여 죄인들이 거쳐 가는 부속 지옥들을 가리킨다.		
256	vri:romn:s0402t.tik:636e22dd6bf1	romn/s0402t.tik.xml	f127130bcbca74dc2dbd8d08fb331600521feceba735e886dab154ea490b4229	tika	verse	short	representative	representative_stratified	sutta	Aṅguttaranikāye	succeeded	True	False	‘‘Sampannaṃ sālikedāraṃ, suvā bhuñjanti kosiya; Paṭivedemi te brahme, na ne vāretumussahe’’ti. (jā. 1.14.1) –	''꼬시야여, 앵무새들이 잘 익은 벼논을 먹고 있습니다. 바라문이여, 당신에게 보고합니다. 나는 그들을 막을 수 없습니다.''라고. (자따까 1.14.1) -	''꼬시야여, 앵무새들이 잘 익은 벼논을 먹어 치우고 있습니다. 바라문이여, 당신에게 보고합니다. 저는 그들을 막을 수 없습니다.''라고. (자따까 1.14.1) -	gloss: Kosiya; ko: 꼬시야; note: 바라문의 성씨 중 하나로, 여기서는 주인을 부르는 호칭이다.; pali: kosiya | gloss: O brahmin; ko: 바라문이여; note: 바라문을 존칭하여 부르는 호격이다.; pali: brahme | gloss: rice field; ko: 벼논; note: sāli(벼)와 kedāra(논)의 복합어이다.; pali: sālikedāra | gloss: parrot; ko: 앵무새; note: 벼논의 벼를 먹는 새를 가리킨다.; pali: suva	ussahe는 ussahati(할 수 있다, 감당하다)의 1인칭 단수 현재 중간태(ātmanepada) 형태로 쓰였다. | ne는 대명사 ta의 대격 복수 남성형(te)의 교체형으로, 여기서는 앵무새들(suvā)을 가리킨다.	이 게송은 자따까(본생경)에 등장하는 구절로, 벼논을 지키는 이가 주인인 꼬시야 바라문에게 앵무새 떼의 피해를 보고하는 장면이다.	Jātaka 1.14.1이라는 참조 번호가 정확히 어떤 체계를 따르는지 불확실하나, 원문 그대로 표기하였다.	
257	vri:romn:vin01t1.tik:20696c47d59b	romn/vin01t1.tik.xml	d93b818f7516b45cee4b088fe4b0d5f374b2ae35e93357d1999ee73e5a25f59c	tika	verse	short	representative	representative_stratified	vinaya	Vinayapiṭake	succeeded	True	False	‘‘Atthaṃ dhammañca bhindiṃsu, ekadesañca saṅgahaṃ; Ganthañca ekadesañhi, chaḍḍetvā aññaṃ akaṃsu te.	그들은 뜻과 법을 깨뜨렸고, 결집의 일부분도 (깨뜨렸다). 참으로 문헌의 일부분을 버리고 나서, 그들은 다른 것을 만들었다.	그들은 뜻과 법을 훼손했고, 결집의 일부분도 파괴했다. 참으로 문헌의 일부분을 버리고 나서, 그들은 다른 것을 만들어냈다.	gloss: meaning; ko: 뜻; note: 가르침의 의미를 나타낸다.; pali: attha | gloss: teaching, Dhamma; ko: 법; note: 부처님의 가르침을 가리킨다.; pali: dhamma | gloss: compilation, council; ko: 결집; note: 경전의 모음이나 결집을 의미한다.; pali: saṅgaha | gloss: text, book; ko: 문헌; note: 기록되거나 엮인 텍스트를 가리킨다.; pali: gantha	bhindiṃsu는 bhindati(깨뜨리다)의 3인칭 복수 단순과거형으로, Atthaṃ, dhammaṃ, saṅgahaṃ을 목적어로 취한다. | akaṃsu는 karoti(만들다, 하다)의 3인칭 복수 단순과거형이다.	이 게송은 교단 분열 과정에서 분파들이 원래의 가르침과 결집된 문헌을 어떻게 변형시키고 훼손했는지를 비판적으로 묘사하고 있다.		
258	vri:romn:abh01t.tik:eea1b3340ac3	romn/abh01t.tik.xml	5df1ceb26f2f7949f73500a8801e8f87b58b9fc0fcc05acb75f0b5c02d931fff	tika	prose	short	representative	representative_stratified	abhidhamma	Abhidhammapiṭake	succeeded	True	False	283. Maggasannissitanti paramatthamaggasabhāvattā maggāvayavabhāvena samudāyasannissitanti attho.	283. '도에 의지하는 것'이라는 것은, 궁극적 의미의 도의 고유성질이기 때문에 도의 구성요소로서 무리에 의지하는 것이라는 뜻이다.	283. '도에 의지하는 것'이라는 말은, 궁극적 의미에서 도의 고유성질이기 때문에 도의 구성요소로서 전체 무리에 의지하는 것이라는 뜻이다.	gloss: dependent on the path; ko: 도에 의지하는 것; note: magga(도)와 sannissita(의지하는)의 복합어.; pali: maggasannissita | gloss: ultimate sense; ko: 궁극적 의미; note: 아비담마에서 승의(勝義)를 나타내는 핵심 용어.; pali: paramattha | gloss: intrinsic nature; ko: 고유성질; note: 법(dhamma)이 가지는 고유한 성질.; pali: sabhāva | gloss: multitude, collection; ko: 무리; note: 여기서는 도의 구성요소들이 모인 전체 집합을 의미한다.; pali: samudāya	paramatthamaggasabhāvattā: paramattha-magga-sabhāva에 추상명사 접미사 -tta의 탈격형(-ttā)이 결합하여 원인이나 이유('~이기 때문에')를 나타낸다. | maggāvayavabhāvena: magga-avayava-bhāva의 도구격으로, '~의 상태로' 또는 '~로서'라는 자격을 나타낸다.	이 구절은 '도에 의지한다'는 표현을 해설하며, 도의 개별 지분들이 궁극적 의미에서 도의 고유성질을 가지며 이들이 모인 전체(samudāya)에 의지하여 작용함을 밝히고 있다.		
259	vri:romn:s0203t.tik:3cbcb8b6abf7	romn/s0203t.tik.xml	7ece4ea60ab5795256c1a942a273b083a71a01c609a9ad59ae9cab95d6f5e614	tika	prose	medium	representative	representative_stratified	sutta	Majjhimanikāye	succeeded	True	False	135. Satisārasīlasārādisamannāgamanena sattesu sārabhūtā. Sabbaso vaṭṭadukkhassa vigatattā niddukkhā. Samucchinnataṇhatāya nittaṇhā. Mānacchidoti thutivacanaṃ.	마음챙김의 정수, 계의 정수 등을 구족함으로 인해 중생들 중에서 정수가 된 자들이다. 모든 면에서 윤회의 괴로움이 떠났기 때문에 괴로움이 없는 자들이다. 갈애가 완전히 끊어졌기 때문에 갈애가 없는 자들이다. '자만을 끊은 자들'이라는 것은 칭송하는 말이다.	마음챙김의 정수와 계의 정수 등을 구족했기 때문에 중생들 가운데서 정수가 된 자들이다. 모든 면에서 윤회의 괴로움이 떠났기 때문에 괴로움이 없는 자들이다. 갈애가 완전히 끊어졌기 때문에 갈애가 없는 자들이다. '자만을 끊은 자들'이라는 것은 그들을 칭송하는 말이다.	gloss: mindfulness; ko: 마음챙김; note: 수행의 핵심 요소로서의 마음챙김.; pali: sati | gloss: virtue; ko: 계; note: 도덕적 행위의 규범.; pali: sīla | gloss: suffering of the round of rebirths; ko: 윤회의 괴로움; note: 생사윤회(vaṭṭa)에서 겪는 괴로움.; pali: vaṭṭadukkha | gloss: craving; ko: 갈애; note: 괴로움의 원인이 되는 목마름.; pali: taṇhā | gloss: conceit; ko: 자만; note: 자신을 남과 비교하여 우월하거나 동등하거나 열등하다고 여기는 번뇌.; pali: māna	Satisārasīlasārādisamannāgamanena는 도구격으로 원인이나 이유를 나타낸다. | vigatattā와 Samucchinnataṇhatāya는 각각 추상명사의 탈격과 여격/처격 형태로 이유를 나타내는 구문으로 쓰였다. | Mānacchidoti는 Mānacchido(자만을 끊은 자들)와 인용 불변화사 iti의 연음이다.	이 구절은 이시기리 경(Isigilisutta)에 등장하는 벽지불(Paccekabuddha)들의 덕성을 찬탄하는 주석적 설명이다.		
260	vri:romn:abh03t.tik:ed07c66b0311	romn/abh03t.tik.xml	14ee0f1846cbe7ffd2dfdcfef0d217231ed876a27f81e95f3ca25e6509b7c5bc	tika	prose	medium	representative	representative_stratified	abhidhamma	Abhidhammapiṭake	succeeded	True	False	568-570. Tāsūti tāsu paññattīsu. Samannāgamapaññattiyā samannāgatoti vuccati, paṭilābhapaññattiyā lābhīti vuccati. Samannāgatoti vuccati ayaṃ samannāgamapaññatti nāma. Lābhīti vuccati ayaṃ paṭilābhapaññatti nāmāti vā adhippāyo yojetabbo.	568-570. '그것들에서(tāsu)'라는 것은 '그 개념들에서'이다. 구족의 개념에 의해 '구족한 자'라고 불리고, 획득의 개념에 의해 '획득한 자'라고 불린다. 혹은 ''구족한 자'라고 불리는 것, 이것이 구족의 개념이다. '획득한 자'라고 불리는 것, 이것이 획득의 개념이다'라고 의미가 연결되어야 한다.	568-570. [원문의] '그것들에서(tāsu)'라는 것은 '그 개념들에서'라는 뜻이다. 구족(具足)의 개념에 의해 '구족한 자'라고 불리고, 획득의 개념에 의해 '획득한 자'라고 불린다. 혹은 ''구족한 자'라고 불리는 것, 이것이 구족의 개념이다. '획득한 자'라고 불리는 것, 이것이 획득의 개념이다'라고 그 의미를 연결하여 해석해야 한다.	gloss: concept; ko: 개념; note: 시설(施設)로도 번역되나, 여기서는 개념으로 번역하였다.; pali: paññatti | gloss: endowment; ko: 구족; note: 갖춤, 구족함의 의미이다.; pali: samannāgama | gloss: acquisition; ko: 획득; note: 얻음, 획득함의 의미이다.; pali: paṭilābha | gloss: meaning/intention; ko: 의미; note: 문맥상 의도나 의미를 뜻한다.; pali: adhippāya	Tāsūti는 Tāsu와 iti의 연음이다. Tāsu는 지시대명사 ta의 처격 여성 복수형으로 paññattīsu를 수식한다. | yojetabbo는 동사 yuñjati(연결하다, 적용하다)의 미래수동분사로, 문맥상 '의미가 연결되어야 한다' 즉 '해석되어야 한다'는 뜻이다.	이 구절은 개념(paññatti)의 종류 중 구족(samannāgama)과 획득(paṭilābha)에 대한 주석적 해석을 다루고 있다.		
261	vri:romn:vin01t1.tik:c0a03878599c	romn/vin01t1.tik.xml	eeab0f8812c3d8e24cffd3f6de332f4fe3328cc73f547246d9f46a5131de7e69	tika	prose	medium	representative	representative_stratified	vinaya	Vinayapiṭake	succeeded	True	False	Mārāvaṭṭanāyāti mārena katacittāvaṭṭanāya, mārānubhāvena sañjātacittasammohenāti vuttaṃ hoti. Tenevāha ‘‘āvaṭṭetvā mohetvā’’tiādi. Tiṭṭhantu…pe… tampi māro āvaṭṭeyyāti phussassa bhagavato kāle katupacitassa akusalakammassa tadā laddhokāsavasena upaṭṭhitattā. Vuttañhetaṃ apadāne –	"'마라의 현혹으로'라는 것은 마라에 의해 만들어진 마음의 현혹으로, 마라의 위력으로 생겨난 마음의 미혹으로라는 것이 말해진 것이다. 그래서 ""현혹시키고 미혹시켜서"" 등이라고 말했다. ""내버려두라... (생략)... 그조차도 마라가 현혹시킬 수 있을까""라는 것은 풋사 세존의 시대에 지어지고 쌓인 불선업이 그때 기회를 얻은 까닭에 나타났기 때문이다. 왜냐하면 이것이 아빠다나에서 말해졌기 때문이다."	"'마라의 현혹으로'라는 것은 마라에 의해 만들어진 마음의 현혹으로, 마라의 위력으로 생겨난 마음의 미혹으로라는 뜻이다. 그래서 ""현혹시키고 미혹시켜서"" 등이라고 말한 것이다. ""내버려두라... (생략)... 그조차도 마라가 현혹시킬 수 있을까""라고 한 것은 풋사(Phussa) 부처님 시대에 짓고 쌓은 불선업이 그때 기회를 얻어 나타났기 때문이다. 왜냐하면 이것이 『아빠다나(비유경)』에서 설해졌기 때문이다."	gloss: Māra's enticement; ko: 마라의 현혹; note: Māra와 āvaṭṭanā(현혹, 유혹)의 복합어이다.; pali: Mārāvaṭṭanā | gloss: delusion; ko: 미혹; note: 마음이 어리석음에 빠져 혼란스러운 상태를 뜻한다.; pali: sammoha | gloss: Phussa Buddha; ko: 풋사; note: 과거불 중 한 분의 이름이다.; pali: Phussa | gloss: Apadāna; ko: 아빠다나; note: 쿳다까니까야(소부)에 속하는 문헌인 비유경을 가리킨다.; pali: Apadāna	Mārāvaṭṭanāyāti는 Mārāvaṭṭanāya와 iti의 연음으로, 주석서에서 표제어를 인용하여 설명하는 전형적인 구조이다. | upaṭṭhitattā는 upaṭṭhita(나타난)에 추상명사 접미사 -tta가 결합한 후 탈격으로 쓰여 원인(~기 때문에)을 나타낸다.	부처님과 제자들이 베란자에서 겪은 기근의 원인을 과거 풋사 부처님 시대에 지은 불선업의 과보가 익어 나타난 것으로 설명하고 있다.	Tiṭṭhantu…pe… tampi māro āvaṭṭeyyāti의 정확한 인용 출처 문맥이 생략되어 있어, '그조차도 마라가 현혹시킬 수 있을까'라는 번역은 문맥을 고려한 개연성 높은 해석이다.	
262	vri:romn:s0202t.tik:3f72a66be753	romn/s0202t.tik.xml	a3de0089d675081a5e659be537ecf882cf0941f390d912609a3e60938bff425e	tika	prose	medium	representative	representative_stratified	sutta	Majjhimanikāye	succeeded	True	False	Sallakantanoti sallānaṃ samucchinnattā. Rogassāti kilesarogassa. Tasmāti apunapavattipādanena tikicchanato. Brahmaṃ vā seṭṭhaṃ sammāsambodhiṃ pattoti brahmabhūto. Evaṃ āgatāyāti iminā –	'화살을 뽑아내는 자(sallakantano)'라는 것은 화살들을 완전히 잘라내었기 때문이다. '병의(rogassa)'라는 것은 번뇌라는 병의 (의미이다). '그러므로(tasmā)'라는 것은 다시 발생하지 않게 함으로써 치료하기 때문이다. 또는 거룩한, 최상의 바른 깨달음에 도달했다는 의미에서 '거룩하게 된 자(brahmabhūto)'이다. '이와 같이 전해진 것에(evaṃ āgatāya)'라는 것은 이것으로 (설명된다) –	'화살을 뽑아내는 자'라고 한 것은 화살들을 완전히 잘라내었기 때문이다. '병의'라고 한 것은 번뇌라는 병을 뜻한다. '그러므로'라고 한 것은 다시 발생하지 않게 함으로써 치료하기 때문이다. 또는 거룩하고 최상인 바른 깨달음에 도달했다는 의미에서 '거룩하게 된 자(brahmabhūta)'라고 한다. '이와 같이 전해진 것에'라고 한 것은 다음의 내용으로 설명된다.	gloss: one who extracts the dart; ko: 화살을 뽑아내는 자; note: salla(화살)와 kantana(자르는, 뽑아내는)의 복합어.; pali: sallakantana | gloss: disease of defilements; ko: 번뇌라는 병; note: 번뇌를 병에 비유한 표현.; pali: kilesaroga | gloss: become divine/excellent; ko: 거룩하게 된 자; note: 부처님이나 아라한을 지칭하는 수식어.; pali: brahmabhūta | gloss: perfect enlightenment; ko: 바른 깨달음; note: 부처님의 완전한 깨달음을 의미함.; pali: sammāsambodhi	samucchinnattā와 tikicchanato는 모두 이유를 나타내는 탈격으로 쓰였다. | Brahmaṃ vā seṭṭhaṃ sammāsambodhiṃ pattoti brahmabhūto에서 brahmaṃ은 seṭṭhaṃ과 동의어로 쓰여 sammāsambodhiṃ을 수식한다.	여기서 '화살'은 탐욕, 성냄 등의 번뇌를 비유하며, 이를 완전히 제거한 부처님을 '화살을 뽑아내는 자'로 묘사한다. | '거룩하게 된 자(brahmabhūta)'는 부처님이나 아라한을 지칭하는 표현으로, 여기서는 최상의 깨달음(sammāsambodhi)을 성취한 상태로 주석하고 있다.	Evaṃ āgatāyāti iminā –에서 iminā 뒤에 인용문이나 추가 설명이 이어지는 구조이므로, 문맥상 '이것으로 (설명된다)'로 보충하여 번역하였다.	
263	vri:romn:s0201t.tik:732e56d7e791	romn/s0201t.tik.xml	9f32d3b3fbdb17bfc49f3814ba5d522aa74ed2e27a3121e27ffe4c1417c45201	tika	prose	medium	representative	representative_stratified	sutta	Majjhimanikāye	succeeded	True	False	Pākaṭo bodhisattassa rattindivaparicchedo antamaso lavatuṭikhaṇassapi upādāya suvavatthitattā, tathā rattidivasakoṭṭhāsaparicchedo attanā kātabbakiccavasena kālañāṇavasena ca.	보살에게 밤낮의 구분이 분명하다, 심지어 라와(lava), 뚜띠(tuṭi), 찰나(khaṇa)부터 포함하여 잘 규정되었기 때문에. 그와 같이 밤낮의 부분의 구분도 스스로 해야 할 의무에 따라서, 그리고 시간을 아는 지혜에 따라서 [분명하다].	보살에게는 밤낮의 구분이 분명하다. 심지어 라와(lava), 뚜띠(tuṭi), 찰나(khaṇa)와 같은 아주 짧은 시간 단위부터 잘 규정되어 있기 때문이다. 그와 같이 밤낮의 시간대 구분도 스스로 해야 할 의무와 시간을 아는 지혜에 따라 분명하다.	gloss: division of night and day; ko: 밤낮의 구분; note: ratti(밤) + diva(낮) + pariccheda(구분).; pali: rattindivaparicchedo | gloss: even fractions, small measures, and moments; ko: 라와, 뚜띠, 찰나조차도; note: 미세한 시간 단위들을 나열한 복합어.; pali: lavatuṭikhaṇassapi | gloss: because of being well determined; ko: 잘 규정되었기 때문에; note: 이유를 나타내는 탈격형.; pali: suvavatthitattā | gloss: by way of duties to be done; ko: 해야 할 의무에 따라서; note: kātabba(해야 할) + kicca(의무) + vasena(~에 따라서).; pali: kātabbakiccavasena	suvavatthitattā는 추상명사 접미사 -tta의 탈격형으로 원인이나 이유('~이기 때문에')를 나타낸다. | antamaso lavatuṭikhaṇassapi upādāya는 '심지어 라와, 뚜띠, 찰나부터 시작하여(포함하여)'라는 의미로, 아주 미세한 시간 단위까지 철저히 파악됨을 보여준다. | 후반부 문장에는 전반부의 술어인 pākaṭo(분명하다)가 생략되어 있다.	라와(lava), 뚜띠(tuṭi), 찰나(khaṇa)는 고대 인도의 미세한 시간 단위들로, 보살이 시간에 대해 지니는 극히 정밀한 인식과 통제력을 강조한다.	lavatuṭikhaṇassapi에서 각 시간 단위의 정확한 물리적 길이는 문헌마다 차이가 있을 수 있으나, 여기서는 극히 짧은 시간의 점진적 단위를 나열한 것으로 번역하였다.	
264	vri:romn:s0101t.tik:d2e2c2826c6d	romn/s0101t.tik.xml	5bb12c25c72148337a6263209b485aa282ae14e46402415fe835f3cbdcf2fbb8	tika	prose	medium	representative	representative_stratified	sutta	Dīghanikāye	succeeded	True	False	194-211. ‘‘Sīlasmi’’nti idaṃ niddhāraṇe bhummanti āha ‘‘ekaṃ sīlaṃ hotīti attho’’ti. Ayameva atthoti paccattavacanattho eva. Brahmajāleti brahmajālavaṇṇanāyaṃ (dī. ni. aṭṭha. 1.7).	"194-211. ""'계에 있어서'라는 이것은 분리의 처격이다""라고 말하며, ""'하나의 계가 된다'는 뜻이다""라고 했다. ""이것이 바로 그 뜻이다""라는 것은 주격의 뜻일 뿐이다. '범망경에서'라는 것은 범망경 주석에서 [설명되었다] (디가 니까야 주석 1.7)."	"194-211. ""'계(sīla)에 있어서'라는 것은 분리(niddhāraṇa)를 나타내는 처격이다""라고 말하며, ""'하나의 계가 된다'는 뜻이다""라고 했다. ""이것이 바로 그 뜻이다""라는 것은 주격(paccattavacana)의 의미일 뿐이다. '범망경에서'라는 것은 범망경 주석에서 [설명되었다] (디가 니까야 주석 1.7)."	gloss: separation, specification; ko: 분리; note: 전체에서 일부를 구별해내는 문법 용법을 가리킨다.; pali: niddhāraṇa | gloss: locative case; ko: 처격; note: 장소나 상태를 나타내는 처격을 의미하는 문법 용어이다.; pali: bhumma | gloss: nominative case; ko: 주격; note: 주격을 의미하는 전통 문법 용어이다.; pali: paccattavacana | gloss: commentary; ko: 주석; note: 경전에 대한 주석서를 가리킨다.; pali: vaṇṇanā	niddhāraṇe bhummaṃ은 전체 집합에서 일부를 구별해내는(분리) 용법으로 쓰인 처격을 의미하는 문법 용어이다. | paccattavacana는 주격(paṭhamā)을 의미하는 전통 문법 용어이다.	이 구절은 사문과경 주석서의 구절을 문법적으로 해설하는 복주석(ṭīkā)의 내용으로, 특정 단어가 문법적으로 어떤 격으로 쓰였는지 설명하고 있다.	Brahmajāleti brahmajālavaṇṇanāyaṃ 부분은 생략된 서술어가 있어 '범망경 주석에서 설명되었다' 또는 '범망경 주석을 참조하라'는 의미로 추정하여 번역했다.	
265	vri:romn:s0403t.tik:00636ccf4093	romn/s0403t.tik.xml	94340f5b0b109bcab9b0b4454c2cb682248fbff52e4b27625f2f65a48434a131	tika	prose	medium	representative	representative_stratified	sutta	Aṅguttaranikāye	succeeded	True	False	50. Dasame ajjhomucchitoti adhimattāya taṇhāmucchāya mucchito, mucchaṃ mohaṃ pamādaṃ āpanno. Tenāha ‘‘gilitvā…pe… atirekamucchāya taṇhāya samannāgato’’ti. Mahaccāti mahatiyā. Liṅgavipallāsena cetaṃ vuttaṃ. Tenāha ‘‘mahatā rājānubhāvenā’’ti.	"열 번째(경)에서 '완전히 빠져든(ajjhomucchito)'이라는 것은 극심한 갈애의 혼미함으로 혼미해진 것, 혼미함, 어리석음, 방일함에 빠진 것이다. 그래서 ""삼키고... (중략)... 극심한 혼미함인 갈애를 갖춘 자""라고 말했다. '큰(mahaccā)'이라는 것은 '큰(mahatiyā)'이라는 뜻이다. 그리고 이것은 성(gender)의 전환으로 설해졌다. 그래서 ""큰 왕의 위력으로(mahatā rājānubhāvena)""라고 말했다."	"열 번째 경에서 '완전히 빠져든(ajjhomucchito)'이라는 것은 극심한 갈애의 혼미함으로 혼미해져서, 혼미함과 어리석음과 방일함에 빠진 것을 뜻한다. 그래서 주석서에서 ""삼키고... (중략)... 극심한 혼미함인 갈애를 갖춘 자""라고 설명한 것이다. '큰(mahaccā)'이라는 것은 '큰(mahatiyā)'이라는 뜻이다. 이것은 문법적 성(gender)이 전환되어 설해진 것이다. 그래서 주석서에서 ""큰 왕의 위력으로(mahatā rājānubhāvena)""라고 설명한 것이다."	gloss: infatuated; ko: 완전히 빠져든; note: 대상에 깊이 탐착하여 정신을 못 차리는 상태를 의미한다.; pali: ajjhomucchita | gloss: craving; ko: 갈애; note: 초기불교의 핵심 번뇌 중 하나.; pali: taṇhā | gloss: infatuation, swoon; ko: 혼미함; note: 정신이 흐려지거나 대상에 미혹된 상태.; pali: mucchā | gloss: change of gender; ko: 성의 전환; note: 문법적 성(gender)이 바뀌어 사용된 현상을 가리키는 문법 용어.; pali: liṅgavipallāsa	mahaccā는 여성형 도구격 형태이며, 주석서에서 이를 남성형 도구격인 mahatā rājānubhāvena로 설명한 것을 두고 복주석에서 성의 전환(liṅgavipallāsa)이 일어났다고 해설하고 있다.	ajjhomucchita는 감각적 욕망이나 대상에 깊이 탐착하여 정신을 못 차리는 상태를 나타내며, 복주석은 이를 갈애(taṇhā), 어리석음(moha), 방일(pamāda)과 연결하여 설명한다.	gilitvā...pe... 부분은 주석서의 구절을 인용한 것으로, 정확한 전체 문장은 해당 주석서를 참조해야 알 수 있다.	
266	vri:romn:vin01t2.tik:46bf2dc6b638	romn/vin01t2.tik.xml	ff32bf9582782b7d6c23f87e6843f67fc0ca4642748484def951c56c5e144705	tika	prose	medium	representative	representative_stratified	vinaya	Vinayapiṭake	succeeded	True	False	300. ‘‘Abbhutaṃ kātuṃ na vaṭṭatī’’ti iminā dukkaṭaṃ hotīti dīpeti. ‘‘Parājitena dātabba’’nti vuttattā adento dhuranikkhepena kāretabbo. Acirakāle adhikāro etassa atthīti acirakālādhikārikaṃ, sañcarittaṃ. ‘‘Acirakālācārika’’nti vā pāṭho, acirakāle ācāro ajjhācāro etassāti acirakālācārikaṃ.	"300. ""'내기를 하는 것은 허용되지 않는다'라는 이것으로 악작이 된다고 밝힌다."" '진 사람에 의해 주어져야 한다'라고 말해졌기 때문에, 주지 않는 자는 짐을 내려놓음으로써 처리되어야 한다. 이것의 직무가 오래지 않은 시간에 있다고 해서 '단기-직무인 것'이니, 중매이다. 또는 '단기-행위인 것'이라는 독송도 있으니, 이것의 행위, 즉 범행이 오래지 않은 시간에 있다고 해서 '단기-행위인 것'이다."	"300. ""'내기를 하는 것은 허용되지 않는다'라는 말로 악작(惡作)이 된다고 밝힌다."" '진 사람이 주어야 한다'라고 말해졌기 때문에, 주지 않는 자는 책임을 포기한 것으로 처리해야 한다. 이것의 직무가 짧은 시간 안에 있다고 해서 '단기-직무인 것'이니, 중매를 뜻한다. 또는 '단기-행위인 것'이라는 이문(異文)도 있으니, 이것의 행위, 즉 위반 행위가 짧은 시간 안에 있다고 해서 '단기-행위인 것'이다."	gloss: wager; ko: 내기; note: 내기나 도박을 의미하는 용어로 쓰였다.; pali: abbhuta | gloss: wrong-doing; ko: 악작; note: 율장의 가벼운 범계인 악작죄를 가리킨다.; pali: dukkaṭa | gloss: laying down the burden; ko: 짐을 내려놓음; note: 책임을 회피하거나 포기하는 것을 의미한다.; pali: dhuranikkhepa | gloss: go-between; ko: 중매; note: 승가발시 제5조 중매 학처의 핵심 용어이다.; pali: sañcaritta | gloss: transgression; ko: 위반 행위; note: 계율을 어기는 범행(犯行)을 의미한다.; pali: ajjhācāra	dhuranikkhepena kāretabbo는 '짐을 내려놓음(포기)으로써 행해져야 한다'는 사역 수동 구조로, 책임을 포기한 것으로 간주하여 처리해야 함을 나타낸다. | acirakālādhikārikaṃ과 acirakālācārikaṃ은 중매 행위의 특성을 설명하기 위해 복합어를 분석한 어원적 해설이다.	중매(sañcaritta) 학처와 관련하여, 그 행위나 직무가 단기간에 이루어지는 특성을 복주석에서 이문(pāṭha)과 함께 설명하고 있다.	dhuranikkhepena kāretabbo의 정확한 율장적 처리 방식이 문맥상 '책임을 포기한 것으로 간주하여 다루어야 한다'는 의미인지, 아니면 다른 특정한 징계 절차를 지시하는지 다소 불확실하다.	grammar_uncertain
267	vri:romn:s0201t.tik:ad1304f9ee55	romn/s0201t.tik.xml	8fb1ee5ed618fc3ccadd7b4589413ef3516d8995668bd10c58d72024585c4973	tika	prose	medium	representative	representative_stratified	sutta	Majjhimanikāye	succeeded	True	False	Guḷapūvanti guḷe missitvā katapūvaṃ. Baddhasattuguḷakanti madhusakkharāhi piṇḍīkataṃ sattupiṇḍaṃ. Asecitabbakaṃ madhuādinā pageva tehi samayojitabbattā. Cintakajātikoti dhammacintāya cintakasabhāvo. Sabbaññutaññāṇenevassāti sabbaññutaññāṇeneva assa suttassa guṇaṃ paricchindāpetvā nāmaṃ gaṇhāpessāmi.	'당밀 과자'란 당밀에 섞어서 만든 과자이다. '뭉친 미숫가루 덩어리'란 꿀과 설탕으로 뭉쳐진 미숫가루 덩어리이다. '부을 필요가 없는 것'이란 미리 꿀 등 그것들로 결합되어야 하기 때문이다. '사색하는 성향'이란 법에 대한 사색으로 사색하는 본성이다. '일체지로만 이것의'란 일체지로만 이 경의 공덕을 파악하게 하여 이름을 취하게 하겠다는 것이다.	'당밀 과자'란 당밀을 섞어서 만든 과자를 말한다. '뭉친 미숫가루 덩어리'란 꿀과 설탕으로 뭉쳐진 미숫가루 덩어리를 말한다. '부을 필요가 없는 것'이란 미리 꿀 등으로 결합되어야 하기 때문이다. '사색하는 성향'이란 법에 대한 사색으로 사색하는 본성을 말한다. '일체지로만 이것의'란 일체지로만 이 경의 공덕을 파악하게 하여 이름을 짓게 하겠다는 뜻이다.	gloss: molasses cake; ko: 당밀 과자; note: guḷa(당밀, 설탕)와 pūva(과자, 빵)의 복합어이다.; pali: guḷapūva | gloss: ball of bound roasted flour; ko: 뭉친 미숫가루 덩어리; note: baddha(뭉친)와 sattu(미숫가루), guḷaka(덩어리)의 복합어이다.; pali: baddhasattuguḷaka | gloss: of a thinking nature; ko: 사색하는 성향; note: cintaka(사색하는)와 jātika(성향을 가진)의 복합어이다.; pali: cintakajātika | gloss: omniscient knowledge; ko: 일체지; note: 부처님의 모든 것을 아는 지혜를 가리킨다.; pali: sabbaññutaññāṇa	samayojitabbattā는 samayojitabba(결합되어야 하는)와 추상명사 접미사 -ttā(~상태이기 때문에)가 결합된 형태이다. | paricchindāpetvā는 paricchindati(파악하다, 결정하다)의 사역형 절대분사이다. | gaṇhāpessāmi는 gaṇhāti(취하다)의 사역형 미래 1인칭 단수이다.	이 단락은 꿀과자 경(Madhupiṇḍikasutta)의 복주석으로, 경에 등장하는 비유적 표현들과 부처님이 경의 이름을 짓게 되는 배경을 설명하고 있다.	samayojitabbattā의 정확한 형태소 분석이 문맥상 '결합되어 있기 때문에'라는 완료의 의미인지, '결합되어야 하기 때문에'라는 당위의 의미인지 다소 불확실하나, 형태를 존중하여 당위로 번역하였다.	
268	vri:romn:s0102t.tik:4b9558ed07fb	romn/s0102t.tik.xml	822466bcbb0198fa56fd9955453491340b30b0b6a0fbb4f3a0a83328f1a7b03d	tika	prose	medium	representative	representative_stratified	sutta	Dīghanikāye	succeeded	True	False	Ca evaṃ buddhūpasañhitā. Buddhūpasañhitā pana buddhānaṃ dhammasarīraṃ ārabbha nissayaṃ katvā pavattitāti āha ‘‘dhammo arahatāṃ ivā’’ti. Dhammūpasañhitā, arahattūpasañhitā ca veditabbā.	그리고 이와 같이 부처님과 관련된 것이다. 한편 '부처님과 관련된 것'은 부처님들의 법의 몸을 대상으로 하고 의지처로 삼아 일어난 것이라고 하여 '아라한들의 법처럼'이라고 말했다. 법과 관련된 것, 그리고 아라한됨과 관련된 것으로 알아야 한다.	그리고 이와 같이 부처님과 관련된 것이다. 한편 '부처님과 관련된 것'은 부처님들의 법의 몸(법신)을 대상으로 하고 의지처로 삼아 일어난 것이기 때문에 '아라한들의 법처럼'이라고 말했다. 법과 관련된 것, 그리고 아라한됨과 관련된 것으로 알아야 한다.	gloss: connected with the Buddha; ko: 부처님과 관련된 것; note: buddha와 upasañhitā의 복합어이다.; pali: buddhūpasañhitā | gloss: body of Dhamma; ko: 법의 몸; note: 부처님의 가르침의 모음을 의미한다.; pali: dhammasarīra | gloss: connected with arahantship; ko: 아라한됨과 관련된 것; note: arahatta와 upasañhitā의 복합어이다.; pali: arahattūpasañhitā	dhammasarīraṃ ārabbha nissayaṃ katvā는 '법의 몸을 대상으로 하고 의지처로 삼아'라는 의미로, 연속체(absolutive) 구문이 중첩되어 있다. | pavattitāti는 pavattitā와 iti의 연음으로, '일어난 것이라고'로 해석된다.	상좌부 문헌에서 dhammasarīra(법의 몸)는 대승불교의 형이상학적 법신(Dharmakāya) 개념이라기보다는 부처님의 가르침(법) 그 자체를 몸으로 비유한 표현이다.		
269	vri:romn:abh02t.tik:649afcaf8b66	romn/abh02t.tik.xml	75d5d27812eb9377047ee2d192b70a2bdc85909c1797617df298b10785121fe2	tika	prose	medium	representative	representative_stratified	abhidhamma	Abhidhammapiṭake	succeeded	True	False	Aṅgapaccaṅgasandhīnaṃ bandhanāni aṅgapaccaṅgasandhibandhanāni, tesaṃ chedakānaṃ. Niruddhesu cakkhādīsūti atimandabhāvūpagamanaṃ sandhāya vuttanti veditabbaṃ. Pañcadvārikaviññāṇānantarampi hi pubbe cuti dassitā. Yamake ca (yama. 1.āyatanayamaka.120) –	"큰 지체와 작은 지체의 관절들의 결박들이 대소 지체 관절 결박들이며, 그것들을 자르는 것들의. ""눈 등이 소멸했을 때""라는 것은 매우 둔한 상태에 도달함을 가리켜서 설해진 것이라고 알아야 한다. 왜냐하면 이전에도 오문 알음알이 직후에 죽음의 마음이 보여졌기 때문이다. 그리고 야마까(쌍론)에서도 –"	"큰 지체와 작은 지체의 관절들의 결박들이 대소 지체 관절 결박들이며, 그것들을 자르는 것들에 대한 것이다. ""눈 등이 소멸했을 때""라는 것은 감각이 매우 둔한 상태에 도달함을 가리켜서 설해진 것이라고 알아야 한다. 왜냐하면 이전에도 오문 알음알이 직후에 죽음의 마음이 일어나는 것이 보여졌기 때문이다. 그리고 야마까(쌍론)에서도 –"	gloss: bonds of the joints of major and minor limbs; ko: 대소 지체 관절 결박들; note: 큰 지체(aṅga)와 작은 지체(paccaṅga)의 관절(sandhi)을 묶는 결박(bandhana)을 의미하는 복합어이다.; pali: aṅgapaccaṅgasandhibandhanāni | gloss: reaching a very sluggish state; ko: 매우 둔한 상태에 도달함; note: ati(매우) + manda(둔한, 느린) + bhāva(상태) + upagamana(도달함)의 복합어이다.; pali: atimandabhāvūpagamanaṃ | gloss: five-door consciousness; ko: 오문 알음알이; note: 다섯 가지 감각의 문(안이비설신)을 통해 일어나는 알음알이를 가리킨다.; pali: pañcadvārikaviññāṇa | gloss: death consciousness; ko: 죽음의 마음; note: 아비담마 문맥에서 한 생을 마감하는 마지막 마음(cuticitta)을 의미한다.; pali: cuti | gloss: The Book of Pairs; ko: 야마까(쌍론); note: 아비담마 칠론 중 여섯 번째 논서의 이름이다.; pali: Yamaka	Aṅgapaccaṅgasandhīnaṃ bandhanāni aṅgapaccaṅgasandhibandhanāni는 복합어 aṅgapaccaṅgasandhibandhanāni를 분석하여 설명하는 주석서 특유의 구문이다. | Niruddhesu cakkhādīsu는 처격 절대구문으로 '눈 등이 소멸했을 때'를 의미한다.	오문 알음알이(pañcadvārikaviññāṇa) 직후에 죽음의 마음(cuticitta)이 일어날 수 있다는 아비담마 심찰나의 특수한 흐름을 설명하고 있다. | '눈 등이 소멸했을 때'라는 표현은 감각 기능이 완전히 없어진 것이 아니라 매우 둔해진 상태(atimandabhāva)를 의미한다고 주석하고 있다.	tesaṃ chedakānaṃ(그것들을 자르는 것들의)이 앞 문맥의 어떤 단어를 수식하는지 명확하지 않으나, 문맥상 결박을 자르는 고통이나 바람 등을 가리키는 것으로 추정된다.	
270	vri:romn:s0305t.tik:124a306b6d99	romn/s0305t.tik.xml	f47163641a28d929f460709763633badac5a20ddd2d62e2e58afb98cb6fd5f90	tika	prose	medium	representative	representative_stratified	sutta	Saṃyuttanikāye	succeeded	True	False	1039. ‘‘Kusale patiṭṭhito’’ti ettha yaṃ accantikaṃ kusale patiṭṭhānaṃ. Taṃ dassento ‘‘maggakusale patiṭṭhito’’ti āha, heṭṭhimamaggakusaleti adhippāyo. Tenāha ‘‘bhāveti magga’’nti. Ariyaphalaṃyeva dhammasāro. Kilesā khīyanti etthāti kilesakkhayo, nibbānaṃ, tasmiṃ kilesakkhaye rato.	'유익함에 확립된 자'라는 여기서 어떤 궁극적인 유익함에 확립됨이 있다. 그것을 보여주면서 '도의 유익함에 확립된 자'라고 말했는데, 가장 낮은 도의 유익함이라는 의도이다. 그러므로 '도를 닦는다'라고 말했다. 성스러운 과야말로 법의 정수이다. '여기서 번뇌들이 부서진다'라고 하여 번뇌의 부서짐이니, 열반이다. 그 번뇌의 부서짐을 즐기는 자이다.	'유익함에 확립된 자'라는 구절에서 궁극적인 유익함에 확립됨이 있다. 그것을 보여주면서 '도의 유익함에 확립된 자'라고 말했는데, 가장 낮은 도(예류도)의 유익함이라는 뜻이다. 그러므로 '도를 닦는다'라고 말했다. 성스러운 과(果)야말로 법의 정수이다. '여기서 번뇌들이 부서진다'라고 하여 번뇌의 부서짐이니, 곧 열반이다. 그 번뇌의 부서짐을 즐기는 자이다.	gloss: wholesome; ko: 유익함; note: 선(善) 또는 유익한 상태를 의미한다.; pali: kusala | gloss: path; ko: 도; note: 출세간의 도(道)를 가리킨다.; pali: magga | gloss: noble fruit; ko: 성스러운 과; note: 도를 닦아 얻는 출세간의 과(果)를 의미한다.; pali: ariyaphala | gloss: essence of Dhamma; ko: 법의 정수; note: 법의 핵심이나 본질을 의미한다.; pali: dhammasāra | gloss: destruction of defilements; ko: 번뇌의 부서짐; note: 번뇌의 소멸로, 열반의 동의어이다.; pali: kilesakkhaya	Kilesā khīyanti etthāti kilesakkhayo는 어원적 해석(ninvacana) 구조로, '여기서 번뇌들이 부서진다(khīyanti)고 하여 번뇌의 부서짐(kilesakkhaya)이다'라는 의미이다. | heṭṭhimamaggakusale는 heṭṭhima(가장 낮은) + magga(도) + kusale(유익함에)의 복합어이다.	heṭṭhimamagga(가장 낮은 도)는 네 가지 출세간의 도(magga) 중 첫 번째인 예류도(sotāpattimagga)를 가리킨다. | 주석서에서는 번뇌의 부서짐(kilesakkhaya)을 열반(nibbāna)과 동일시하여 설명하고 있다.		
271	vri:romn:vin01t2.tik:56722452bee8	romn/vin01t2.tik.xml	a41f81c3896aa197076697e3fcf2b79146740a3c666310abd5850cdd5ea71abb	tika	verse	medium	representative	representative_stratified	vinaya	Vinayapiṭake	succeeded	True	False	‘‘Imāni dasa ṭhānāni, paññā yassa pariccitā; Dhammuddhaccakusalo hoti, na ca vikkhepa gacchatī’’ti. (paṭi. ma. 2.7);	“누구의 통찰지가 이 열 가지 경우들에 익숙해졌다면, [그는] 법의 들뜸에 능숙하게 되고, 산란함에 이르지 않는다.”라고. (무애해도 2.7)	“누구든 통찰지로 이 열 가지 경우에 익숙해지면, 법에 대한 들뜸에 능숙해져서 산란함에 빠지지 않는다.” (무애해도 2.7)	gloss: agitation about dhammas; ko: 법의 들뜸; note: 위빠사나 수행 중 나타나는 경계에 대한 들뜸을 의미한다.; pali: dhammuddhacca | gloss: distraction; ko: 산란함; note: 마음이 흩어지는 상태를 가리킨다.; pali: vikkhepa | gloss: familiarized; ko: 익숙해진; note: 반복하여 닦아 익숙해진 상태를 뜻한다.; pali: pariccitā	Imāni dasa ṭhānāni는 중성 복수 대격으로, 과거분사 pariccitā의 목적어 역할을 한다. | vikkhepa gacchatī에서 vikkhepa는 운율을 위해 대격 어미가 축약된 형태이며, gacchatī는 운율상 장음화되었다.	'열 가지 경우'는 위빠사나 수행 중에 나타나는 열 가지 오염원(vipassanūpakkilesa)을 가리킨다. | '법의 들뜸(dhammuddhacca)'은 빛(obhāsa) 등의 경계를 깨달음으로 착각하여 마음이 들뜨는 현상이며, 이에 능숙하다는 것은 그것이 장애임을 꿰뚫어 아는 것을 의미한다.		
272	vri:romn:s0101t.tik:0a9d7d33330f	romn/s0101t.tik.xml	409a77acf66db7a51d44796a93e77d609dcffa1fa1bbd4745c3e4fb65beeace9	tika	prose	medium	representative	representative_stratified	sutta	Dīghanikāye	succeeded	True	False	Sikkhā ekāti ettha sikkhāti karaṇe paccattavacanaṃ, eka-saddo aññapariyāyo ‘‘ittheke abhivadanti sato vā pana sattassā’’tiādīsu (dī. ni. 1.85 ādayo; ma. ni. 3.21) viya, na saṅkhyāvācīti āha ‘‘sikkhā ekā saññā uppajjantīti sikkhāya ekaccā saññā jāyantī’’ti. Sesapadesupi eseva nayo.	'Sikkhā ekā'라는 구절에서, 'sikkhā'는 도구격 의미의 주격 단어이고, 'eka'라는 단어는 '어떤 이들은 이와 같이 주장한다, 존재하는 중생의...' 등에서와 같이 '어떤(ekacca)'의 동의어이며, 숫자를 나타내는 단어가 아니라고 (주석서에서) 말했다. ''sikkhā ekā saññā uppajjanti'는 '학습에 의해 어떤 인식들이 일어난다'는 뜻이다'라고. 나머지 구절들에서도 이와 같은 방법이다.	'학습에 의해 어떤(Sikkhā ekā)'이라는 구절에서 'sikkhā'는 도구격 의미로 쓰인 주격 단어이다. 'eka'라는 단어는 '어떤 이들은 이와 같이 주장한다, 존재하는 중생의...' 등에서 쓰인 것처럼 '어떤(ekacca)'의 동의어이며, 숫자를 나타내는 단어가 아니라고 (주석서에서) 설명했다. 즉, ''sikkhā ekā saññā uppajjanti'는 '학습에 의해 어떤 인식들이 일어난다'는 뜻이다'라고 한 것이다. 나머지 구절들에서도 이와 같은 방법이 적용된다.	gloss: training, learning; ko: 학습; note: 수행이나 훈련을 의미한다.; pali: sikkhā | gloss: nominative word in instrumental sense; ko: 도구격 의미의 주격 단어; note: 형태는 주격이나 의미는 도구격임을 나타내는 문법 용어이다.; pali: karaṇe paccattavacanaṃ | gloss: synonym for 'other' or 'some'; ko: 어떤(añña)의 동의어; note: eka가 숫자 1이 아니라 '어떤'의 의미임을 설명한다.; pali: aññapariyāyo | gloss: perception; ko: 인식; note: 오온의 상(想) 무더기를 가리키며, 여기서는 특정한 인식을 의미한다.; pali: saññā	karaṇe paccattavacanaṃ은 형태상 주격(paccatta)이지만 의미상 도구격(karaṇa)으로 쓰였음을 설명하는 문법 용어이다. | eka-saddo aññapariyāyo는 'eka'가 숫자 '하나'가 아니라 부정대명사 '어떤(ekacca, añña)'의 의미로 쓰였음을 밝히고 있다.	뽓타빠다경(Poṭṭhapādasutta)에서 인식이 원인 없이 발생하고 소멸하는지 논의하는 대목에 대한 복주석의 해설이다. | 여기서 'sikkhā'는 수행이나 훈련을 의미하며, 특정한 훈련을 통해 특정한 인식이 일어남을 설명한다.		
273	vri:romn:abh03t.tik:b185546846c3	romn/abh03t.tik.xml	5ba771044484045f22857b83b747a7d05fd574e152c92681fb1f419d54fce70d	tika	prose	medium	representative	representative_stratified	abhidhamma	Abhidhammapiṭake	succeeded	True	False	863-865. Ñāṇakathāyaṃ dukkhaṃ parijānātīti lokuttaramaggañāṇameva dīpetīti ‘‘dukkhaṃ parijānātī’’ti vadanto idaṃ tava vacanaṃ lokuttaramaggañāṇameva dīpeti, na tasseva ñāṇabhāvaṃ. Kasmā? Yasmā na lokuttarameva ñāṇaṃ, tasmā na idaṃ sādhakanti vuttaṃ hoti.	"863-865. '앎에 대한 논의(Ñāṇakathā)에서 괴로움을 철저히 안다는 것은 출세간의 도의 앎만을 설명한다'라고 (하는 것에 대해), ""'괴로움을 철저히 안다'라고 말하면서 이 그대의 말은 출세간의 도의 앎만을 설명할 뿐, 그것만이 앎이라는 것을 (설명하는 것은) 아니다. 왜인가? 출세간의 것만이 앎인 것은 아니기 때문이다. 그러므로 이것은 증명하는 것이 아니라고 말해진 것이다."""	"863-865. '앎에 대한 논의(Ñāṇakathā)에서 괴로움을 철저히 안다는 것은 출세간의 도의 앎만을 설명한다'라고 하는 주장에 대해 다음과 같이 말한다. ""'괴로움을 철저히 안다'라고 말할 때 그대의 이 말은 출세간의 도의 앎만을 설명할 뿐, 그것만이 앎이라는 것을 의미하지는 않는다. 왜인가? 출세간의 앎만이 앎인 것은 아니기 때문이다. 그러므로 이것은 타당한 논거가 아니라고 말한 것이다."""	gloss: discussion on knowledge; ko: 앎에 대한 논의; note: 무애해도(Paṭisambhidāmagga) 등의 앎에 대한 장을 가리키는 문맥으로 쓰였다.; pali: Ñāṇakathā | gloss: comprehends; ko: 철저히 안다; note: 고성제를 철저히 아는 것(pariññā)을 의미하는 동사이다.; pali: parijānāti | gloss: supramundane path-knowledge; ko: 출세간의 도의 앎; note: 세간을 벗어난 성자의 도(magga)에 이른 순간의 앎을 가리킨다.; pali: lokuttaramaggañāṇa | gloss: proving, establishing; ko: 증명하는 것; note: 논리학적 문맥에서 주장을 성립시키는 타당한 논거를 의미한다.; pali: sādhaka	vadanto는 현재분사 주격 단수로, 문맥상 상대방의 발언 행위를 가리키는 분사구문('말하면서', '말할 때')으로 쓰여 뒤의 tava vacanaṃ(그대의 말)과 연결된다. | na tasseva ñāṇabhāvaṃ은 동사 dīpeti가 생략된 구조로, 'na (dīpeti) tassa eva ñāṇa-bhāvaṃ(그것만이 앎의 상태임을 설명하는 것은 아니다)'으로 해석된다.	고성제를 철저히 아는 것(pariññā)은 출세간의 도의 순간에 완성되지만, 세간적인 앎(ñāṇa) 역시 존재하므로 '앎'이라는 용어가 출세간의 도에만 국한되는 것은 아니라는 점을 논증하고 있다.	vadanto의 정확한 통사적 역할이 다소 모호하나, 문맥상 상대방의 발언 행위를 가리키는 분사구문으로 해석하였다.	
274	vri:romn:vin01t2.tik:8b8dcc877da3	romn/vin01t2.tik.xml	53a279d997a7efc3018a117bfe7fe722fd1d3b0642a7e0c1f1559f410405dd8f	tika	prose	medium	representative	representative_stratified	vinaya	Vinayapiṭake	succeeded	True	False	Yattha nānāvidhaṃ sākapaṇṇaṃ hoti, tatthassa kammaṭṭhānaṃ gahetvā divāvihāraṃ nisinnassapi santike sākahārikā gāyamānā paṇṇaṃ uccinantiyo visabhāgasaddasaṅghaṭṭanena kammaṭṭhānantarāyaṃ karonti.	다양한 종류의 나물 잎이 있는 곳, 그곳에 그가 업처를 취하여 낮 동안 머물기 위해 앉아 있을지라도, 그의 곁에서 나물 캐는 여자들이 노래하며 잎을 따면서 이질적인 소리의 부딪힘으로 업처의 장애를 만든다.	다양한 종류의 나물 잎이 있는 곳에서는, 비록 수행자가 명상 주제(업처)를 지니고 낮 동안 머물기 위해 앉아 있을지라도, 곁에서 나물 캐는 여자들이 노래하며 잎을 따면서 이질적인 소리를 내어 명상에 장애를 일으킨다.	gloss: meditation subject; ko: 업처; note: 수행의 대상이 되는 명상 주제를 의미한다.; pali: kammaṭṭhāna | gloss: day-abiding; ko: 낮 동안의 머묾; note: 수행자가 낮 동안 휴식하거나 명상하며 머무는 것을 뜻한다.; pali: divāvihāra | gloss: unsuitable sound; ko: 이질적인 소리; note: 수행에 적합하지 않거나 방해가 되는 소리를 가리킨다.; pali: visabhāgasadda | gloss: obstacle; ko: 장애; note: 수행이나 진전을 방해하는 요소를 의미한다.; pali: antarāya	assa ... nisinnassapi santike: assa와 nisinnassa는 속격으로 santike와 연결되어 '앉아 있는 그의 곁에서'라는 의미를 형성하며, api는 양보의 의미를 더한다. | visabhāgasaddasaṅghaṭṭanena: 기구격으로, 이질적인 소리(visabhāgasadda)가 귀에 부딪히는 것(saṅghaṭṭana)을 원인으로 삼음을 나타낸다.	이 문맥에서 이질적인 소리(visabhāgasadda)는 수행자의 마음에 산란함이나 탐욕을 일으킬 수 있는 세속적인 노래 소리 등을 가리킨다.	sākahārikā를 '나물 캐는 여자들'로 번역하였으나, 문맥상 땔감이나 잎을 모으는 일반적인 여성 채집자들을 폭넓게 가리킬 수 있다.	
275	vri:romn:s0202t.tik:3f3429db1864	romn/s0202t.tik.xml	7f61e10391d11c10ae6dce6271810f8882c7fa780f2892e0a410af45f08d66da	tika	prose	medium	representative	representative_stratified	sutta	Majjhimanikāye	succeeded	True	False	Nābhinandīti na sampaṭicchi. Sāsane tiṇṇaṃ duccaritānaṃ micchājīvassa vivajjanaṃ vaṇṇīyati, ayañca evaṃ katheti, tasmā sāsanassa anulomaṃ viya vadati, vadanto ca sammāsambuddhe dhamme cassa appasādaṃ na dasseti, tasmā pasannakārampi vadatīti maññamāno tassa vādaṃ na paṭisedheti.	'기뻐하지 않았다'라는 것은 받아들이지 않았다는 것이다. 교법에서 세 가지 악행과 삿된 생계의 멀리함이 찬탄되고, 그리고 이 사람은 이와 같이 말한다. 그러므로 교법에 수순하는 것처럼 말하고, 말하면서 정등각자와 법에 대한 그의 불신을 보여주지 않는다. 그러므로 믿음이 있는 태도를 말한다고 생각하면서 그의 주장을 물리치지 않는다.	'기뻐하지 않았다'라는 것은 받아들이지 않았다는 뜻이다. 교법에서는 세 가지 악행과 삿된 생계를 멀리하는 것을 찬탄하는데, 이 사람도 이와 같이 말한다. 그러므로 교법에 수순하는 것처럼 말하고, 그렇게 말하면서 정등각자와 법에 대한 불신을 드러내지 않는다. 따라서 믿음이 있는 태도로 말한다고 생각하여 그의 주장을 물리치지 않은 것이다.	gloss: dispensation; ko: 교법; note: 부처님의 가르침이나 제도를 의미한다.; pali: sāsana | gloss: bad conduct; ko: 악행; note: 몸, 입, 마음으로 짓는 나쁜 행위를 가리킨다.; pali: duccarita | gloss: wrong livelihood; ko: 삿된 생계; note: 팔정도의 바른 생계에 반대되는 개념이다.; pali: micchājīva | gloss: lack of faith; ko: 불신; note: 믿음이나 청정함이 없는 상태를 의미한다.; pali: appasāda | gloss: attitude of faith; ko: 믿음이 있는 태도; note: pasanna(믿음이 있는, 청정한)와 kāra(태도, 행위)의 복합어이다.; pali: pasannakāra	Nābhinandīti na sampaṭicchi는 경전 본문의 단어인 nābhinandi를 na sampaṭicchi로 풀이하는 전형적인 주석서 구문이다. | tiṇṇaṃ duccaritānaṃ micchājīvassa vivajjanaṃ에서 속격은 목적어적 속격으로 쓰여 '세 가지 악행과 삿된 생계를 멀리함'으로 해석된다.	여기서 세 가지 악행(tiṇṇaṃ duccaritānaṃ)은 몸, 입, 마음으로 짓는 세 가지 악행을 가리키며, 삿된 생계(micchājīva)를 멀리하는 것은 팔정도 중 바른 생계(sammā-ājīva)에 해당한다.	pasannakārampi vadatīti에서 pasannakāraṃ을 '믿음이 있는 태도'로 번역하였으나, 문맥상 '청정한 행위'로도 해석될 여지가 있다.	
276	vri:romn:s0303t.tik:d86c330a5ee9	romn/s0303t.tik.xml	f9579802e78d0f2bd75cd24dab13c665fb199bc0edc44608958a40f3030bc61c	tika	prose	medium	representative	representative_stratified	sutta	Saṃyuttanikāye	succeeded	True	False	159. Dharamānakāleti jīvamānakāle. Pahānaṃ apassantoti therassa kira bhagavati pemaṃ adhimattaṃ. Cittaṃ gaṇhissāmīti cittaṃ ārādhessāmi. Gantabbaṃ hoti, tasmā sapalibodho. Cittaṃ sampahaṃsamānoti cittassa vibodhano. Vimutti…pe… jāto āyatiṃ paṭivedhapaccayattā, na pana tadā visesāvahabhāvā nibbedhabhāgiyo.	'살아계실 때'라는 것은 '생존해 계실 때'이다. '버림을 보지 못하고'라는 것은 장로의 세존에 대한 애정이 참으로 극심했다는 것이다. '마음을 잡겠다'라는 것은 '마음을 기쁘게 하겠다'이다. 가야만 한다, 그러므로 장애가 있는 것이다. '마음을 고무시키며'라는 것은 '마음을 일깨우는 것'이다. '해탈... (생략) ... 생겨난'은 미래에 꿰뚫음의 조건이 되기 때문에 꿰뚫음에 속하는 것이지, 그때에 특별함을 가져오는 상태이기 때문이 아니다.	'살아계실 때'라는 것은 '생존해 계실 때'라는 뜻이다. '버림을 보지 못하고'라는 것은 장로의 세존에 대한 애정이 참으로 극심했다는 뜻이다. '마음을 잡겠다'라는 것은 '마음을 기쁘게 하겠다'라는 뜻이다. 가야만 하므로 장애(얽매임)가 있는 것이다. '마음을 고무시키며'라는 것은 '마음을 일깨우는 것'이라는 뜻이다. '해탈... (생략) ... 생겨난'은 미래에 꿰뚫음의 조건이 되기 때문에 꿰뚫음에 속하는 것(결택분)이지, 그때 당장 특별함을 가져오는 상태이기 때문이 아니다.	gloss: partaking of penetration; ko: 꿰뚫음에 속하는 것; note: 번뇌를 꿰뚫는 데 도움이 되는 법을 의미하며, 한역에서는 결택분(決擇分)으로 번역된다.; pali: nibbedhabhāgiya | gloss: penetration; ko: 꿰뚫음; note: 진리를 통달하거나 꿰뚫어 아는 것을 의미한다.; pali: paṭivedha | gloss: impediment, obstacle; ko: 장애; note: 수행을 방해하는 얽매임이나 걸림돌을 의미한다.; pali: palibodha | gloss: gladdening; ko: 고무시키며; note: 마음을 기쁘게 하고 북돋우는 상태를 나타낸다.; pali: sampahaṃsamāna	Dharamānakāleti 등은 인용 불변화사 iti가 결합되어 앞선 주석서나 경전의 어구를 지칭하며, 그 뒤에 풀이가 이어진다. | paṭivedhapaccayattā와 visesāvahabhāvā는 모두 이유를 나타내는 탈격(-ttā, -ā)으로 쓰였다.	nibbedhabhāgiya(결택분)는 번뇌를 꿰뚫고 해탈에 이르는 데 도움이 되는 수행의 단계를 의미한다. 이 복주석에서는 당장 특별한 결과를 가져오지 않더라도 미래의 꿰뚫음에 조건이 되기 때문에 그렇게 불린다고 설명한다.	Vimutti…pe… jāto에서 생략된 부분(pe)의 정확한 원문 구절을 특정하기 어려우나, 문맥상 해탈과 관련된 어떤 상태가 생겨난 것을 지칭한다.	
277	vri:romn:abh03t.tik:b6e6494dcbad	romn/abh03t.tik.xml	7e37a2f10f4affc92fedf3afc863a4f689f6dc5e4f9a1223fc40de32704ba6e5	tika	prose	medium	representative	representative_stratified	abhidhamma	Abhidhammapiṭake	succeeded	True	False	628. Rūpādayo viya parinipphannāti rūpādīhi saha uppajjitvā nirujjhanato parinipphannāti attho. Aniccatāvibhāgānuyuñjanavasenāti tīsu daṇḍesu daṇḍavohāro viya tīsu lakkhaṇesu aniccatāvohāro hotīti tassā vibhāgānuyuñjanavasenāti vadanti.	'물질 등처럼 완성된 것'이라는 것은 물질 등과 함께 일어나서 소멸하기 때문에 완성된 것이라는 뜻이다. '무상성의 구분을 적용함에 의해서'라는 것은, 세 개의 막대기에 '막대기'라는 명칭이 있는 것처럼 세 가지 특징에 '무상성'이라는 명칭이 있으므로 그것의 구분을 적용함에 의해서라고 말한다.	'물질 등처럼 완성된 것'이라고 한 것은, 물질 등과 함께 일어났다가 소멸하기 때문에 완성된 것이라는 뜻이다. '무상성의 구분을 적용함에 의해서'라고 한 것은, 세 개의 막대기(삼각대)에 '막대기'라는 명칭이 쓰이듯 세 가지 특징(삼특상)에 '무상성'이라는 명칭이 쓰이므로, 그것의 구분을 적용함에 의해서라고 말하는 것이다.	gloss: accomplished, perfectly formed; ko: 완성된 것; note: 아비담마에서 구체적인 실재를 가진 법을 가리키는 용어로 쓰인다.; pali: parinipphanna | gloss: impermanence; ko: 무상성; note: 무상한 성질을 의미한다.; pali: aniccatā | gloss: conventional term, expression; ko: 명칭; note: 언어적 표현이나 관습적인 명칭을 뜻한다.; pali: vohāra | gloss: characteristic; ko: 특징; note: 여기서는 무상, 고, 무아의 세 가지 특징(삼특상)을 가리킨다.; pali: lakkhaṇa	tīsu daṇḍesu daṇḍavohāro viya는 세 개의 막대기가 모인 삼각대를 '막대기'라고 부르는 관습적 표현을 비유한 것이다. | nirujjhanato는 nirujjhana(소멸함)에 탈격 어미 -to가 결합하여 원인이나 이유(~하기 때문에)를 나타낸다.	세 가지 특징(무상, 고, 무아)이 함께 존재할 때, 이를 대표하여 '무상성'이라는 명칭으로 부를 수 있음을 삼각대의 비유로 설명하고 있다.	anuyuñjana를 '적용함'으로 번역하였으나, 문맥에 따라 논리적 '추궁함'이나 '탐구함'으로도 해석될 수 있다.	
278	vri:romn:s0103t.tik:93a37cfe8915	romn/s0103t.tik.xml	089ae127f253c57de5e34e078d0fab14bc886724d63c0ec90524676c6502edc0	tika	prose	medium	representative	representative_stratified	sutta	Dīghanikāye	succeeded	True	False	‘‘Yato kho bhikkhave ariyasāvako evaṃ jarāmaraṇaṃ pajānāti, evaṃ jarāmaraṇasamudayaṃ pajānāti, evaṃ jarāmaraṇanirodhaṃ pajānāti, evaṃ jarāmaraṇanirodhagāminiṃ paṭipadaṃ pajānātī’’tiādi (saṃ. ni. 2.33).	“비구들이여, 성스러운 제자가 이와 같이 늙음과 죽음을 꿰뚫어 알고, 이와 같이 늙음과 죽음의 일어남을 꿰뚫어 알고, 이와 같이 늙음과 죽음의 소멸을 꿰뚫어 알고, 이와 같이 늙음과 죽음의 소멸로 인도하는 도닦음을 꿰뚫어 알 때”라는 등. (상윳따 니까야 2.33)	“비구들이여, 성스러운 제자가 이와 같이 늙음과 죽음을 꿰뚫어 알고, 이와 같이 늙음과 죽음의 일어남을 꿰뚫어 알고, 이와 같이 늙음과 죽음의 소멸을 꿰뚫어 알고, 이와 같이 늙음과 죽음의 소멸로 인도하는 도닦음을 꿰뚫어 알 때”라는 등의 내용이다. (상윳따 니까야 2.33)	gloss: noble disciple; ko: 성스러운 제자; note: 성자(ariya)의 반열에 오른 제자를 가리킨다.; pali: ariyasāvaka | gloss: aging and death; ko: 늙음과 죽음; note: 12연기의 마지막 지분이다.; pali: jarāmaraṇa | gloss: arising / origin; ko: 일어남; note: 사성제 중 집성제에 해당하는 용어이다.; pali: samudaya | gloss: practice leading to cessation; ko: 소멸로 인도하는 도닦음; note: 사성제 중 도성제에 해당하는 용어이다.; pali: nirodhagāminī paṭipadā | gloss: understands / knows clearly; ko: 꿰뚫어 안다; note: 통찰지(paññā)를 통해 분명하게 아는 것을 의미한다.; pali: pajānāti	pajānātī’’tiādi는 pajānāti와 인용 불변화사 iti, 그리고 '등'을 의미하는 ādi가 결합된 형태이다. | Yato는 관계부사로 쓰여 뒤따르는 절이 성립하는 때나 조건을 나타낸다.	이 구절은 사성제의 구조(고, 집, 멸, 도)를 12연기의 지분인 늙음과 죽음(jarāmaraṇa)에 적용하여 통찰하는 과정을 보여준다.		
279	vri:romn:vin02t.tik:c104fc1e41ea	romn/vin02t.tik.xml	4c2405d1bfdb0ba8eb9ba1bf4eb011869ad399575fff44b78bfe5d4512af78d7	tika	prose	medium	representative	representative_stratified	vinaya	Vinayapiṭake	succeeded	True	False	Kiṃ hutvā kiṃ ahosinti jātiādīni nissāya ‘‘khattiyo hutvā nu kho brāhmaṇo ahosiṃ…pe… devo hutvā manusso’’ti attano paramparaṃ kaṅkhati. Sabbattheva pana addhānanti kālādhivacanametaṃ, tañca bhummatthe upayogavacanaṃ daṭṭhabbaṃ.	"""무엇이 되어서 무엇이 되었을까?""라고 태어남 등을 근거하여 ""'크샤트리야가 되어서 과연 브라만이 되었을까... (생략) ... 천신이 되어서 인간이 되었을까'""라고 자신의 연속을 의심한다. 그리고 모든 곳에서 '기간(addhānaṃ)'이라는 것은 시간의 동의어이며, 그것은 처격의 의미로 쓰인 대격으로 보아야 한다."	"""무엇이 되어서 무엇이 되었을까?""라는 것은 태어남 등을 근거로 ""'크샤트리야가 되어서 과연 브라만이 되었을까... (생략) ... 천신이 되어서 인간이 되었을까'""라며 자신의 전생의 이어짐을 의심하는 것이다. 그리고 모든 곳에서 '기간(addhānaṃ)'이라는 것은 시간의 동의어이며, 그것은 처격의 의미로 쓰인 대격으로 보아야 한다."	gloss: doubts; ko: 의심한다; note: 과거세에 대한 의심을 나타내는 동사로 쓰였다.; pali: kaṅkhati | gloss: period; ko: 기간; note: 시간의 길이나 기간을 의미한다.; pali: addhāna | gloss: synonym; ko: 동의어; note: 어떤 단어를 지칭하는 다른 표현이나 명칭을 의미한다.; pali: adhivacana | gloss: locative sense; ko: 처격의 의미; note: 전통 문법에서 처격(locative)의 의미를 나타낸다.; pali: bhummattha | gloss: accusative case; ko: 대격; note: 전통 문법에서 대격(accusative)을 나타낸다.; pali: upayogavacana	bhummatthe upayogavacanaṃ은 형태상 대격(upayogavacana)이지만 의미상 처격(bhummattha)으로 사용되었음을 나타내는 전통 문법 표현이다. | addhānanti는 addhānaṃ과 인용 불변화사 iti의 연음이다.	이 구절은 과거세에 대한 의심 중 '내가 과거세에 무엇이 되어서 무엇이 되었을까?'라는 경전 구절을 해설하며, 윤회 속에서 자신의 전생 계보(parampara)를 의심하는 상태를 설명한다.		
280	vri:romn:s0101t.tik:23fd9eafacbc	romn/s0101t.tik.xml	73cdc635ee63ef1030651fc43a24e1ed43adf3ab5c33d01e07d6f1164aadd1b2	tika	prose	medium	representative	representative_stratified	sutta	Dīghanikāye	succeeded	True	False	Pabbajitadivasato paṭṭhāya bhikkhūnaṃ anuvattanakathā āciṇṇā, ananuvattanakathā pana tassā dutiyā nāma hotīti āha ‘‘dve kathā nāma na kathitapubbā’’ti. Evanti ‘‘sace panā’’tiādikaṃ sabbampi vuttākāraṃ paccāmasati, na ‘‘purisassa mātugāmāsubha’’ntiādikaṃ vuccamānaṃ.	“출가한 날부터 비구들에게 수순하는 이야기가 행해졌고, 그러나 수순하지 않는 이야기는 그것의 두 번째라고 한다”라고 하여 “두 가지 이야기는 이전에 말해진 적이 없다”라고 말했다. ‘이와 같이’라는 것은 ‘만약 그러나’ 등으로 시작하는 말해진 모든 방식을 가리키는 것이지, ‘남자의 여인에 대한 부정(不淨)’ 등으로 말해지는 것을 가리키는 것이 아니다.	“출가한 날부터 비구들에게는 수순하는 이야기가 행해졌고, 수순하지 않는 이야기는 그것의 두 번째가 된다”라고 하여, “두 가지 이야기는 이전에 말해진 적이 없다”라고 말했다. ‘이와 같이’라는 것은 ‘만약 그러나’ 등으로 시작하는, 말해진 모든 방식을 가리키는 것이지, ‘남자의 여인에 대한 부정(不淨)’ 등으로 말해지는 것을 가리키는 것이 아니다.	gloss: compliant talk; ko: 수순하는 이야기; note: anuvattana(수순함, 따름)와 kathā(이야기)의 복합어.; pali: anuvattanakathā | gloss: refers to; ko: 가리킨다; note: 문맥상 특정한 구절이나 방식을 언급하거나 가리킨다는 의미로 쓰였다.; pali: paccāmasati | gloss: impurity of women; ko: 여인에 대한 부정; note: mātugāma(여인)와 asubha(부정)의 복합어.; pali: mātugāmāsubhaṃ	Pabbajitadivasato paṭṭhāya는 탈격 명사와 불변화사 paṭṭhāya가 결합하여 '~부터 시작하여'라는 의미를 나타낸다. | paccāmasati는 '가리킨다, 언급한다'는 의미의 동사로, 목적어로 대격인 vuttākāraṃ(말해진 방식을)을 취한다.	anuvattanakathā(수순하는 이야기)와 ananuvattanakathā(수순하지 않는 이야기)는 수행자의 마음가짐이나 대상에 대한 태도를 설명하는 주석서의 문맥에서 사용된다.		
281	vri:romn:abh01t.tik:e0aa59809338	romn/abh01t.tik.xml	89ae9998484de876f9c665e86c381052808a76f432774374509b492641e0c654	tika	prose	medium	representative	representative_stratified	abhidhamma	Abhidhammapiṭake	succeeded	True	False	Samādhicittenāti samādhisahitacittena. Avisāro attano eva avisaraṇasabhāvo. Avikkhepo sampayuttānaṃ avikkhittatā. Yena sampayuttā avikkhittā honti, so dhammo avikkhepoti. Visesatoti yebhuyyena. Sukhavirahitopi hi atthi samādhīti. Padīpanidassanena santānaṭṭhitibhāvaṃ samādhissa dasseti.	'삼매의 마음으로(samādhicittena)'라는 것은 삼매와 함께하는 마음으로라는 뜻이다. '흩어지지 않음(avisāra)'은 자신의 흩어지지 않는 고유성질이다. '산란하지 않음(avikkhepa)'은 상응법들의 산란하지 않은 상태이다. 그것에 의해 상응법들이 산란하지 않게 되는, 그 법이 '산란하지 않음'이다. '특별히(visesato)'라는 것은 '대부분(yebhuyyena)'이라는 뜻이다. 왜냐하면 행복이 없는 삼매도 참으로 있기 때문이다. 등불의 비유로써 삼매의 상속이 머무는 상태를 보여준다.	'삼매의 마음으로'라는 것은 삼매와 함께하는 마음으로라는 뜻이다. '흩어지지 않음'은 그 자체의 흩어지지 않는 고유성질을 말한다. '산란하지 않음'은 상응법들이 산란하지 않은 상태를 말한다. 그것에 의해 상응법들이 산란하지 않게 되므로, 그 법이 '산란하지 않음'인 것이다. '특별히'라는 것은 '대부분'이라는 뜻이다. 왜냐하면 행복이 없는 삼매도 참으로 있기 때문이다. 등불의 비유로써 삼매의 상속이 머무는 상태를 보여준다.	gloss: concentrated mind; ko: 삼매의 마음; note: 삼매와 함께하는 마음을 의미한다.; pali: samādhicitta | gloss: non-distraction; ko: 흩어지지 않음; note: 마음이 대상을 벗어나 흩어지지 않는 고유성질을 가리킨다.; pali: avisāra | gloss: non-dispersion; ko: 산란하지 않음; note: 상응법들이 산란하지 않게 하는 법을 의미한다.; pali: avikkhepa | gloss: associated states; ko: 상응법; note: 마음과 함께 일어나는 마음부수들을 가리킨다.; pali: sampayutta | gloss: state of continuity remaining; ko: 상속이 머무는 상태; note: 삼매의 지속성을 등불의 비유로 설명하는 복합어이다.; pali: santānaṭṭhitibhāva	Samādhicittenāti는 Samādhicittena + iti의 연음으로, 주석서에서 원문의 단어를 인용하여 설명하는 전형적인 구조이다. | Yena sampayuttā avikkhittā honti, so dhammo avikkhepoti는 관계대명사 yena와 지시대명사 so가 호응하여 '그것에 의해 ~하게 되는, 그 법이 ~이다'라는 구조를 이룬다.	'행복이 없는 삼매도 참으로 있기 때문이다(Sukhavirahitopi hi atthi samādhīti)'는 제4선(또는 5분법의 제5선)과 같이 행복(sukha)이 버려지고 평온(upekkhā)이 동반되는 삼매를 가리킨다. | 등불의 비유(padīpanidassana)는 바람 없는 곳에서 흔들림 없이 타오르는 등불처럼, 삼매가 마음의 상속을 흔들림 없이 머물게 하는 상태를 설명하는 전통적인 비유이다.		
282	vri:romn:s0303t.tik:1362b2dde10a	romn/s0303t.tik.xml	b4cae3d08d910d3d602b510e87a4705c6a4b19c53b086ec129bb97a2407941c3	tika	prose	medium	representative	representative_stratified	sutta	Saṃyuttanikāye	succeeded	True	False	Soteti vaṭṭasote. Catūhi gāhehīti ‘‘rūpaṃ attato samanupassatī’’tiādinayappavattehi catūhi gāhehi. Palujjanattāti chinnattā. Sokādibyasanappattīti sokādianatthuppatti.	"'흐름에(sote)'라는 것은 윤회의 흐름에 [라는 뜻이다]. '네 가지 취함으로(catūhi gāhehi)'라는 것은 ""물질을 자아로 관찰한다""라는 등의 방식으로 진행되는 네 가지 취함으로 [라는 뜻이다]. '부서짐 때문에(palujjanattā)'라는 것은 끊어짐 때문에 [라는 뜻이다]. '슬픔 등의 재난에 도달함(sokādibyasanappatti)'이라는 것은 슬픔 등의 불행이 발생함 [이라는 뜻이다]."	"'흐름에(sote)'라는 것은 윤회의 흐름에 있다는 뜻이다. '네 가지 취함으로(catūhi gāhehi)'라는 것은 ""물질을 자아로 관찰한다""라는 등의 방식으로 진행되는 네 가지 취함으로라는 뜻이다. '부서짐 때문에(palujjanattā)'라는 것은 끊어짐 때문이라는 뜻이다. '슬픔 등의 재난에 도달함(sokādibyasanappatti)'이라는 것은 슬픔 등의 불행이 발생한다는 뜻이다."	gloss: stream of saṃsāra; ko: 윤회의 흐름; note: vaṭṭa(윤회)와 sota(흐름)의 복합어이다.; pali: vaṭṭasota | gloss: grasping, holding; ko: 취함; note: 여기서는 견해에 대한 집착이나 파악을 의미한다.; pali: gāha | gloss: breaking, falling apart; ko: 부서짐; note: 무상하여 파괴되는 성질을 나타낸다.; pali: palujjana | gloss: disaster, ruin; ko: 재난; note: 파멸이나 큰 어려움을 뜻한다.; pali: byasana | gloss: misfortune, harm; ko: 불행; note: 문맥상 byasana(재난)의 동의어로 쓰였다.; pali: anattha	'-ti(iti)'가 결합된 'A-ti B' 구조는 주석 문헌에서 표제어 A를 B로 해석하거나 동의어로 설명하는 전형적인 구문이다. | rūpaṃ attato samanupassatītiādinayappavattehi는 인용구(iti)와 ādi(등), naya(방식), pavatta(진행되는)가 결합된 복합어이다.	'네 가지 취함(catūhi gāhehi)'은 오온 각각에 대해 '자아로 관찰함', '자아가 그것을 가짐', '자아 안에 그것이 있음', '그것 안에 자아가 있음'이라는 네 가지 방식으로 집착하는 유신견(sakkāyadiṭṭhi)을 가리킨다.		
283	vri:romn:abh03t.tik:8260c8249c73	romn/abh03t.tik.xml	0d5b66ca6882b23bb02d635a55247eba0400338e697998185469bb31929cd867	tika	prose	medium	representative	representative_stratified	abhidhamma	Abhidhammapiṭake	succeeded	True	False	828-831. Anuppannāyeva nuppajjantīti pahīnā nāma honti, tasmā natthi kilesapajahanāti paṭikkhipati. Te pana neva uppajjitvā vigatā, nāpi bhavissanti, na ca uppannāti atīte kilese pajahatītiādi na vattabbanti dasseti.	오직 일어나지 않은 것들만이 일어나지 않는다고 해서 버려진 것이라고 불린다. 그러므로 번뇌를 버림은 없다고 반박한다. 그러나 그것들은 일어나서 사라진 것도 아니고, 또한 미래에 있을 것도 아니고, 또한 일어난 것도 아니기 때문에 '과거의 번뇌를 버린다' 등은 말해져서는 안 된다고 보여준다.	오직 일어나지 않은 것들만이 일어나지 않는다고 해서 버려진 것이라고 불린다. 그러므로 번뇌를 버림은 없다고 반박한다. 그러나 그것들은 일어나서 사라진 것도 아니고, 미래에 있을 것도 아니고, 일어난 것도 아니기 때문에 '과거의 번뇌를 버린다' 등은 말해서는 안 된다고 보여준다.	gloss: abandoning of defilements; ko: 번뇌를 버림; note: kilesa(번뇌)와 pajahanā(버림)의 복합어이다.; pali: kilesapajahanā | gloss: unarisen things; ko: 일어나지 않은 것들; note: 아직 발생하지 않은 상태를 의미한다.; pali: anuppannā | gloss: abandoned; ko: 버려진 것; note: 번뇌 등이 제거된 상태를 가리킨다.; pali: pahīnā	Anuppannāyeva는 anuppannā와 eva의 연음으로, '오직 일어나지 않은 것들만이'라는 강조의 의미를 가진다. | nuppajjantīti는 na, uppajjanti, iti의 연음으로, '일어나지 않는다고 해서'라는 이유나 인용을 나타낸다. | atīte kilese pajahatītiādi는 '과거의 번뇌를 버린다'라는 인용구에 ādi(등)가 결합된 형태이다.	이 문단은 까타왓투(Kathāvatthu)의 번뇌를 버림에 대한 논의(Kilesapajahanakathā)를 주석하는 내용이다. | 번뇌가 과거, 현재, 미래의 시간적 실체로서 존재하는 것이 아니므로 '과거의 번뇌를 버린다'는 식의 표현이 적절하지 않음을 설명하고 있다.	paṭikkhipati(반박한다)의 주어가 명시되지 않아 논주인지 상대방인지 문장만으로는 명확하지 않으나, 문맥상 논쟁의 한 축을 나타낸다.	
284	vri:romn:s0201t.tik:337bb24bbeb6	romn/s0201t.tik.xml	626ae177120d0bab9c6ebce88a9411b5a463ad14574624ac0cec873952d87a2d	tika	prose	medium	representative	representative_stratified	sutta	Majjhimanikāye	succeeded	True	False	Kāmarāgarattā bhavarāgarattā ca nīvaraṇehi nivutatāya, diṭṭhirāgarattā viparītābhinivesena. Na dakkhantīti yāthāvato dhammaṃ na paṭivijjhissanti. Evaṃ gāhāpetunti ‘‘anicca’’ntiādinā sabhāvena yāthāvato dhammaṃ jānāpetuṃ. Rāgadosaparetatāpi nesaṃ sammūḷhabhāvenevāti āha ‘‘tamokhandhena āvuṭā’’ti.	"감각적 욕망에 대한 탐욕에 물든 자들과 존재에 대한 탐욕에 물든 자들은 덮개들에 의해 덮여있기 때문이며, 견해에 대한 탐욕에 물든 자들은 뒤바뀐 집착 때문이다. ""보지 못할 것이다""라는 것은 있는 그대로 법을 꿰뚫지 못할 것이라는 뜻이다. ""이와 같이 파악하게 하기 위해""라는 것은 ""무상하다""는 등의 고유성질로 있는 그대로 법을 알게 하기 위해서이다. 그들이 탐욕과 성냄에 사로잡힌 상태도 완전히 어리석은 상태이기 때문이라고 ""어둠의 무더기에 덮여있다""라고 말했다."	"감각적 욕망에 대한 탐욕에 물든 자들과 존재에 대한 탐욕에 물든 자들은 덮개(장애)들에 덮여있기 때문이며, 견해에 대한 탐욕에 물든 자들은 뒤바뀐 집착 때문이다. ""보지 못할 것이다""라는 것은 있는 그대로 법을 꿰뚫지 못할 것이라는 뜻이다. ""이와 같이 파악하게 하기 위해""라는 것은 ""무상하다""는 등의 고유성질로 있는 그대로 법을 알게 하기 위해서이다. 그들이 탐욕과 성냄에 사로잡힌 상태도 완전히 어리석은 상태이기 때문이라고 ""어둠의 무더기에 덮여있다""라고 말씀하신 것이다."	gloss: hindrance; ko: 덮개; note: 수행을 방해하는 장애(오개)를 의미한다.; pali: nīvaraṇa | gloss: perverted adherence; ko: 뒤바뀐 집착; note: viparīta(뒤바뀐)와 abhinivesa(집착)의 복합어이다.; pali: viparītābhinivesa | gloss: as it really is; ko: 있는 그대로; note: 진실된 상태를 나타내는 부사이다.; pali: yāthāvato | gloss: intrinsic nature; ko: 고유성질; note: 법(dhamma)이 가진 본래의 성질을 의미한다.; pali: sabhāva | gloss: mass of darkness; ko: 어둠의 무더기; note: 무명이나 어리석음을 비유적으로 표현한 단어이다.; pali: tamokhandha	nivutatāya는 nivuta(덮인)에 추상명사 접미사 -tā가 결합된 후 탈격/도구격 형태로 쓰여 원인이나 이유('덮여있기 때문에')를 나타낸다. | Na dakkhantīti는 원문의 na dakkhanti에 인용 불변화사 iti가 결합된 형태로, 주석서에서 원문을 인용하여 해설할 때 쓰이는 전형적인 구조다.	'어둠의 무더기(tamokhandha)'는 무명(avijjā) 또는 어리석음(moha)을 가리키며, 탐욕과 성냄에 사로잡힌 근본 원인이 어리석음임을 설명하고 있다. | '덮개(nīvaraṇa)'는 수행을 방해하는 다섯 가지 장애(오개)를 의미한다.		
285	vri:romn:s0305t.tik:67c7836ad2e0	romn/s0305t.tik.xml	c852ad95d533ef36f1d00770355932fb9ec37685bc0650bf18fd17341a3f7498	tika	prose	long	representative	representative_stratified	sutta	Saṃyuttanikāye	succeeded	True	False	Kilesavasenāti sammohavasena. Kāyavinamanāti kāyassa virūpato namanā. Jambhanāti phandanā. Punappunaṃ jambhanā vijambhanā. Ānamanāti purato namanā. Vinamanāti pacchato namanā. Sannamanāti samantato namanā. Paṇamanāti yathā hi tantato uṭṭhitapesakāro kiñcideva upariṭṭhitaṃ gahetvā ujuṃ kāyaṃ ussāpeti, evaṃ kāyassa uddhaṃ ṭhapanā. Byādhiyakanti uppannabyādhitā. Iti sabbehipi imehi padehi kilesavasena kāyaphandanameva kathitaṃ (vibha. aṭṭha. 858).	'번뇌의 힘으로'라는 것은 어리석음의 힘으로[라는 뜻이다]. '몸을 구부림'이라는 것은 몸을 흉하게 구부리는 것이다. '하품함'이라는 것은 움직임이다. 거듭해서 하품하는 것이 '자주 하품함'이다. '앞으로 구부림'이라는 것은 앞으로 구부리는 것이다. '뒤로 구부림'이라는 것은 뒤로 구부리는 것이다. '사방으로 구부림'이라는 것은 사방으로 구부리는 것이다. '위로 뻗음'이라는 것은, 마치 베틀에서 일어난 직조공이 위에 있는 어떤 것을 잡고 몸을 곧게 펴는 것처럼, 그렇게 몸을 위로 세우는 것이다. '병듦'이라는 것은 병이 생겨난 상태이다. 이와 같이 이 모든 단어들로 번뇌의 힘에 의한 몸의 움직임만을 설한 것이다 (위방가 주석서 858).	'번뇌의 힘으로'라는 것은 어리석음의 힘으로라는 뜻이다. '몸을 구부림'이란 몸을 흉하게 구부리는 것이다. '하품함(기지개 켬)'이란 몸을 움직이는 것이다. 거듭해서 하품하는 것이 '자주 하품함'이다. '앞으로 구부림'이란 앞으로 구부리는 것이다. '뒤로 구부림'이란 뒤로 구부리는 것이다. '사방으로 구부림'이란 사방으로 구부리는 것이다. '위로 뻗음'이란, 마치 베틀에서 일어난 직조공이 위에 있는 무언가를 잡고 몸을 곧게 펴는 것처럼, 그렇게 몸을 위로 곧추세우는 것이다. '병듦'이란 병이 생겨난 상태이다. 이처럼 이 모든 단어들은 번뇌의 힘에 의해 몸이 움직이는 것만을 설명한 것이다 (위방가 주석서 858).	gloss: by the power of defilements; ko: 번뇌의 힘으로; note: kilesa(번뇌)와 vasena(~의 힘으로, ~에 의해)의 복합어이다.; pali: kilesavasena | gloss: by the power of delusion; ko: 어리석음의 힘으로; note: sammoha(어리석음)와 vasena의 복합어이다.; pali: sammohavasena | gloss: yawning / stretching; ko: 하품함; note: 해태와 혼침 등과 관련된 신체적 늘어짐이나 기지개를 켜는 행위를 의미한다.; pali: jambhanā | gloss: twitching / moving; ko: 움직임; note: 몸의 동요나 움직임을 뜻한다.; pali: phandanā | gloss: Vibhaṅga Aṭṭhakathā; ko: 위방가 주석서; note: 위방가(분별론)의 주석서인 삼모하비노다니(Sammohavinodanī)를 가리킨다.; pali: vibha. aṭṭha.	단어 끝에 붙은 ~ti(~ti = ~+iti) 형태는 주석서에서 특정 단어나 구절을 인용하여 그 의미를 해설할 때 쓰이는 전형적인 구조이다. | yathā hi ... evaṃ ... 구문은 '마치 ~인 것처럼, 그와 같이 ~하다'라는 비유를 나타낸다.	이 단락은 해태와 혼침(thīnamiddha) 등 번뇌로 인해 나타나는 신체적인 나태함, 기지개, 하품 등의 여러 양상을 주석적으로 세분화하여 설명하고 있다.	jambhanā는 문맥상 '하품'과 '기지개'의 의미를 모두 포함할 수 있으며, 여기서는 몸의 움직임(phandanā)으로 해설되므로 기지개의 뉘앙스가 강할 수 있다.	
286	vri:romn:s0303t.tik:92f59747ce30	romn/s0303t.tik.xml	c2af36f4e22035e438508ba0c9bd23b6ac6a36c98d6e86099fd306e913c39aa7	tika	prose	long	representative	representative_stratified	sutta	Saṃyuttanikāye	succeeded	True	False	Paṇṇāsalakkhaṇapaṭimaṇḍitanti paṇṇāsaudayabbayalakkhaṇavibhūsitaṃ samudayatthaṅgamagahaṇato. Khīṇāsavattāti anavasesaṃ sāvasesañca āsavānaṃ parikkhīṇattā. Anāgāmīnampi hi bhayaṃ cittutrāso ca na hotīti. Ñāṇasaṃvego bhayatūpaṭṭhānañāṇaṃ. Itaresaṃ pana devānanti akhīṇāsave deve sandhāya vadati. Bhoti dhammālapanamattanti vācasikaṃ tathālapanamattaṃ.	'쉰 가지 특징으로 장식된'이라는 것은 일어남과 사라짐을 파악하기 때문에 쉰 가지 일어남과 사라짐의 특징으로 장식된 것이다. '번뇌가 다했기 때문에'라는 것은 번뇌들이 남김없이, 그리고 남김이 있게 완전히 다했기 때문이다. 참으로 아나함들에게도 두려움과 마음의 떨림이 없기 때문이다. 지혜의 경각심은 두려움으로 나타나는 지혜이다. '그러나 다른 신들의'라는 것은 번뇌가 다하지 않은 신들을 가리켜서 말한다. 'bho(존자여)'라는 것은 관례적인 부름일 뿐이라는 것은 말로써 그와 같이 부르는 것일 뿐이다.	'쉰 가지 특징으로 장식된'이라는 것은 일어남과 사라짐을 파악하기 때문에 쉰 가지 일어남과 사라짐의 특징으로 장식된 것을 뜻한다. '번뇌가 다했기 때문에'라는 것은 번뇌들이 남김없이, 그리고 남김이 있게 완전히 다했기 때문이다. 왜냐하면 아나함(불환자)들에게도 두려움과 마음의 떨림이 없기 때문이다. 지혜의 경각심은 두려움으로 나타나는 지혜이다. '그러나 다른 신들의'라는 것은 번뇌가 다하지 않은 신들을 가리켜서 말한 것이다. 'bho(존자여)'라는 것은 관례적인 부름일 뿐이라는 것은 단지 말로써 그렇게 부르는 것일 뿐이라는 뜻이다.	gloss: rise and fall; ko: 일어남과 사라짐; note: 현상의 생성과 소멸을 가리키는 용어이다.; pali: udayabbaya | gloss: one whose taints are destroyed; ko: 번뇌가 다한 자; note: 모든 번뇌를 소멸한 아라한을 가리킨다.; pali: khīṇāsava | gloss: non-returner; ko: 아나함; note: 욕계로 다시 돌아오지 않는 불환자를 가리킨다.; pali: anāgāmī | gloss: knowledge of appearance as terror; ko: 두려움으로 나타나는 지혜; note: 위빠사나 지혜의 단계 중 하나이다.; pali: bhayatūpaṭṭhānañāṇa | gloss: sense of urgency; ko: 경각심; note: 윤회의 두려움을 깨닫고 수행에 매진하게 하는 마음 상태이다.; pali: saṃvega	Bhoti는 호격 불변화사 bho와 인용 불변화사 iti가 결합된 형태이다. | anavasesaṃ sāvasesañca는 각각 아라한의 남김없는 번뇌 소멸과 아나함의 남김이 있는 번뇌 소멸을 부사적으로 수식한다.	쉰 가지 일어남과 사라짐의 특징은 오온 각각에 대해 일어남의 특징 5가지와 사라짐의 특징 5가지를 합하여 총 50가지가 되는 것을 가리킨다. | 두려움으로 나타나는 지혜(bhayatūpaṭṭhānañāṇa)는 위빠사나 지혜의 단계 중 하나로, 형성된 것들(saṅkhāra)이 두려움으로 나타나는 지혜를 말한다.		
287	vri:romn:abh02t.tik:cbde70ef5c5b	romn/abh02t.tik.xml	92360dc28cfeabbf0ea9a2097ff841121b6aa4d4470c67b40d9c322d331c80de	tika	prose	long	representative	representative_stratified	abhidhamma	Abhidhammapiṭake	succeeded	True	False	199. Na appiyantīti na gamiyanti, na pavesīyantīti attho. Anatthanti byasanaṃ, dukkhaṃ vā. Ahitanti tassa hetuṃ. Dutiye atthavikappe atthaṃ na kāmentīti anatthakāmātiādi asamatthasamāsopi yojito. ‘‘Asūriyapassāni mukhānī’’tiādīsu viya hi yena samāso, na tassāyaṃ paṭisedhako a-kāroti. Yasmiṃ kismiñci nibbhaye yogakkhema-saddo niruḷho dukkhayogato khemattā.	"'na appiyanti'라는 것은 가지 않고, 들어가지 않는다는 뜻이다. 'anatthaṃ'이라는 것은 파멸, 또는 괴로움이다. 'ahitaṃ'이라는 것은 그것의 원인이다. 두 번째 의미의 대안에서 '이익을 원하지 않는다'라고 'anatthakāmā' 등은 부적절한 복합어(asamatthasamāsa)로도 적용되었다. 왜냐하면 ""태양을 보지 못하는 얼굴들"" 등에서처럼, 복합어가 된 그것을 이 'a' 글자가 부정하는 것이 아니기 때문이다. 어떤 두려움 없는 상태에 대해서든 'yogakkhema'라는 단어가 확립되었으니, 괴로움의 속박으로부터 안전하기 때문이다."	"'다가가지 않는다(na appiyanti)'라는 것은 가지 않고, 들어가지 않는다는 뜻이다. '이익이 없음(anatthaṃ)'이라는 것은 파멸이나 괴로움을 말한다. '이롭지 않음(ahitaṃ)'이라는 것은 그것(파멸이나 괴로움)의 원인이다. 두 번째 의미의 대안에서 '이익을 원하지 않는다'라고 풀이되는 '이익을 원하지 않는 자들(anatthakāmā)' 등은 비정상적 복합어(asamatthasamāsa)로도 적용되었다. 왜냐하면 ""태양을 보지 못하는 얼굴들"" 등에서처럼, 부정 접두사 'a'가 결합된 바로 그 단어를 부정하는 것이 아니기 때문이다. 어떤 두려움 없는 상태에 대해서든 '속박으로부터의 안전(yogakkhema)'이라는 단어가 관용적으로 쓰이는데, 이는 괴로움의 속박으로부터 안전하기 때문이다."	gloss: harm, disadvantage; ko: 이익이 없음; note: 이익(attha)의 반대말로 파멸이나 괴로움을 뜻한다.; pali: anattha | gloss: unbeneficial; ko: 이롭지 않음; note: 이익이 없는 상태를 초래하는 원인을 가리킨다.; pali: ahita | gloss: unfit compound; ko: 비정상적 복합어; note: 부정 접두사가 결합된 바로 다음 단어가 아닌 다른 요소를 부정하는 문법적 예외를 가리킨다.; pali: asamatthasamāsa | gloss: safety from bondage; ko: 속박으로부터의 안전; note: 일반적으로 열반을 뜻하나 여기서는 괴로움의 속박에서 벗어난 상태를 설명한다.; pali: yogakkhema	asamatthasamāsa는 부정 접두사 'a'가 복합어의 첫 번째 요소가 아닌 두 번째 요소를 부정하는 등 일반적인 복합어 규칙에 맞지 않는 형태를 가리키는 문법 용어이다. | 'Asūriyapassāni mukhānī'는 '태양이 아닌 것을 보는 얼굴'이 아니라 '태양을 보지 못하는 얼굴'로 해석되듯, a-가 sūriya가 아닌 passa를 부정하는 예시이다.	yogakkhema(속박으로부터의 안전)는 일반적으로 네 가지 속박(yoga)으로부터 벗어난 열반을 가리키지만, 여기서는 '괴로움의 속박으로부터 안전함'이라는 어원적 의미를 바탕으로 두려움 없는 상태 일반에 적용됨을 설명하고 있다.	appiyanti의 정확한 어원. 문맥상 gamiyanti, pavesīyanti로 풀이되므로 appeti(다가가다, 들어가다)의 수동태로 해석하였다.	
288	vri:romn:s0302t.tik:75cb6eb45b34	romn/s0302t.tik.xml	70b1fa78eff780ed417be42d03e09001bc547b5a4b1c7b8f35596a4f98cbfe80	tika	prose	long	representative	representative_stratified	sutta	Saṃyuttanikāye	succeeded	True	False	226. Mahāmukhaukkhalīnanti mahāmukhānaṃ mahantakoḷumbānaṃ sataṃ. Paṇītabhojanabharitānanti sappimadhusakkarādīhi upanītapaṇītabhojanehi paripuṇṇānaṃ. Tassāti pāṭhassa. Goduhanamattanti godohanavelāmattaṃ. Taṃ pana kittakaṃ adhippetanti āha ‘‘gāviyā’’tiādi. Sabbasattesu hitapharaṇanti anodhisomettābhāvanamāha – mettacittaṃ appanāppattaṃ bhāvetuṃ sakkotīti adhippāyo. Tampi tato yathāvuttadānato mahapphalataranti.	'큰 입구의 솥들의(mahāmukhaukkhalīnaṃ)'라는 것은 큰 입구를 가진 큰 항아리 백 개를 말한다. '탁월한 음식으로 가득 찬(paṇītabhojanabharitānaṃ)'이라는 것은 기(ghee), 꿀, 설탕 등으로 제공된 탁월한 음식들로 가득 찬 것을 말한다. '그것의(tassā)'라는 것은 구절의 (일부)이다. '소를 젖 짜는 정도(goduhanamattaṃ)'라는 것은 소의 젖을 짜는 시간 정도를 말한다. 그런데 그것은 얼마만큼을 의도한 것인가에 대해 '암소의' 등이라고 말했다. '모든 중생들에게 이익을 퍼지게 함'이라는 것은 한계 없는 자애 수행을 말한다. 자애의 마음을 본삼매에 도달한 상태로 닦을 수 있다는 의도이다. 그것도 그 앞서 말한 보시보다 더 큰 결실이 있다는 것이다.	'큰 입구의 솥들의(mahāmukhaukkhalīnaṃ)'라는 것은 큰 입구를 가진 큰 항아리 백 개를 말한다. '탁월한 음식으로 가득 찬(paṇītabhojanabharitānaṃ)'이라는 것은 기(ghee), 꿀, 설탕 등으로 제공된 탁월한 음식들로 가득 찬 것을 말한다. '그것의(tassā)'라는 것은 구절의 일부이다. '소를 젖 짜는 정도(goduhanamattaṃ)'라는 것은 소의 젖을 짜는 시간 정도를 말한다. 그런데 그것은 얼마만큼의 시간을 의도한 것인가에 대해 (주석서에서) '암소의' 등이라고 말했다. '모든 중생들에게 이익을 퍼지게 함'이라는 것은 한계 없는 자애 수행을 말한다. 자애의 마음을 본삼매에 도달한 상태로 닦을 수 있다는 의도이다. 그것도 앞서 말한 보시보다 더 큰 결실이 있다는 것이다.	gloss: of pots with large mouths; ko: 큰 입구의 솥들의; note: mahā(큰) + mukha(입구) + ukkhalīnaṃ(솥들의)의 복합어.; pali: mahāmukhaukkhalīnaṃ | gloss: the measure of milking a cow; ko: 소를 젖 짜는 정도; note: 짧은 시간을 비유적으로 나타내는 표현.; pali: goduhanamatta | gloss: unbounded loving-kindness meditation; ko: 한계 없는 자애 수행; note: 대상을 제한하지 않고 모든 중생에게 자애를 보내는 수행을 의미한다.; pali: anodhisomettābhāvanā | gloss: attained to absorption; ko: 본삼매에 도달한; note: appanā(본삼매) + patta(도달한)의 복합어.; pali: appanāppatta	Tassāti pāṭhassa는 'tassā iti pāṭhassa'로 분석되며, 'tassā'라는 단어가 구절(pāṭha)의 일부임을 나타내거나 'tassa'라는 구절의 의미를 설명하는 구조일 수 있다.	anodhisomettābhāvanā(한계 없는 자애 수행)는 특정 대상에 국한하지 않고 모든 중생(sabbasatta)을 대상으로 삼는 자애 수행을 가리킨다. | appanāppatta(본삼매에 도달한)는 자애 수행이 근접삼매를 넘어선 깊은 선정 상태인 본삼매(appanā samādhi)에 이르렀음을 의미한다.	Tassāti pāṭhassa의 정확한 의미가 불확실하다. 문맥상 'tassā'라는 단어가 구절에 있다는 뜻이거나, 'tassa'라는 구절의 의미를 설명하는 부분일 수 있으나 직역을 유지하였다.	grammar_uncertain
289	vri:romn:abh03t.tik:5ce9d8787e18	romn/abh03t.tik.xml	094fde31726a987cebe1f5d38d71a4d09e0cd12cda5e0efff08c1baa36cc35fc	tika	prose	long	representative	representative_stratified	abhidhamma	Abhidhammapiṭake	succeeded	True	False	Paṭilome pana yathā anulome ‘‘uppajjissati nirujjhissatī’’ti uppādanirodhā anāgatā sarūpavasena vuttā, evaṃ avuttattā yathā tattha saṃsayapadena gahitassa indriyassa pavattiyampi uppādanirodhā cakkhundriyādimūlakesu yojitā, na evaṃ yojetabbā. Yathā hi uppādanirodhe atikkamitvā appatvā ca uppādanirodhā sambhavanti yojetuṃ, na evaṃ anuppādānirodhe atikkamitvā appatvā ca anuppādānirodhā sambhavanti abhūtābhāvassa abhūtābhāvaṃ atikkamitvā appatvā ca sambhavānuppattito, abhūtuppādanirodhābhāvo ca paṭilome pucchito, tasmāssa visesarahitassa abhūtābhāvassa vattamānānaṃ uppādassa viya kālantarayogābhāvato yādisānaṃ cakkhādīnaṃ uppādanirodhābhāvena pucchitabbassa nissayo sanniṭṭhānena sannicchito, tannissayā tādisānaṃyeva upapatticutiuppādanirodhānaṃ jīvitādīnampi anuppādānirodhā saṃsayapadena pucchitā hontīti ‘‘yassa cakkhundriyaṃ nuppajjissati, tassa somanassindriyaṃ nuppajjissatīti? Āmantā’’ti (yama. 3.indriyayamaka.308) ca, ‘‘yassa cakkhundriyaṃ na nirujjhissati, tassa somanassindriyaṃ na nirujjhissatīti? Āmantā’’ti ca vuttaṃ, na vuttaṃ ‘‘ye arūpaṃ upapajjitvā parinibbāyissantī’’tiādinā jīvitindriyaupekkhindriyādīsu viya vissajjananti.	"그러나 역관(paṭiloma)에서는, 순관(anuloma)에서 ""일어날 것이다, 멸할 것이다""라고 미래의 일어남과 멸함이 그 자체의 형태로 설해진 것처럼, 그렇게 설해지지 않았기 때문에, 거기(순관)에서 의심어(saṃsayapada)로 취해진 기능의 진행에서도 일어남과 멸함이 눈의 기능 등을 근본으로 하는 것들에 적용된 것처럼, 그렇게 적용되어서는 안 된다. 왜냐하면 일어남과 멸함을 넘어서고 도달하지 않고서 일어남과 멸함을 적용하는 것이 가능한 것처럼, 그렇게 일어나지 않음과 멸하지 않음을 넘어서고 도달하지 않고서 일어나지 않음과 멸하지 않음이 가능한 것은 아니기 때문이다. 존재하지 않는 것의 비존재가 존재하지 않는 것의 비존재를 넘어서고 도달하지 않고서 가능함이 발생하지 않기 때문이며, 존재하지 않는 일어남과 멸함의 비존재가 역관에서 질문되었기 때문이다. 그러므로 차이가 없는 존재하지 않는 것의 비존재는, 현재의 것들의 일어남처럼 다른 시간과의 결합이 없기 때문에, 어떠한 눈 등의 일어남과 멸함의 비존재로 질문되어야 할 것의 의지처가 정립어(sanniṭṭhānapada)에 의해 결정되고, 그것을 의지하여 바로 그러한 재생연결과 죽음의 일어남과 멸함의, 그리고 생명 기능 등의 일어나지 않음과 멸하지 않음이 의심어로 질문된 것이다. 그래서 ""'누구에게 눈의 기능이 일어나지 않을 것인가, 그에게 기쁨의 기능이 일어나지 않을 것인가? 그렇다.'라고, 그리고 '누구에게 눈의 기능이 멸하지 않을 것인가, 그에게 기쁨의 기능이 멸하지 않을 것인가? 그렇다.'라고 설해진 것이며, 생명 기능과 평온 기능 등에서처럼 '무색계에 태어나서 완전한 열반에 들 자들'이라는 등의 대답이 설해지지 않은 것이다."""	"그러나 역관(paṭiloma)에서는 순관(anuloma)에서처럼 ""일어날 것이다, 멸할 것이다""라는 미래의 일어남과 멸함이 명시적으로 설해지지 않았습니다. 따라서 순관에서 의심어(saṃsayapada, 두 번째 구절)로 취해진 기능의 진행에 대해 눈의 기능 등을 근본으로 삼아 일어남과 멸함을 적용했던 방식을 역관에 그대로 적용해서는 안 됩니다. 일어남과 멸함의 경우에는 그것을 넘어서거나 아직 도달하지 않은 상태를 상정하여 적용하는 것이 가능하지만, 일어나지 않음과 멸하지 않음의 경우에는 그것을 넘어서거나 도달하지 않은 상태를 상정하는 것이 불가능하기 때문입니다. 존재하지 않는 것의 비존재를 넘어서거나 도달하지 않은 상태가 성립할 수 없으며, 역관에서는 애초에 존재하지 않는 일어남과 멸함의 비존재를 묻고 있기 때문입니다. 그러므로 아무런 차이가 없는 '존재하지 않는 것의 비존재'는 현재 일어나는 현상들처럼 다른 시간대와 결합할 수 없습니다. 따라서 눈의 기능 등의 일어남과 멸함이 없다는 질문의 토대는 정립어(sanniṭṭhānapada, 첫 번째 구절)에 의해 확정되며, 이를 근거로 재생연결과 죽음의 순간에 일어남과 멸함, 그리고 생명 기능 등의 일어나지 않음과 멸하지 않음이 의심어로 질문되는 것입니다. 그렇기 때문에 야마까(쌍론)에서 ""'누구에게 눈의 기능이 일어나지 않을 것인가, 그에게 기쁨의 기능이 일어나지 않을 것인가? 그렇다.' 그리고 '누구에게 눈의 기능이 멸하지 않을 것인가, 그에게 기쁨의 기능이 멸하지 않을 것인가? 그렇다.'""라고 단순하게 설해진 것이며, 생명 기능이나 평온 기능 등에서처럼 '무색계에 태어나서 완전한 열반에 들 자들'과 같은 분석적인 대답이 설해지지 않은 것입니다."	gloss: forward method; ko: 순관; note: 야마까(쌍론)에서 긍정형으로 묻는 순방향의 논리 전개를 뜻한다.; pali: anuloma | gloss: reverse method; ko: 역관; note: 야마까에서 부정형으로 묻는 역방향의 논리 전개를 뜻한다.; pali: paṭiloma | gloss: proposition term; ko: 정립어; note: 야마까의 질문 쌍에서 전제가 되는 첫 번째 구절을 가리킨다.; pali: sanniṭṭhānapada | gloss: doubt term; ko: 의심어; note: 야마까의 질문 쌍에서 질문이 되는 두 번째 구절을 가리킨다.; pali: saṃsayapada | gloss: non-existence of what has not become; ko: 존재하지 않는 것의 비존재; note: 부정형(역관) 질문의 논리적 특성을 설명하기 위해 쓰인 복합어이다.; pali: abhūtābhāva	sanniṭṭhānena sannicchito: sanniṭṭhāna(정립어)에 의해 sannicchita(결정된, 확정된) 구조로, 야마까의 논리적 전제 확립을 보여준다. | abhūtābhāvassa abhūtābhāvaṃ atikkamitvā appatvā ca: '존재하지 않는 것의 비존재'라는 추상적 개념이 시간적 전후 관계(atikkamitvā, appatvā)를 가질 수 없음을 나타내는 복잡한 구문이다.	이 단락은 《야마까(쌍론)》의 기능쌍론(Indriyayamaka)에서 순관(anuloma)과 역관(paṭiloma)의 질문 방식 차이를 해설하는 복주석(Ṭīkā)의 내용이다. | 역관의 부정형 질문('일어나지 않을 것인가?')에서는 긍정형 질문과 달리 시간적 경과나 예외적 상황(무색계 태어남 등)을 세분화하여 답하지 않고 단순 긍정(Āmantā)으로 답하는 논리적 이유를 '비존재의 특성'으로 설명하고 있다.	abhūtuppādanirodhābhāvo의 정확한 번역이 까다로우나, 문맥상 '존재하지 않는(abhūta) 일어남과 멸함(uppādanirodha)의 비존재(abhāva)'로 직역하여 역관의 부정적 성격을 나타내는 것으로 보았다.	needs_human_review
290	vri:romn:vin01t1.tik:e790c326e294	romn/vin01t1.tik.xml	acec2905497e2c932212cb0e41791108737f4db764c5f93321a65164c130f86e	tika	prose	long	representative	representative_stratified	vinaya	Vinayapiṭake	succeeded	True	False	Nanu ca atthamattaṃ paṭicca saddā abhinivisanti, na ekena saddena aneke atthā abhidhīyantīti? Saccametaṃ saddavisese apekkhite. Saddavisese hi apekkhiyamāne ekena saddena anekatthābhidhānaṃ na sambhavati. Na hi yo kālattho samayasaddo, soyeva samūhādiatthaṃ vadati. Ettha pana tesaṃ tesaṃ atthānaṃ samayasaddavacanīyatāsāmaññamupādāya anekatthatā samayasaddassa vuttā. Evaṃ sabbattha atthuddhāre adhippāyo veditabbo. Idha panassa kālo atthoti assa samayasaddassa idha kālo attho samavāyādīnaṃ atthānaṃ idha asambhavato desadesakādīnaṃ viya nidānabhāvena kālassa apadisitabbato ca.	"""의미만을 조건으로 단어들이 확립되고, 하나의 단어에 의해 여러 의미들이 표현되지 않는 것 아닌가?"" (라고 묻는다면), 단어의 특수성이 고려될 때 이것은 사실이다. 왜냐하면 단어의 특수성이 고려될 때, 하나의 단어에 의해 여러 의미가 표현되는 것은 발생하지 않기 때문이다. 왜냐하면 시간의 의미를 가진 '사마야(samaya)'라는 단어가, 바로 그것이 무리 등의 의미를 말하지는 않기 때문이다. 그러나 여기서는 그 여러 의미들이 '사마야'라는 단어로 표현될 수 있다는 공통성에 근거하여, '사마야'라는 단어의 다의성(여러 의미를 가짐)이 설해졌다. 이와 같이 모든 곳에서 의미를 도출할 때 그 의도를 알아야 한다. ""그러나 여기서 이것의 의미는 시간이다""라는 것은, 이 '사마야'라는 단어의 여기서의 의미가 시간이라는 것이다. 왜냐하면 화합 등의 의미들이 여기서는 불가능하기 때문이고, 장소와 설법자 등처럼 인연(배경)으로서 시간이 지시되어야 하기 때문이다."	"""단어는 오직 의미에만 근거하여 확립되므로, 하나의 단어로 여러 의미를 표현할 수는 없는 것 아닌가?""라고 묻는다면, 단어의 특수성을 고려할 때 이것은 사실이다. 단어의 특수성을 고려하면 하나의 단어로 여러 의미를 표현하는 일은 발생하지 않기 때문이다. 시간의 의미를 지닌 '사마야(samaya)'라는 단어가 그 자체로 무리(samūha) 등의 다른 의미를 나타내지는 않기 때문이다. 그러나 여기서는 여러 의미들이 '사마야'라는 단어로 표현될 수 있다는 공통성에 근거하여 '사마야'라는 단어가 여러 의미를 가진다고 설한 것이다. 이와 같이 모든 곳에서 의미를 도출할 때 그 의도를 이해해야 한다. ""그러나 여기서 이 단어의 의미는 시간이다""라고 한 것은, 이 '사마야'라는 단어의 본 문맥상 의미가 시간이라는 뜻이다. 왜냐하면 화합(samavāya) 등의 다른 의미들은 여기서는 성립할 수 없고, 장소나 설법자 등과 마찬가지로 시간 역시 인연(설법의 배경)으로서 제시되어야 하기 때문이다."	gloss: the word 'samaya'; ko: '사마야'라는 단어; note: 경전 서두의 '한때(ekaṃ samayaṃ)'에 쓰인 samaya 단어의 다의성을 논의하는 문맥이다.; pali: samayasadda | gloss: extraction of meaning; ko: 의미 도출; note: 주석서에서 단어의 여러 의미 중 문맥에 맞는 의미를 이끌어내는 주석적 방법을 가리킨다.; pali: atthuddhāra | gloss: source/setting; ko: 인연; note: 경전이 설해진 배경(시간, 장소, 설법자 등)을 의미하는 주석서 용어로 쓰였다.; pali: nidāna | gloss: concourse; ko: 화합; note: '사마야(samaya)' 단어가 가질 수 있는 여러 의미 중 하나로 언급되었다.; pali: samavāya	Saddavisese apekkhite와 Saddavisese hi apekkhiyamāne는 처격 절대구문(Locative Absolute)으로, '~이 고려될 때'라는 조건이나 상황을 나타낸다. | asambhavato와 apadisitabbato는 탈격(-to) 형태로 쓰여 이유나 원인('~불가능하기 때문에', '~지시되어야 하기 때문에')을 나타낸다.	주석서 전통에서는 경전의 도입부(nidāna)에 등장하는 'ekaṃ samayaṃ(한때)'의 'samaya'라는 단어가 시간(kāla), 무리(samūha), 화합(samavāya) 등 여러 의미로 쓰일 수 있음을 분석하며, 본 문맥에서는 '시간'의 의미로 쓰였음을 논증하고 있다. | 경이 설해진 배경(nidāna)을 설명할 때 장소(desa), 설법자(desaka)와 함께 시간(kāla)이 필수적으로 명시되어야 함을 보여준다.	samayasaddavacanīyatāsāmaññamupādāya는 복합어로 '사마야라는 단어로 표현될 수 있다는 공통성에 근거하여'로 번역했으나, 문맥에 따라 '사마야라는 단어의 일반적인 쓰임에 근거하여'로도 해석될 여지가 있다.	
291	vri:romn:s0302t.tik:99fa4fb3f39e	romn/s0302t.tik.xml	52bd7a3801df4dfdcedad46c0895a14beb06b3f19e3a06dd0cea79294cf489f2	tika	prose	long	representative	representative_stratified	sutta	Saṃyuttanikāye	succeeded	True	False	Cavanakavasenāti cavanakānaṃ khandhānaṃ vasena. Ekacatupañcakkhandhāya cutiyā cavanameva cavanatāti āha ‘‘bhāvavacanena lakkhaṇanidassana’’nti, pāḷiyaṃ ‘‘cutī’’ti vuttassa maraṇassa sabhāvadassananti attho. Bhaṅguppatti bhijjamānatā. Tena ‘‘bhedo’’ti iminā khandhānaṃ bhijjamānatā bhedasamaṅgitā vuttāti dasseti. Ṭhānābhāvaparidīpananti kenacipi ākārena avaṭṭhānābhāvadīpanaṃ. Ghaṭassevāti hi visadisūdāharaṇaṃ. Yathā ghaṭe bhinne kapālādiavayavaseso labbhati, na evaṃ cutikkhandhesu bhaṅgesu, na koci viseso tiṭṭhatīti dassetuṃ ‘‘antaradhāna’’nti vuttaṃ. Maccusaṅkhātaṃ maraṇanti maccusaññitaṃ maraṇaṃ. ‘‘Kālamaraṇa’’nti vadanti. Santānassa accantasamucchedabhūtaṃ khīṇāsavānaṃ maraṇaṃ samucchedamaraṇaṃ. Ādi-saddena khaṇikamaraṇaṃ saṅgaṇhāti. Tassa kiriyāti antakassa kiriyā, yā loke vuccati ‘‘maccū’’ti, maraṇanti attho. Cavanakālo eva vā anatikkamanīyattā visesena kāloti vuttoti tassa kiriyā atthato cutikkhandhānaṃ bhedapavattiyeva. ‘‘Maccu maraṇa’’nti vā ettha samāsaṃ akatvā yo ‘‘maccū’’ti vuccati bhedo, tameva maraṇaṃ ‘‘pāṇacāgo’’ti evamettha attho daṭṭhabbo.	"'죽어가는 것의 힘으로(cavanakavasena)'라는 것은 죽어가는 무더기들의 힘으로라는 뜻이다. 1, 4, 5 무더기의 죽음에 대해 죽어가는 것 자체가 죽어감이라고 하여 ""상태를 나타내는 말로 특징을 보여주는 것""이라고 말했으니, 빠알리에서 ""죽음(cuti)""이라고 설해진 죽음의 고유성질을 보여주는 것이라는 뜻이다. 무너짐의 발생(bhaṅguppatti)은 부서지는 상태이다. 그것으로 ""부서짐(bheda)""이라는 이 말로 무더기들의 부서지는 상태, 즉 부서짐을 갖춘 상태가 설해졌음을 보여준다. '머묾이 없음을 보여줌(ṭhānābhāvaparidīpana)'이라는 것은 어떤 형태로든 존속함이 없음을 보여주는 것이다. '마치 물항아리처럼'이라는 것은 참으로 같지 않은 예시이다. 마치 물항아리가 부서졌을 때 조각 등의 부분의 나머지가 얻어지지만, 죽어가는 무더기들이 무너졌을 때는 이와 같지 않아서 어떤 특별한 것도 머물지 않는다는 것을 보여주기 위해 ""사라짐(antaradhāna)""이라고 설해졌다. '사신이라 불리는 죽음(maccusaṅkhātaṃ maraṇaṃ)'이라는 것은 사신이라 이름 붙여진 죽음이다. ""때가 된 죽음(kālamaraṇa)""이라고 말한다. 상속의 완전한 단절이 된 번뇌가 다한 자들의 죽음이 단절의 죽음(samucchedamaraṇa)이다. '등(ādi)'이라는 단어로 찰나의 죽음(khaṇikamaraṇa)을 포섭한다. '그의 작용(tassa kiriyā)'이라는 것은 끝내는 자의 작용이니, 세상에서 ""사신(maccu)""이라고 불리는 것이며, 죽음이라는 뜻이다. 혹은 죽음의 때 자체가 넘어설 수 없기 때문에 특별히 때(kāla)라고 설해졌으므로, 그의 작용은 의미상 죽어가는 무더기들의 부서짐의 진행일 뿐이다. 혹은 여기서 ""사신의 죽음(maccu maraṇa)""이라고 복합어를 만들지 않고, ""사신""이라고 불리는 부서짐, 그것이 바로 죽음이며 ""목숨을 버림(pāṇacāga)""이라고, 이렇게 여기서 의미를 보아야 한다."	"'죽어가는 것의 힘으로(cavanakavasena)'라는 것은 죽어가는 무더기(오온)들의 힘으로라는 뜻이다. 1온, 4온, 5온의 죽음에 대해 죽어가는 것 자체가 죽어감이라고 하여 ""상태를 나타내는 말로 특징을 보여주는 것""이라고 말했으니, 이는 빠알리 성전에서 ""죽음(cuti)""이라고 설해진 죽음의 고유성질을 보여주는 것이라는 뜻이다. 무너짐의 발생은 부서지는 상태이다. 그러므로 ""부서짐(bheda)""이라는 이 말로 무더기들의 부서지는 상태, 즉 부서짐을 갖춘 상태가 설해졌음을 보여준다. '머묾이 없음을 보여줌'이라는 것은 어떤 형태로든 존속함이 없음을 보여주는 것이다. '마치 물항아리처럼'이라는 것은 참으로 같지 않은 예시이다. 마치 물항아리가 부서졌을 때 조각 등의 잔해가 남는 것과 달리, 죽어가는 무더기들이 무너졌을 때는 이와 같지 않아서 어떤 특별한 것도 남아있지 않다는 것을 보여주기 위해 ""사라짐(antaradhāna)""이라고 설해졌다. '사신이라 불리는 죽음'이라는 것은 사신이라 이름 붙여진 죽음이다. 이를 ""때가 된 죽음(kālamaraṇa)""이라고 말한다. 상속의 완전한 단절이 된 번뇌가 다한 자(아라한)들의 죽음이 단절의 죽음(samucchedamaraṇa)이다. '등(ādi)'이라는 단어로 찰나의 죽음(khaṇikamaraṇa)을 포섭한다. '그의 작용(tassa kiriyā)'이라는 것은 끝내는 자의 작용이니, 세상에서 ""사신(maccu)""이라고 불리는 것이며, 죽음이라는 뜻이다. 혹은 죽음의 때 자체가 넘어설 수 없기 때문에 특별히 때(kāla)라고 설해졌으므로, 그의 작용은 의미상 죽어가는 무더기들의 부서짐의 진행일 뿐이다. 혹은 여기서 ""사신의 죽음(maccu maraṇa)""이라고 복합어를 만들지 않고, ""사신""이라고 불리는 부서짐, 그것이 바로 죽음이며 ""목숨을 버림(pāṇacāga)""이라고, 이렇게 여기서 의미를 보아야 한다."	gloss: Death; ko: 사신; note: 죽음을 의인화한 표현으로 쓰였다.; pali: maccu | gloss: death by complete cutting off; ko: 단절의 죽음; note: 윤회의 상속이 완전히 끊어진 아라한의 죽음을 의미한다.; pali: samucchedamaraṇa | gloss: momentary death; ko: 찰나의 죽음; note: 매 순간 일어나는 현상의 소멸을 의미한다.; pali: khaṇikamaraṇa | gloss: passing away; ko: 죽음; note: 한 생에서 다음 생으로 넘어가는 죽음을 뜻한다.; pali: cuti | gloss: breaking up; ko: 부서짐; note: 무더기(오온)가 해체되는 과정을 나타낸다.; pali: bheda	Ekacatupañcakkhandhāya cutiyā는 1온(무상유정천), 4온(무색계), 5온(욕계, 색계)을 가진 유정들의 죽음을 의미한다. | visadisūdāharaṇaṃ은 visadisa(같지 않은)와 udāharaṇaṃ(예시)의 연음으로, 비유 대상과 완전히 일치하지 않는 예시를 뜻한다.	불교에서 죽음은 크게 때가 된 죽음(kālamaraṇa), 단절의 죽음(samucchedamaraṇa, 아라한의 반열반), 찰나의 죽음(khaṇikamaraṇa, 매 순간 일어나는 소멸) 등으로 분류된다. | 물항아리가 깨지면 파편이 남지만, 오온이 무너질 때는 아무것도 남지 않는다는 비유를 통해 무아(anattā)와 무상(anicca)의 철저함을 설명하고 있다.		
292	vri:romn:s0305t.tik:f985488968a4	romn/s0305t.tik.xml	0b1594a9735ddd823e096bf1ef6a3a31f6bc6bab552b46c2c56c52226a5a96bc	tika	prose	long	representative	representative_stratified	sutta	Saṃyuttanikāye	succeeded	True	False	Lajjanākārasaṇṭhitāti pāpato jigucchanākārasaṇṭhitā. Bhāyanākārasaṇṭhitanti uttasanākārasaṇṭhitaṃ. Etthāti hiriottappe. Vidati, vindatīti vā vijjā. Viddasūti ca sappaññapariyāyoti āha ‘‘viddasunoti viduno’’ti. Yāthāvadiṭṭhīti aviparītā diṭṭhi, saṃkilesato niyyānikadiṭṭhi. Sammādiṭṭhi pahotīti ettha sā vijjā sammādiṭṭhi veditabbā. Na ekato sabbāni labbhanti sammāvācākammantājīvānaṃ pubbābhisaṅkhārassa anekarūpattā. Lokuttaramaggakkhaṇe ekato labbhanti kiccato bhinnānampi tāsaṃ tattha sarūpato abhinnattā. Ekā eva hi virati maggakkhaṇe tissannampi viratīnaṃ kiccaṃ sādhentī pavattati, yathā ekā eva sammādiṭṭhi parijānanādivasena catubbidhakiccaṃ sādhentī pavattati. Tāni ca kho sabbāni aṭṭhapi paṭhamajjhānike magge labbhantīti yojanā. Paṭhamajjhāniketi paṭhamajhānavante.	"'부끄러워하는 양상으로 확립된(Lajjanākārasaṇṭhitā)'이란 악으로부터 혐오하는 양상으로 확립된 것이다. '두려워하는 양상으로 확립된(Bhāyanākārasaṇṭhitaṃ)'이란 경악하는 양상으로 확립된 것이다. '여기서(Ettha)'란 양심과 수치심(hiriottappe)에서이다. 안다(vidati)거나 발견한다(vindati)고 해서 명지(vijjā)이다. 그리고 '지혜로운 자(viddasū)'는 통찰지를 지닌 자의 동의어이므로 ""'지혜로운 자의(viddasuno)'란 '아는 자의(viduno)'이다""라고 말했다. '여실한 견해(Yāthāvadiṭṭhī)'란 왜곡되지 않은 견해이며, 오염원으로부터 벗어나게 하는 견해이다. '바른 견해가 생겨난다(Sammādiṭṭhi pahoti)'라는 여기서 그 명지는 바른 견해로 이해되어야 한다. 바른 말, 바른 행위, 바른 생계의 이전 의도적 행위(pubbābhisaṅkhāra)가 여러 형태이기 때문에 모든 것이 한꺼번에 얻어지지는 않는다. 출세간의 도의 순간에는 한꺼번에 얻어지는데, 그것들이 기능적으로는 다르더라도 거기서는 고유한 성질(sarūpa)로 다르지 않기 때문이다. 왜냐하면 도의 순간에는 단 하나의 절제(virati)가 세 가지 절제의 기능을 성취하며 진행되기 때문이니, 마치 단 하나의 바른 견해가 철저히 앎(parijānanā) 등의 작용으로 네 가지 기능을 성취하며 진행되는 것과 같다. ""그리고 참으로 그 모든 여덟 가지는 초선에 속하는 도에서 얻어진다""라는 것이 문장 연결(yojanā)이다. '초선에 속하는(Paṭhamajjhānike)'이란 초선을 지닌 것에서이다."	"'부끄러워하는 양상으로 확립된 것'이란 악을 혐오하는 양상으로 확립된 것을 뜻한다. '두려워하는 양상으로 확립된 것'이란 경악하는 양상으로 확립된 것을 뜻한다. '여기서'란 양심과 수치심(hiri-ottappa)을 두고 한 말이다. 안다거나 발견한다고 해서 명지(vijjā)라고 한다. 그리고 '지혜로운 자(viddasū)'는 통찰지를 지닌 자의 동의어이므로 주석서에서 ""'지혜로운 자의'란 '아는 자의'를 뜻한다""라고 말한 것이다. '여실한 견해'란 왜곡되지 않은 견해이며, 오염원으로부터 벗어나게 하는 견해이다. '바른 견해가 생겨난다'라고 한 대목에서 그 명지는 바른 견해로 이해되어야 한다. 바른 말, 바른 행위, 바른 생계를 일으키는 이전의 의도적 행위가 제각기 다르기 때문에, 세간의 도에서는 이 모든 것이 한꺼번에 얻어지지는 않는다. 그러나 출세간의 도의 순간에는 한꺼번에 얻어지는데, 그것들이 기능적으로는 다르더라도 출세간의 도에서는 고유한 성질이 다르지 않기 때문이다. 도의 순간에는 단 하나의 절제(virati)가 세 가지 절제의 기능을 모두 성취하며 작용하기 때문이다. 이는 마치 단 하나의 바른 견해가 고성제를 철저히 아는 것 등의 작용을 통해 네 가지 진리에 대한 기능을 동시에 성취하며 작용하는 것과 같다. ""그리고 참으로 그 모든 여덟 가지는 초선에 속하는 도에서 얻어진다""라고 문장을 연결해야 한다. '초선에 속하는'이란 초선을 지닌 도를 뜻한다."	gloss: true knowledge; ko: 명지; note: 무명(avijjā)의 반대말로서 진리를 아는 지혜를 뜻한다.; pali: vijjā | gloss: shame and moral dread; ko: 양심과 수치심; note: 악행을 부끄러워하고 두려워하는 도덕적 감각을 가리킨다.; pali: hiriottappa | gloss: abstinence; ko: 절제; note: 팔정도 중 바른 말, 바른 행위, 바른 생계의 세 가지 도덕적 절제를 가리킨다.; pali: virati | gloss: prior volitional formation; ko: 이전의 의도적 행위; note: 행위를 일으키기 전의 의도나 준비 상태를 뜻한다.; pali: pubbābhisaṅkhāra | gloss: construction; ko: 문장 연결; note: 주석서에서 문맥이나 구문을 연결하여 해석하는 방식을 가리킨다.; pali: yojanā	Vidati, vindatīti vā vijjā는 어원적 해석(nirutti)을 보여주는 구문으로, 어근 √vid(알다, 발견하다)에서 vijjā가 파생되었음을 설명한다. | kiccato bhinnānampi tāsaṃ tattha sarūpato abhinnattā에서 탈격(-to)은 관점이나 이유를 나타내며, 기능적(kiccato)으로는 다르지만 고유한 성질(sarūpato)로는 다르지 않음을 대조한다.	세간의 도에서는 바른 말, 바른 행위, 바른 생계라는 세 가지 절제(virati)가 각각 다른 대상을 가지므로 동시에 일어나지 않지만, 출세간의 도의 순간에는 열반을 대상으로 삼아 하나의 절제로 동시에 일어남을 설명하고 있다. | 단 하나의 바른 견해가 네 가지 기능을 성취한다는 것은, 출세간의 도의 순간에 바른 견해가 고성제를 아는 것, 집성제를 버리는 것, 멸성제를 실현하는 것, 도성제를 닦는 것을 동시에 수행함을 의미한다.		
293	vri:romn:vin01t2.tik:fa47e7d9a810	romn/vin01t2.tik.xml	d997f8571cb437adefad3f2b5e397040216256c5a95d47d18b88535bae386e00	tika	prose	long	representative	representative_stratified	vinaya	Vinayapiṭake	succeeded	True	False	‘‘Yaṃ dummaṅkūnaṃ puggalānaṃ niggahāya…pe… yaṃ pesalānaṃ bhikkhūnaṃ phāsuvihārāya…pe… yaṃ diṭṭhadhammikānaṃ āsavānaṃ saṃvarāya…pe… yaṃ samparāyikānaṃ āsavānaṃ paṭighātāya…pe… yaṃ appasannānaṃ pasādāya…pe… yaṃ pasannānaṃ bhiyyobhāvāya…pe… yaṃ saddhammaṭṭhitiyā…pe… yaṃ vinayānuggahāya, taṃ saṅghasuṭṭhutāya, yaṃ vinayānuggahāya, taṃ saṅghaphāsutāya, yaṃ vinayānuggahāya, taṃ dummaṅkūnaṃ puggalānaṃ niggahāya, yaṃ vinayānuggahāya, taṃ pesalānaṃ bhikkhūnaṃ phāsuvihārāya, yaṃ vinayānuggahāya, taṃ diṭṭhadhammikānaṃ āsavānaṃ saṃvarāya, yaṃ vinayānuggahāya, taṃ samparāyikānaṃ āsavānaṃ paṭighātāya, yaṃ vinayānuggahāya, taṃ appasannānaṃ pasādāya, yaṃ vinayānuggahāya, taṃ pasannānaṃ bhiyyobhāvāya, yaṃ vinayānuggahāya, taṃ saddhammaṭṭhitiyā (pari. 334).	어떤 것이 뻔뻔스러운 자들을 제압하기 위한 것이고…(생략)… 어떤 것이 품행이 단정한 비구들의 편안한 머묾을 위한 것이고…(생략)… 어떤 것이 지금 여기의 번뇌들을 단속하기 위한 것이고…(생략)… 어떤 것이 내생의 번뇌들을 막기 위한 것이고…(생략)… 어떤 것이 청신하지 않은 자들의 청신함을 위한 것이고…(생략)… 어떤 것이 청신한 자들의 [청신함이] 늘어남을 위한 것이고…(생략)… 어떤 것이 정법의 존속을 위한 것이고…(생략)… 어떤 것이 율의 수호를 위한 것이면, 그것은 승가의 훌륭함을 위한 것이고, 어떤 것이 율의 수호를 위한 것이면, 그것은 승가의 편안함을 위한 것이고, 어떤 것이 율의 수호를 위한 것이면, 그것은 뻔뻔스러운 자들을 제압하기 위한 것이고, 어떤 것이 율의 수호를 위한 것이면, 그것은 품행이 단정한 비구들의 편안한 머묾을 위한 것이고, 어떤 것이 율의 수호를 위한 것이면, 그것은 지금 여기의 번뇌들을 단속하기 위한 것이고, 어떤 것이 율의 수호를 위한 것이면, 그것은 내생의 번뇌들을 막기 위한 것이고, 어떤 것이 율의 수호를 위한 것이면, 그것은 청신하지 않은 자들의 청신함을 위한 것이고, 어떤 것이 율의 수호를 위한 것이면, 그것은 청신한 자들의 [청신함이] 늘어남을 위한 것이고, 어떤 것이 율의 수호를 위한 것이면, 그것은 정법의 존속을 위한 것이다 (빠리바라 334).	어떤 것이 뻔뻔스러운 자들을 제압하기 위한 것이고…(생략)… 어떤 것이 품행이 단정한 비구들이 편안하게 머물게 하기 위한 것이고…(생략)… 어떤 것이 현생의 번뇌들을 단속하기 위한 것이고…(생략)… 어떤 것이 내생의 번뇌들을 막기 위한 것이고…(생략)… 어떤 것이 믿음이 없는 자들에게 믿음을 일으키기 위한 것이고…(생략)… 어떤 것이 믿음이 있는 자들의 믿음을 더욱 증장시키기 위한 것이고…(생략)… 어떤 것이 정법을 존속시키기 위한 것이고…(생략)… 어떤 것이 율(Vinaya)을 수호하기 위한 것이면, 그것은 승가의 훌륭함을 위한 것이고, 어떤 것이 율을 수호하기 위한 것이면, 그것은 승가의 편안함을 위한 것이고, 어떤 것이 율을 수호하기 위한 것이면, 그것은 뻔뻔스러운 자들을 제압하기 위한 것이고, 어떤 것이 율을 수호하기 위한 것이면, 그것은 품행이 단정한 비구들이 편안하게 머물게 하기 위한 것이고, 어떤 것이 율을 수호하기 위한 것이면, 그것은 현생의 번뇌들을 단속하기 위한 것이고, 어떤 것이 율을 수호하기 위한 것이면, 그것은 내생의 번뇌들을 막기 위한 것이고, 어떤 것이 율을 수호하기 위한 것이면, 그것은 믿음이 없는 자들에게 믿음을 일으키기 위한 것이고, 어떤 것이 율을 수호하기 위한 것이면, 그것은 믿음이 있는 자들의 믿음을 더욱 증장시키기 위한 것이고, 어떤 것이 율을 수호하기 위한 것이면, 그것은 정법을 존속시키기 위한 것이다 (빠리바라 334).	gloss: shameless person; ko: 뻔뻔스러운 자; note: 계율을 어기고도 부끄러워하지 않는 자를 가리키는 율장 용어이다.; pali: dummaṅku | gloss: well-behaved; ko: 품행이 단정한; note: 계율을 잘 지키고 성품이 좋은 비구를 수식할 때 쓰인다.; pali: pesala | gloss: support of the Vinaya; ko: 율의 수호; note: vinaya(율)와 anuggaha(도움, 보존, 수호)의 복합어이다.; pali: vinayānuggaha | gloss: continuation of the true Dhamma; ko: 정법의 존속; note: 부처님의 바른 가르침이 오래도록 머무는 것을 의미한다.; pali: saddhammaṭṭhiti | gloss: taint; ko: 번뇌; note: 마음을 오염시키고 윤회에 묶어두는 정신적 누루(漏)를 뜻한다.; pali: āsava	yaṃ... taṃ... 구문은 '어떤 것이 ~라면, 그것은 ~이다'라는 상관 관계로, 율의 수호라는 목적이 다른 모든 목적을 포괄함을 나타낸다. | niggahāya, phāsuvihārāya 등 -āya로 끝나는 명사들은 모두 목적을 나타내는 엮격(여격, Dative)으로 쓰였다.	이 단락은 부처님이 계목(sikkhāpada)을 제정하신 열 가지 목적(dasatthavasa)을 나열하며, 율의 수호가 곧 승가의 화합과 정법의 존속 등 모든 목적과 직결됨을 강조한다. | 괄호 안의 '(pari. 334)'는 이 인용문이 율장 빠리바라(Parivāra, 부수)의 334항에서 발췌되었음을 나타내는 주석서의 참조 표시이다.		
294	vri:romn:abh01t.tik:b3a5c3bac60d	romn/abh01t.tik.xml	3aedd7334a59e676876a2b1dc9040406b457188aa03cbf9ae81778ab2697f037	tika	prose	long	representative	representative_stratified	abhidhamma	Abhidhammapiṭake	succeeded	True	False	265. Sabbākārenāti evaṃ rūpanimittaṃ daṇḍādānasambhavadassanādinā sabbena rūparūpanimittesu tadārammaṇajjhānesu dosadassanākārena, rūpādīsu nikantippahānaanāvajjitukāmatādinā vā. Virāgāti jigucchanā. Āneñjābhisaṅkhāravacanādīhi āneñjatā ‘‘santā ime cunda ariyassa vinaye vimokkhā’’tiādinā santavimokkhatā ca vuttā. Dosadassanapaṭipakkhabhāvanāvasena paṭighasaññānaṃ suppahīnattā mahatāpi saddena arūpasamāpattito na vuṭṭhāti. Tathā pana na suppahīnattā sabbarūpasamāpattito vuṭṭhānaṃ siyā, paṭhamajjhānaṃ pana appakampi saddaṃ na sahatīti taṃ samāpannassa saddo kaṇṭakoti vuttaṃ.	"265. '모든 양상으로(sabbākārena)'라는 것은 이와 같이 몽둥이를 잡는 것의 발생을 보는 것 등을 통해, 물질과 물질의 표상들과 그것을 대상으로 하는 선정들에서 위험을 보는 모든 양상으로, 혹은 물질 등에서 탐착을 버림과 전향하고자 하지 않음 등을 통해서이다. '탐욕의 빛바램으로(virāgā)'라는 것은 혐오함이다. '흔들림 없는 의도적 행위(āneñjābhisaṅkhāra)'라는 말씀 등을 통해 흔들림 없음이, ""쭌다여, 성자의 율에서 이 해탈들은 고요하다""라는 [말씀] 등을 통해 고요한 해탈의 상태가 설해졌다. 위험을 보는 반대되는 것의 닦음의 힘으로 부딪힘의 인식(paṭighasaññā)들이 잘 버려졌기 때문에, 큰 소리에도 무색계 증득으로부터 출정하지 않는다. 그러나 그와 같이 잘 버려지지 않았기 때문에 모든 색계 증득으로부터 출정함이 있을 수 있다. 그러나 초선정은 적은 소리조차 견디지 못하므로, 그것을 증득한 자에게 소리는 가시라고 설해졌다."	"265. [주석서의] '모든 양상으로(sabbākārena)'라는 것은 이처럼 몽둥이를 잡는 폭력 등의 발생을 관찰하는 것을 통해, 물질과 물질의 표상들 및 그것을 대상으로 하는 선정을 위험으로 관찰하는 모든 양상으로, 혹은 물질 등에 대한 탐착을 버리고 [그것으로] 전향하고자 하지 않음 등을 통해서라는 뜻이다. '탐욕의 빛바램으로(virāgā)'라는 것은 혐오한다는 뜻이다. '흔들림 없는 의도적 행위(āneñjābhisaṅkhāra)'라는 말씀 등을 통해 흔들림 없음이 설해졌고, ""쭌다여, 성자의 율(vinaya)에서 이 해탈들은 고요하다""라는 말씀 등을 통해 고요한 해탈의 상태가 설해졌다. 위험을 관찰하는 반대되는 수행의 힘으로 부딪힘의 인식[有對想]들이 잘 버려졌기 때문에, 큰 소리에도 무색계의 증득에서 출정하지 않는다. 그러나 그와 같이 [부딪힘의 인식이] 잘 버려지지 않았기 때문에 모든 색계의 증득에서는 출정함이 있을 수 있다. 특히 초선정은 아주 작은 소리조차 견디지 못하므로, 초선정을 증득한 자에게 소리는 가시라고 설해진 것이다."	gloss: by all means/modes; ko: 모든 양상으로; note: 주석서에서 설명하고자 하는 표제어이다.; pali: sabbākārena | gloss: sign of form; ko: 물질의 표상; note: 무색계로 넘어가기 위해 극복해야 할 색계의 대상을 가리킨다.; pali: rūpanimitta | gloss: perception of sensory impingement; ko: 부딪힘의 인식; note: 여기서는 적의가 아니라 감각 기관과 대상이 부딪혀 일어나는 감각적 인식을 뜻한다.; pali: paṭighasaññā | gloss: formless attainment; ko: 무색계 증득; note: 물질의 인식을 초월한 무색계의 선정을 가리킨다.; pali: arūpasamāpatti | gloss: imperturbable volitional formation; ko: 흔들림 없는 의도적 행위; note: 무색계의 업을 형성하는 의도적 행위를 가리킨다.; pali: āneñjābhisaṅkhāra	daṇḍādānasambhavadassanādinā: daṇḍa(몽둥이) + ādāna(잡음) + sambhava(발생) + dassana(봄) + ādinā(~등을 통해)의 복합어로, 육체를 가짐으로써 발생하는 폭력적 상황의 위험을 보는 것을 의미한다. | Dosadassanapaṭipakkhabhāvanāvasena: 위험을 보는 것(dosadassana)이 곧 부딪힘의 인식에 대한 반대되는 것(paṭipakkha)이며, 이를 닦는 힘(bhāvanāvasena)을 의미하는 복합어이다.	무색계 증득(arūpasamāpatti)의 문맥에서 '부딪힘의 인식(paṭighasaññā)'은 성냄이나 적의가 아니라, 감각 기관과 감각 대상이 부딪혀 일어나는 감각적 인식(특히 소리)을 의미한다. | 초선정에서 소리가 가시(kaṇṭaka)라는 비유는 앙굿따라 니까야(AN 10.72) 등에서 설해진 가시의 교설을 가리킨다.	Dosadassanapaṭipakkhabhāvanāvasena에서 '위험을 보는 것'이 '반대되는 것(paṭipakkha)'과 동격인지, 아니면 '위험을 보는 것'과 '반대되는 것의 닦음'이 별개인지 문법적 해석의 여지가 있으나, 문맥상 전자로 해석하였다.	
295	vri:romn:s0102t.tik:6cbbc4990e5c	romn/s0102t.tik.xml	fce19b046a8828af1b7e84bb8b7d60c7100581b3968fadd791dc60f6b3058522	tika	prose	long	representative	representative_stratified	sutta	Dīghanikāye	succeeded	True	False	Araññādikasseva bhāvanānurūpasenāsanataṃ dassetuṃ ‘‘imassahī’’tiādi vuttaṃ. Duddamo damathaṃ anupagato goṇo kūṭagoṇo. Dohanakāle yathā thanehi anavasesato khīraṃ na paggharati, evaṃ dohapaṭibandhinī kūṭadhenu. Rūpa-saddādike paṭicca uppajjanakaassādo rūpārammaṇādiraso. Pubbe āciṇṇārammaṇanti pabbajjato pubbe, anādimati vā saṃsāre paricitārammaṇaṃ. Nibandheyyāti bandheyya. Satiyāti sammadeva kammaṭṭhānassa sallakkhaṇavasena pavattāya satiyā. Ārammaṇeti kammaṭṭhānārammaṇe. Daḷhanti thiraṃ, yathā satokārissa upacārappanābhedo samādhi ijjhati, tathā thāmagataṃ katvāti attho.	숲 등이 수행에 적합한 처소임을 보여주기 위해 '이 자에게 참으로' 등이라고 설해졌다. '사나운 소'란 길들이기 어렵고 길들임을 받지 않은 소이다. 젖을 짤 때 마치 젖통에서 남김없이 젖이 흘러나오지 않는 것처럼, 이와 같이 젖 짜는 것을 방해하는 것이 '사나운 암소'이다. '형색의 대상 등의 맛'이란 형색, 소리 등을 조건으로 일어나는 달콤함이다. '이전에 익숙해진 대상'이란 출가하기 이전에, 또는 시작을 알 수 없는 윤회에서 친숙해진 대상이다. '묶어야 한다'란 묶어야 한다는 것이다. '마음챙김으로'란 바르게 명상주제를 알아차림을 통해 진행되는 마음챙김으로[이다]. '대상에'란 명상주제의 대상에[이다]. '단단히'란 견고하게, 마음챙김을 행하는 자에게 근접삼매와 본삼매로 구분되는 삼매가 성취되도록, 그와 같이 힘을 갖추게 하여서라는 뜻이다.	숲 등이 수행에 적합한 처소임을 보여주기 위해 '이 자에게 참으로' 등이라고 설해졌다. '사나운 소'란 길들이기 어렵고 길들임을 받지 않은 소이다. '사나운 암소'란 젖을 짤 때 젖통에서 젖이 남김없이 흘러나오지 않는 것처럼, 젖 짜는 것을 방해하는 것이다. '형색의 대상 등의 맛'이란 형색과 소리 등을 조건으로 일어나는 달콤함이다. '이전에 익숙해진 대상'이란 출가하기 이전에, 또는 시작을 알 수 없는 윤회에서 친숙해진 대상이다. '묶어야 한다'란 묶어야 한다는 것이다. '마음챙김으로'란 바르게 명상주제를 알아차림을 통해 진행되는 마음챙김으로라는 것이다. '대상에'란 명상주제의 대상에라는 것이다. '단단히'란 견고하게, 마음챙김을 행하는 자에게 근접삼매와 본삼매로 구분되는 삼매가 성취되도록, 그와 같이 힘을 갖추게 하여서라는 뜻이다.	gloss: untamed bull; ko: 사나운 소; note: 길들이기 어려운 소를 비유적으로 표현한 단어이다.; pali: kūṭagoṇa | gloss: untamed cow; ko: 사나운 암소; note: 젖 짜기를 거부하는 암소를 비유적으로 표현한 단어이다.; pali: kūṭadhenu | gloss: divided into access and absorption concentration; ko: 근접삼매와 본삼매로 구분되는; note: upacāra(근접)와 appanā(본), bheda(구분)의 복합어이다.; pali: upacārappanābhedo | gloss: meditation subject; ko: 명상주제; note: 수행의 대상을 가리키는 주석서의 핵심 용어이다.; pali: kammaṭṭhāna | gloss: noting, observing; ko: 알아차림; note: 대상의 특징을 관찰하고 알아차리는 작용을 의미한다.; pali: sallakkhaṇa	Araññādikasseva는 Araññādikassa와 eva의 연음이다. | satokārissa는 sata(마음챙김하는)와 kārin(행하는 자)이 결합된 형태의 속격으로, '마음챙김을 행하는 자에게'로 해석된다.	이 단락은 들숨날숨에 대한 마음챙김(ānāpānasati)을 닦기 위해 마음을 길들이는 과정을 사나운 소와 암소의 비유를 들어 설명하는 주석서의 내용을 해설하고 있다. | '근접삼매(upacāra-samādhi)'와 '본삼매(appanā-samādhi)'는 청정도론 등 주석서 문헌에서 확립된 삼매의 발전 단계이다.		
296	vri:romn:s0201t.tik:6872e4b62d4b	romn/s0201t.tik.xml	840b98c067024f2f5494a70ea6db3a01ff820134708d74c05a14522bad4a2df0	tika	prose	long	representative	representative_stratified	sutta	Majjhimanikāye	succeeded	True	False	142. Vadanti etenāti vādo, diṭṭhivādo. Diṭṭhivasena hi ‘‘sassato attā ca loko ca, asassato attā ca loko cā’’ti ca diṭṭhigatikā paññapenti. Tenāha ‘‘dvemā, bhikkhave, diṭṭhiyo’’ti (ma. ni. 1.142). Taṇhārahitāya diṭṭhiyā abhāvato taṇhāvaseneva ca attano sassatabhāvābhinivesoti katvā vuttaṃ ‘‘taṇhādiṭṭhivasenā’’ti. Allīnāti nissitā. Upagatāti avissajjanavasena ekibhāvamiva gatā. Ajjhositāti tāya diṭṭhiyā gilitvā pariniṭṭhāpitā viya tadantogadhā. Tenāha ‘‘anupaviṭṭhā’’ti. Yathā gahaṭṭhānaṃ kāmajjhosānaṃ vivādamūlaṃ, evaṃ pabbajitānaṃ diṭṭhajjhosānanti āha ‘‘vibhavadiṭṭhiyā te paṭiviruddhā’’ti. Diṭṭhivirodhena hi diṭṭhigatikavirodho.	이것에 의해 말한다고 하여 주장(vādo)이니, 견해의 주장(diṭṭhivādo)이다. 참으로 견해에 의해 '자아와 세계는 영원하다, 자아와 세계는 영원하지 않다'라고 견해에 빠진 자들은 천명한다. 그러므로 '비구들이여, 이 두 가지 견해가 있다'라고 말씀하셨다. 갈애가 없는 견해는 없기 때문에, 그리고 오직 갈애에 의해서만 자신의 영원한 상태에 대한 고집이 일어난다고 하여 '갈애와 견해에 의해'라고 설해졌다. '달라붙은(allīnā)'이란 의지한(nissitā) 것이다. '다가간(upagatā)'이란 포기하지 않음으로써 하나가 된 것처럼 된 것이다. '집착한(ajjhositā)'이란 그 견해에 의해 삼켜져서 완전히 결정된 것처럼 그 안에 들어간 것이다. 그러므로 '들어간(anupaviṭṭhā)'이라고 말했다. 마치 재가자들에게는 감각적 욕망에 대한 집착이 논쟁의 뿌리인 것처럼, 이와 같이 출가자들에게는 견해에 대한 집착이 [논쟁의 뿌리이다]라고 하여 '그들은 허무견과 대립한다'라고 말했다. 참으로 견해의 대립으로 인해 견해에 빠진 자들의 대립이 있는 것이다.	이것에 의해 말한다고 하여 주장(vādo)이니, 곧 견해의 주장(diṭṭhivādo)이다. 참으로 견해에 빠진 자들은 견해에 의해 '자아와 세계는 영원하다, 자아와 세계는 영원하지 않다'라고 천명한다. 그러므로 '비구들이여, 이 두 가지 견해가 있다'라고 말씀하셨다. 갈애가 없는 견해는 없기 때문에, 그리고 오직 갈애에 의해서만 자신의 영원한 상태에 대한 고집이 일어난다고 하여 '갈애와 견해에 의해'라고 설해졌다. '달라붙은(allīnā)'이란 의지한 것이다. '다가간(upagatā)'이란 포기하지 않음으로써 하나가 된 것처럼 된 것이다. '집착한(ajjhositā)'이란 그 견해에 의해 삼켜져서 완전히 결정된 것처럼 그 안에 들어간 것이다. 그러므로 '들어간(anupaviṭṭhā)'이라고 말했다. 마치 재가자들에게는 감각적 욕망에 대한 집착이 논쟁의 뿌리인 것처럼, 출가자들에게는 견해에 대한 집착이 논쟁의 뿌리라고 하여 '그들은 허무견과 대립한다'라고 말했다. 참으로 견해의 대립으로 인해 견해에 빠진 자들의 대립이 있는 것이다.	gloss: doctrine, assertion; ko: 주장; note: 말하는 행위나 그 내용을 뜻하며 여기서는 견해의 주장으로 쓰였다.; pali: vādo | gloss: view; ko: 견해; note: 주로 삿된 견해(악견)를 가리키는 문맥에서 사용되었다.; pali: diṭṭhi | gloss: craving; ko: 갈애; note: 견해를 일으키고 유지하게 만드는 근본 원인으로 언급되었다.; pali: taṇhā | gloss: annihilationist view; ko: 허무견; note: 존재가 사후에 단멸한다는 삿된 견해이다.; pali: vibhavadiṭṭhi | gloss: one who has fallen into views; ko: 견해에 빠진 자; note: 삿된 견해에 사로잡힌 사람을 가리킨다.; pali: diṭṭhigatika	Vadanti etenāti vādo는 etena(이것에 의해) vadanti(말한다) iti(라고 하여) vādo(주장)로 분석되는 어원적 설명이다. | kāmajjhosānaṃ과 diṭṭhajjhosānaṃ은 각각 kāma(감각적 욕망)와 diṭṭhi(견해)가 ajjhOSāna(집착)와 결합한 복합어이다.	재가자의 논쟁 뿌리가 감각적 욕망(kāma)이라면, 출가자의 논쟁 뿌리는 견해(diṭṭhi)라는 점을 대조하여 설명하고 있다. | 갈애(taṇhā)가 없는 견해(diṭṭhi)는 존재하지 않으며, 영원주의적 견해의 바탕에는 갈애가 자리 잡고 있음을 밝히고 있다.	pariniṭṭhāpitā를 '완전히 결정된'으로 해석했으나, 문맥에 따라 '완전히 끝마쳐진' 또는 '완성된'의 의미로도 볼 수 있다.	
297	vri:romn:s0101t.tik:227351868713	romn/s0101t.tik.xml	877ba93dae867139a836f12d300f45027ff524340664d2856d705f951d3783d7	tika	prose	long	representative	representative_stratified	sutta	Dīghanikāye	succeeded	True	False	‘‘Kāmarāgo bhavarāgo’’ti evamādi bhedo sabbopi rāgo virajjati etenāti rāgavirāgoti maggo kathito. Ejāsaṅkhātāya taṇhāya, antonijjhānalakkhaṇassa sokassa ca taduppattiyaṃ sabbaso parikkhīṇattā anejaṃ asokanti phalaṃ kathitaṃ. Appaṭikūlanti avirodhadīpanato kenaci aviruddhaṃ, iṭṭhaṃ paṇītanti vā attho. Paguṇarūpena pavattitattā, pakaṭṭhaguṇavibhāvanato vā paguṇaṃ. Yathāha ‘‘vihiṃsasaññī paguṇaṃ na bhāsiṃ, dhammaṃ paṇītaṃ manujesu brahme’’ti. (Ma. ni. 1.283; ma. ni. 2.339; mahāva. 9) sabbadhammakkhandhā kathitāti yojanā.	'감각적 욕망에 대한 탐욕, 존재에 대한 탐욕'이라는 등등의 구분을 가진 모든 탐욕이 이것에 의해 빛바래기 때문에 '탐욕의 빛바램'이라고 도(magga)가 설해졌다. 동요라고 불리는 갈애와, 안으로 타들어가는 특징을 가진 슬픔이 그것이 일어날 때 모든 면에서 완전히 소멸하기 때문에 '동요 없음', '슬픔 없음'이라고 과(phala)가 설해졌다. '거슬리지 않음'이란, 어긋나지 않음을 보여주기 때문에 그 어떤 것과도 어긋나지 않음, 혹은 원하고 수승한 것이라는 뜻이다. 익숙한 형태로 전개되기 때문에, 혹은 뛰어난 덕을 분명히 밝히기 때문에 '익숙함'이다. '범천이여, 나는 피곤할 것이라는 인식 때문에 인간들 가운데서 익숙하고 수승한 법을 설하지 않았노라.'라고 말씀하신 것과 같다. '모든 법의 무더기들이 설해졌다'라고 연결해야 한다.	'감각적 욕망에 대한 탐욕, 존재에 대한 탐욕' 등등으로 구분되는 모든 탐욕이 이것에 의해 빛바래기 때문에 '탐욕의 빛바램'이라고 도(道)를 설한 것이다. 동요라고 불리는 갈애와 안으로 타들어가는 특징을 가진 슬픔이 도가 일어날 때 모든 면에서 완전히 소멸하기 때문에 '동요 없음', '슬픔 없음'이라고 과(果)를 설한 것이다. '거슬리지 않음'이란 어긋나지 않음을 보여주기 때문에 그 어떤 것과도 어긋나지 않음, 혹은 원하고 수승한 것이라는 뜻이다. 익숙한 형태로 전개되기 때문에, 혹은 뛰어난 덕을 분명히 밝히기 때문에 '익숙함'이라고 한다. '범천이여, 나는 피곤할 것이라는 인식 때문에 인간들 가운데서 익숙하고 수승한 법을 설하지 않았노라.'라고 말씀하신 것과 같다. '모든 법의 무더기들이 설해졌다'라고 연결해야 한다.	gloss: fading away of lust; ko: 탐욕의 빛바램; note: 탐욕이 사라지는 과정을 나타내는 교리 용어이다.; pali: rāgavirāga | gloss: commotion, lust; ko: 동요; note: 갈애(taṇhā)의 동의어로 쓰였다.; pali: ejā | gloss: not disagreeable; ko: 거슬리지 않음; note: 어긋나지 않고 수용할 만한 상태를 의미한다.; pali: appaṭikūla | gloss: familiar, well-practiced; ko: 익숙함; note: 능숙하거나 순조로운 상태를 나타낸다.; pali: paguṇa | gloss: having the perception of vexation; ko: 피곤할 것이라는 인식을 가진 자; note: 일반적으로 '해코지하려는 인식'을 뜻하나, 이 문맥에서는 부처님이 법을 설하는 것이 피곤한 일이 될 것이라는 인식을 의미한다.; pali: vihiṃsasaññī	virajjati etenāti rāgavirāgoti: etena(이것에 의해) virajjati(빛바랜다) iti(라고 하여) rāgavirāgo(탐욕의 빛바램) iti(이라고)의 구조로, 기기격(etena)을 통해 도(magga)가 탐욕을 빛바래게 하는 수단임을 나타낸다. | vihiṃsasaññī paguṇaṃ na bhāsiṃ: bhāsiṃ은 1인칭 단수 아오리스트 동사이며, vihiṃsasaññī는 주어인 부처님 자신을 가리켜 '피곤할 것이라는 인식을 가진 자로서'라는 의미로 쓰였다.	여기서 도(magga)는 탐욕을 빛바래게 하는 원인으로, 과(phala)는 갈애와 슬픔이 완전히 소멸한 결과로 설명된다. | vihiṃsasaññī는 범천의 권청 문맥에서 부처님이 법을 설하는 것이 헛수고가 되어 피곤할 것이라는 인식(vihesasaññī)을 의미하는 것으로 주석서에서 해석된다.	paguṇa는 문맥에 따라 '익숙함', '능숙함', '순조로움' 등으로 번역될 수 있으나, 여기서는 '익숙한 형태로 전개됨(paguṇarūpena pavattitattā)'과 '뛰어난 덕(pakaṭṭhaguṇa)'의 언어유희적 해석을 고려하여 '익숙함'으로 번역했다.	
298	vri:romn:s0304t.tik:68f695149cf7	romn/s0304t.tik.xml	73772c771c3dbbfcaa5ae9b9de1921c1583cf993d1ba8c5485cb37a56e542d62	tika	prose	long	representative	representative_stratified	sutta	Saṃyuttanikāye	succeeded	True	False	Lobhassa aparāparuppattiyā bahuvacanavasena ‘‘lobhadhammā’’ti vuttaṃ. Uppajjantītipi attho yeva, yasmā uppajjamāno lobhadhammo attano hetupaccaye pariggahāpento jānāpento viya sahati pavattatīti. Imameva kāyanti ettha samūhatthe eva kāya-saddo gabbhāsayādiṭṭhānesu uppajjanadhammasamūhavisayattā, itare pana kāyūpalakkhitatāya ‘‘kāyo’’ti veditabbā. Uttānameva heṭṭhā vuttanayattā.	"탐욕이 연이어 발생하기 때문에 복수의 의미로 ""탐욕의 법들(lobhadhammā)""이라고 설해졌다. ""발생한다(uppajjanti)""라는 의미이기도 하다. 왜냐하면 발생하는 탐욕의 법이 자신의 원인과 조건을 파악하게 하고 알게 하는 것처럼 압도하며 진행되기 때문이다. ""바로 이 몸을(imameva kāyaṃ)""이라는 여기서 '몸(kāya)'이라는 단어는 오직 무리의 의미이다. 자궁 등의 장소들에서 발생하는 법들의 무리가 대상이기 때문이다. 그러나 다른 것들은 몸으로 특징지어지기 때문에 ""몸(kāyo)""이라고 알아야 한다. 앞에서 설해진 방법이기 때문에 분명할 뿐이다."	"탐욕이 연이어 발생하기 때문에 복수형을 써서 ""탐욕의 법들""이라고 설해졌다. 이는 ""발생한다""라는 의미이기도 하다. 왜냐하면 발생하는 탐욕의 법이 자신의 원인과 조건을 파악하게 하고 알게 하는 것처럼 대상을 압도하며 진행되기 때문이다. ""바로 이 몸을""이라는 구절에서 '몸(kāya)'이라는 단어는 오직 무리(samūha)의 의미로 쓰였다. 자궁 등의 장소에서 발생하는 법들의 무리가 그 대상이기 때문이다. 그러나 다른 것들은 몸으로 특징지어지기 때문에 ""몸""이라고 알아야 한다. 나머지는 앞에서 설해진 방법과 같으므로 그 의미가 명백하다."	gloss: states of greed; ko: 탐욕의 법들; note: 탐욕이 연이어 일어남을 나타내기 위해 복수형으로 쓰인 이유를 설명하는 문맥이다.; pali: lobhadhammā | gloss: collection; ko: 무리; note: kāya(몸)의 어원적 의미 중 하나로 설명되었다.; pali: samūha | gloss: body; ko: 몸; note: 여기서는 신체라는 의미와 함께 법들의 무리라는 의미를 동시에 가진다.; pali: kāya | gloss: womb; ko: 자궁; note: 법들이 발생하는 장소의 예시로 쓰였다.; pali: gabbhāsaya | gloss: clear; ko: 분명한; note: 앞선 설명으로 인해 의미가 명백함을 나타낸다.; pali: uttāna	aparāparuppattiyā는 aparāpara(연이은)와 uppatti(발생)의 복합어로, 여성형 단수 탈격이 원인(~때문에)을 나타낸다. | vuttanayattā는 vutta(설해진)와 naya(방법)에 추상명사 접미사 -ttā가 결합하여 원인(~때문에)을 나타낸다.	주석서는 '몸(kāya)'이라는 단어가 단순히 물질적 육체만이 아니라, 함께 발생하는 법들의 무리(samūha)라는 의미를 지닌다고 설명한다.	sahati pavattatīti에서 sahati를 '압도하며'로 해석했으나, 문맥상 정확한 뉘앙스가 다소 불확실하다.	
299	vri:romn:s0203t.tik:0b36144deb97	romn/s0203t.tik.xml	e0c046c1712b463c8b21b8f313511c5e6d3a7506abc98e04f29feceb9730d491	tika	prose	long	representative	representative_stratified	sutta	Majjhimanikāye	succeeded	True	False	125. Rūpapariggahova kathito, na aññaṃ kiñcīti attho. Idāni tato saccāni niddhāretvā catusaccakammaṭṭhānaṃ dassetuṃ, ‘‘sabbāpī’’tiādi vuttaṃ. Pañcakkhandhā hontīti addhekādasa dhātuyo rūpakkhandho, addhaṭṭhamā dhātuyo yathārahaṃ vedanādayo cattāro arūpino khandhāti evaṃ aṭṭhārasa dhātuyo pañcakkhandhā honti. Pañcapi khandhā taṇhāvajjā dukkhasaccaṃ. Appavattīti appavattinimittaṃ. Nirodhapajānanāti paññāsīsena maggakiccamāha. Sammādiṭṭhipamukho hi ariyamaggo. Matthakaṃ pāpetvā kathitaṃ hoti sammasanassa bhūmiyā nipphattiyā ca kathitattā. Jānāti passatīti iminā ñāṇadassanaṃ kathitaṃ taṃ pana lokiyaṃ lokuttaranti duvidhanti tadubhayampi dassento āha – ‘‘saha vipassanāya maggo vutto’’ti.	오직 물질의 파악만이 설해졌고, 다른 어떤 것도 아니라는 뜻이다. 이제 거기서 진리들을 이끌어내어 사성제 명상주제를 보여주기 위해 '모든 것도' 등이 설해졌다. '다섯 무더기가 된다'는 것은 열 개 반의 요소들이 물질의 무더기이고, 일곱 개 반의 요소들이 적절하게 느낌 등의 네 가지 정신적 무더기들이라고, 이와 같이 열여덟 가지 요소들이 다섯 무더기가 된다. 갈애를 제외한 다섯 무더기 모두가 괴로움의 진리이다. '비발생'이라는 것은 비발생의 표상이다. '소멸을 꿰뚫어 앎'이라는 것은 통찰지를 우두머리로 하여 도의 역할을 말한 것이다. 참으로 성스러운 도는 바른 견해를 선두로 하기 때문이다. 관찰의 토대와 성취가 설해졌기 때문에 정점에 도달하게 하여 설해진 것이다. '알고 본다'라는 이것으로 지견이 설해졌는데, 그런데 그것은 세간적, 출세간적이라는 두 가지라고, 그 둘 모두를 보여주면서 '위빠사나와 함께 도가 설해졌다'라고 말했다.	오직 물질의 파악만이 설해졌고, 다른 어떤 것도 아니라는 뜻이다. 이제 거기서 진리들을 이끌어내어 사성제 명상주제를 보여주기 위해 '모든 것도' 등이 설해졌다. '다섯 무더기가 된다'는 것은 열 개 반의 요소들이 물질의 무더기이고, 일곱 개 반의 요소들이 적절하게 느낌 등의 네 가지 정신적 무더기들이라고 하여, 이와 같이 열여덟 가지 요소들이 다섯 무더기가 된다는 것이다. 갈애를 제외한 다섯 무더기 모두가 괴로움의 진리이다. '비발생'이라는 것은 비발생의 표상이다. '소멸을 꿰뚫어 앎'이라는 것은 통찰지를 우두머리로 하여 도의 역할을 말한 것이다. 참으로 성스러운 도는 바른 견해를 선두로 하기 때문이다. 관찰의 토대와 성취가 설해졌기 때문에 정점에 도달하게 하여 설해진 것이다. '알고 본다'라는 이것으로 지견이 설해졌는데, 그런데 그것은 세간적, 출세간적이라는 두 가지라고, 그 둘 모두를 보여주면서 '위빠사나와 함께 도가 설해졌다'라고 말했다.	gloss: ten and a half; ko: 열 개 반; note: 18계 중 물질의 무더기에 해당하는 10.5계를 가리킨다.; pali: addhekādasa | gloss: seven and a half; ko: 일곱 개 반; note: 18계 중 정신적 무더기에 해당하는 7.5계를 가리킨다.; pali: addhaṭṭhamā | gloss: meditation subject of the four noble truths; ko: 사성제 명상주제; note: 사성제를 대상으로 하는 명상주제를 의미한다.; pali: catusaccakammaṭṭhāna | gloss: comprehension, exploring; ko: 관찰; note: 현상을 무상·고·무아로 파악하는 관찰을 의미한다.; pali: sammasana	addhekādasa는 addha(반)와 ekādasa(11)의 복합어로 10.5를 의미하며, addhaṭṭhamā는 addha(반)와 aṭṭhama(8번째)의 복합어로 7.5를 의미한다. | taṇhāvajjā는 taṇhā(갈애)와 vajja(제외된)의 복합어로, 갈애를 제외한 나머지를 뜻한다.	18계 중 10.5계(10가지 물질적 계와 법계의 물질적 부분)가 물질의 무더기(색온)에 해당하고, 7.5계(7가지 마음의 계와 법계의 정신적 부분)가 정신적 무더기(명온)에 해당함을 설명하고 있다. | 갈애는 집성제에 해당하므로, 이를 제외한 나머지 오온이 고성제에 해당한다고 명시하고 있다.		
300	vri:romn:s0401t.tik:17f84e8ea364	romn/s0401t.tik.xml	7e43bb18963dd4c2505c9c68fe627a57e453189ec734787ccb337cc6ca4ecd26	tika	prose	long	representative	representative_stratified	sutta	Aṅguttaranikāye	succeeded	True	False	Rattāti vatthaṃ viya raṅgajātena cittassa vipariṇāmakarena chandarāgena rattā sārattā. Giddhāti abhikaṅkhanasabhāvena abhigijjhanena giddhā gedhaṃ āpannā. Gadhitāti ganthitā viya dummocanīyabhāvena tattha paṭibaddhā. Mucchitāti kilesavasena visaññibhūtā viya anaññakiccā mohamāpannā. Ajjhopannāti anaññasādhāraṇe viya katvā gilitvā pariniṭṭhāpetvā ṭhitā. Laggāti vaṅkakaṇṭake viya āsattā, mahāpalipe yāva nāsikaggā palipannapuriso viya uddharituṃ asakkuṇeyyabhāvena nimuggā. Laggitāti makkaṭālepe ālaggabhāvena sammasito viya makkaṭo pañcannaṃ indriyānaṃ vasena ālaggitā. Palibuddhāti sambaddhā, upaddutā vā. Āvutāti āvaritā. Nivutāti nivāritā. Ovutāti paliguṇṭhitā, pariyonaddhā vā. Pihitāti pidahitā. Paṭicchannāti chāditā. Paṭikujjitāti heṭṭhāmukhajātā.	'물들었다(rattā)'라는 것은 염료에 의해 천이 [물들 듯이], 마음의 변화를 만드는 열의와 탐욕에 의해 물들고 강하게 물든 것이다. '탐착했다(giddhā)'라는 것은 갈망하는 성질을 가진 탐냄에 의해 탐착하고 탐욕에 빠진 것이다. '얽매였다(gadhitā)'라는 것은 매듭지어진 것처럼 풀기 어려운 상태로 인해 그곳에 결박된 것이다. '미혹되었다(mucchitā)'라는 것은 번뇌의 힘으로 인해 의식을 잃은 자처럼 다른 할 일이 없이 어리석음에 빠진 것이다. '빠져들었다(ajjhopannā)'라는 것은 다른 이들과 공유하지 않는 것처럼 만들어 삼키고 끝내버리고서 머무는 것이다. '걸렸다(laggā)'라는 것은 굽은 가시에 걸린 것처럼 집착하고, 큰 늪에 코끝까지 빠진 사람처럼 끌어올릴 수 없는 상태로 인해 가라앉은 것이다. '들러붙었다(laggitā)'라는 것은 원숭이 덫에 들러붙은 상태로 인해 [그것을] 만진 원숭이처럼 다섯 가지 기능의 힘으로 들러붙은 것이다. '방해받았다(palibuddhā)'라는 것은 함께 묶이거나, 혹은 핍박받은 것이다. '가로막혔다(āvutā)'라는 것은 장애를 받은 것이다. '덮였다(nivutā)'라는 것은 저지당한 것이다. '둘러싸였다(ovutā)'라는 것은 에워싸이거나, 혹은 얽어매인 것이다. '닫혔다(pihitā)'라는 것은 닫혀진 것이다. '은폐되었다(paṭicchannā)'라는 것은 가려진 것이다. '뒤집혔다(paṭikujjitā)'라는 것은 아래로 향하게 된 것이다.	'물들었다(rattā)'라는 것은 염료에 의해 천이 물들 듯이, 마음을 변화시키는 열의와 탐욕에 의해 물들고 강하게 물든 것을 말한다. '탐착했다(giddhā)'라는 것은 갈망하는 성질을 가진 탐냄에 의해 탐착하고 탐욕에 빠진 것을 말한다. '얽매였다(gadhitā)'라는 것은 매듭지어진 것처럼 풀기 어려운 상태가 되어 그곳에 결박된 것을 말한다. '미혹되었다(mucchitā)'라는 것은 번뇌의 힘으로 인해 의식을 잃은 자처럼 다른 할 일이 없이 어리석음에 빠진 것을 말한다. '빠져들었다(ajjhopannā)'라는 것은 다른 이들과 공유하지 않는 것처럼 독차지하여 삼키고 끝내버리고서 머무는 것을 말한다. '걸렸다(laggā)'라는 것은 굽은 가시에 걸린 것처럼 집착하고, 큰 늪에 코끝까지 빠진 사람처럼 끌어올릴 수 없는 상태가 되어 가라앉은 것을 말한다. '들러붙었다(laggitā)'라는 것은 원숭이 덫(끈끈이)에 들러붙은 상태가 되어 그것을 만진 원숭이처럼 다섯 가지 기능(오근)의 힘으로 들러붙은 것을 말한다. '방해받았다(palibuddhā)'라는 것은 함께 묶이거나 혹은 핍박받은 것을 말한다. '가로막혔다(āvutā)'라는 것은 장애를 받은 것을 말한다. '덮였다(nivutā)'라는 것은 저지당한 것을 말한다. '둘러싸였다(ovutā)'라는 것은 에워싸이거나 혹은 얽어매인 것을 말한다. '닫혔다(pihitā)'라는 것은 닫혀진 것을 말한다. '은폐되었다(paṭicchannā)'라는 것은 가려진 것을 말한다. '뒤집혔다(paṭikujjitā)'라는 것은 아래로 향하게 된 것을 말한다.	gloss: desire and lust; ko: 열의와 탐욕; note: chanda(열의)와 rāga(탐욕)의 복합어.; pali: chandarāga | gloss: defilement; ko: 번뇌; note: 마음을 오염시키는 심리적 요소들을 가리킨다.; pali: kilesa | gloss: faculty; ko: 기능; note: 이 문맥에서는 감각 대상을 인식하는 다섯 가지 감각 기능(오근)을 의미한다.; pali: indriya | gloss: monkey-tar; ko: 원숭이 덫; note: 원숭이를 잡기 위해 바르는 끈끈이(피치)를 의미하는 비유적 표현.; pali: makkaṭālepa	이 단락은 주석서의 전형적인 형태인 '[설명할 단어]-ti [설명]'의 구조가 연속적으로 나열되어 있다. | vipariṇāmakarena는 vipariṇāma(변화)와 kara(만드는 것)의 복합어로, chandarāgena를 수식하는 형용사 역할을 한다.	원숭이와 끈끈이(makkaṭālepa)의 비유는 상응부(SN 47.7) 등에서 중생들이 다섯 가지 감각 대상에 어떻게 얽매이게 되는지를 설명할 때 자주 등장하는 유명한 비유이다.	anaññasādhāraṇe viya katvā는 직역하면 '다른 이들과 공통되지 않은 것처럼 만들어서'이며, 문맥상 대상을 독점적으로 취하여 집착하는 상태를 묘사한 것으로 해석하였다.	
